variante,familia,grupo,auc_favor,auc_contra,auc_mes_med,auc_mes_dp,meses_mesmo_sinal,dir_ou_so_anda
hora_aj,relogio_hora,relogio,0.46064716593441474,0.4824083854716828,0.4581987542810038,0.0814718209885568,3,ANDA(ambos)
manha,relogio_manha,relogio,0.5144969178597083,0.5158636006608706,0.5151069114231336,0.047910356497811134,3,ANDA(ambos)
tarde,relogio_tarde,relogio,0.47469053306827486,0.4968599622617661,0.47210639290209394,0.061208541424732935,4,ANDA(ambos)
m0030,relogio_m0030,relogio,0.505944605001587,0.4813376307972879,0.5044048149955279,0.013682380733228458,4,DIRECAO
rh_M5,vol_rh,volatilidade,0.5199119627136198,0.45987468739561044,0.5212484142440645,0.0334490717806259,4,DIRECAO
rh_M15,vol_rh,volatilidade,0.5357703680192446,0.4826024936124879,0.5352048001247255,0.03844996808374661,5,DIRECAO
vol30_300,vol_30_300,volatilidade,0.5304756018108618,0.493347056327474,0.5233063903679013,0.07244507159985278,4,DIRECAO
onda_5,vol_onda,volatilidade,0.4895746281129868,0.4546849708058735,0.48643600150275484,0.061001406704298176,4,ANDA(ambos)
onda_10,vol_onda,volatilidade,0.511068026073876,0.452831432824604,0.5117312774516973,0.05083172000086665,4,DIRECAO
onda_15,vol_onda,volatilidade,0.5240439578806618,0.46127894120707597,0.5272546617586077,0.053656181644190504,4,DIRECAO
onda_30,vol_onda,volatilidade,0.5226800935985292,0.47029009856630827,0.5268030769609308,0.05040550942775498,4,DIRECAO
onda_60,vol_onda,volatilidade,0.5346983118836705,0.46972373973869813,0.5381626460854356,0.03365707184056748,5,DIRECAO
vela_5,vol_vela,volatilidade,0.4887622993267737,0.4808735769164793,0.48510983458748225,0.053706540164352404,4,ANDA(ambos)
vela_10,vol_vela,volatilidade,0.49951220327091095,0.4775737385227919,0.5019719114012681,0.03601523136870888,3,ANDA(ambos)
vela_20,vol_vela,volatilidade,0.517109637326473,0.4787465128246797,0.5247371473422272,0.03622701909962743,5,DIRECAO
vela_30,vol_vela,volatilidade,0.5230692771587511,0.4710435795346822,0.5314778741788652,0.025188721325172553,5,DIRECAO
caixa_10,vol_caixa,volatilidade,0.5283503259234498,0.5215315715689675,0.5159432474881648,0.03989515137914334,4,ANDA(ambos)
caixa_20,vol_caixa,volatilidade,0.5485333444760154,0.5144877659266968,0.540596428634466,0.043560808906193405,5,ANDA(ambos)
caixa_30,vol_caixa,volatilidade,0.5363362861440749,0.508005802693953,0.5319128346755065,0.06264495799886431,5,ANDA(ambos)
caixa_60,vol_caixa,volatilidade,0.5468836703994652,0.507466542374841,0.5344772601788705,0.07589657086198749,4,ANDA(ambos)
recuo,est_recuo,estrutura,0.49515961978583717,0.5017379449816275,0.4882723832665065,0.04867390773546496,3,DIRECAO
leg,est_leg,estrutura,0.5156253654299127,0.4231900544405623,0.5104798599339699,0.055584240355420506,4,DIRECAO
leg_age,est_leg_age,estrutura,0.4534120712985082,0.4565658207163042,0.4593493629646935,0.05004702295754412,5,ANDA(ambos)
E_age,est_E_age,estrutura,0.4655526970815723,0.4881467638110199,0.4653610061688899,0.06377661152106384,3,ANDA(ambos)
depth,est_depth,estrutura,0.4909916306109153,0.5561460054350279,0.4902009633601458,0.0622525095132741,4,DIRECAO
ordem,est_ordem,estrutura,0.5099764454319172,0.4333938228469796,0.5068546254736991,0.04557600770721779,3,DIRECAO
fundo_dif,est_fundo_dif,estrutura,0.5315988478536281,0.5045305391059435,0.539460522260572,0.0763487172814514,4,ANDA(ambos)
n_piv,est_n_piv,estrutura,0.4967165600307379,0.5479681843214792,0.481101128917998,0.06029673199374191,4,DIRECAO
raso_a,est_raso,estrutura,0.5310135146422545,0.49200003611314247,0.5312650400260058,0.08171946834106428,4,DIRECAO
raso_b,est_raso,estrutura,0.523591319891081,0.5108339427426126,0.5235309808743461,0.03828896947678906,5,ANDA(ambos)
raso_c,est_raso,estrutura,0.5110497652895876,0.5072993689228352,0.5087124963863716,0.03404133647215478,4,ANDA(ambos)
raso_d,est_raso,estrutura,0.5048788025592623,0.5138195967967643,0.5044980220007899,0.07098429480102078,4,ANDA(ambos)
dvwap,est_dvwap,esticamento,0.4913315848382085,0.4402192067748255,0.497188194731595,0.04350345420725859,3,ANDA(ambos)
sub_15,est_sub,esticamento,0.5114272949101282,0.48378249044778987,0.5068574390715984,0.035807357878700416,4,DIRECAO
sub_30,est_sub,esticamento,0.5107641815370704,0.4837337148881693,0.5141679594135139,0.0513911117435953,3,DIRECAO
sub_60,est_sub,esticamento,0.5376085262383791,0.5022465656730195,0.5359852035828722,0.07770871298554892,3,ANDA(ambos)
dext,est_dext,esticamento,0.49910208650039256,0.546095717884131,0.48668040964093007,0.0605532123483709,4,DIRECAO
pos_dia,est_pos,esticamento,0.5120913449491321,0.4490272022245696,0.5228902353782002,0.06018484985835692,4,DIRECAO
estic_1.0_200,est_esticado,esticamento,0.5100374200230534,0.5036745122468694,0.5172111337236811,0.04276897001314457,4,ANDA(ambos)
estic_1.0_300,est_esticado,esticamento,0.49671906583585307,0.49834782373175157,0.50149695455751,0.03234665264978537,3,ANDA(ambos)
estic_1.0_400,est_esticado,esticamento,0.4976579074856751,0.49383458375089156,0.5027177821591811,0.02758677075567558,3,ANDA(ambos)
estic_1.5_200,est_esticado,esticamento,0.5101401580327759,0.5004207181098381,0.5170448858318176,0.04331586618270946,4,ANDA(ambos)
estic_1.5_300,est_esticado,esticamento,0.49849401112577474,0.49691503480404103,0.5026769591970263,0.032086011366970826,3,ANDA(ambos)
estic_1.5_400,est_esticado,esticamento,0.49923322363475386,0.4903866814730551,0.5034631921210208,0.02649344179062119,3,ANDA(ambos)
estic_2.0_200,est_esticado,esticamento,0.5079124972853778,0.5010319330462338,0.5137629477074598,0.03588684140565615,4,ANDA(ambos)
estic_2.0_300,est_esticado,esticamento,0.49871535724428256,0.49805891859194856,0.5017471080436443,0.025196897127528303,3,ANDA(ambos)
estic_2.0_400,est_esticado,esticamento,0.4981599037770836,0.4923151232812401,0.5011545471596571,0.019851313009487406,3,ANDA(ambos)
saldo_5,micro_saldo,micro,0.4804429216112318,0.5259287562145912,0.4802772828749135,0.05527617124535527,3,DIRECAO
saldo_10,micro_saldo,micro,0.48905482199565437,0.4798504523644352,0.4856673424955557,0.0279905545429769,5,ANDA(ambos)
saldo_15,micro_saldo,micro,0.48956459969914756,0.4824690715689675,0.48672398538382394,0.03001601845337015,5,ANDA(ambos)
saldo_20,micro_saldo,micro,0.4875146247701822,0.48036713059313213,0.4902061073426716,0.04855221639389981,4,ANDA(ambos)
dcorpo_5,fluxo_dcorpo,fluxo,0.500431221795086,0.5319617874898832,0.5023889315387523,0.05497607747329034,2,ANDA(ambos)
dcorpo_10,fluxo_dcorpo,fluxo,0.49945512284806953,0.4871065296566077,0.49633822981836534,0.04389168370627433,3,ANDA(ambos)
dcorpo_30,fluxo_dcorpo,fluxo,0.5209409994985793,0.47469721933171466,0.5270810017131727,0.05507198638091982,5,DIRECAO
tvr_5,fluxo_tvr,fluxo,0.4931121510947685,0.4845014597063244,0.4933721914923535,0.05729247212727921,3,ANDA(ambos)
tvr_10,fluxo_tvr,fluxo,0.5119287982617416,0.48429731760897216,0.5118812843109948,0.05441780020218405,4,DIRECAO
tvr_30,fluxo_tvr,fluxo,0.5301704830352666,0.48994645334720777,0.5413626663430452,0.054101555456645904,5,DIRECAO
emaal_M5_s1,med_al_M5,medias,0.502903392860126,0.4541435316847684,0.5075965600328644,0.035607966540804455,4,DIRECAO
emaal_M5_s2,med_al_M5,medias,0.5045304956482518,0.45354495634823905,0.5086885708326877,0.041454359935983925,3,DIRECAO
emaal_M5_s3,med_al_M5,medias,0.4946359065167638,0.46249830719644647,0.49868721727782783,0.02567781302174504,2,ANDA(ambos)
emaal_M5_s4,med_al_M5,medias,0.4972035214914552,0.4679938246526367,0.5020599028578728,0.027503362964659567,2,ANDA(ambos)
emadi_M5_s1,med_di_M5,medias,0.527228078381584,0.44377996262289754,0.5334411040318062,0.07428429029852826,3,DIRECAO
emadi_M5_s2,med_di_M5,medias,0.5275605151935316,0.4447189043272573,0.5337195804952805,0.07493081943153408,3,DIRECAO
emadi_M5_s3,med_di_M5,medias,0.5238452414760862,0.43962153426685807,0.5307335459788657,0.06748047371171118,4,DIRECAO
emadi_M5_s4,med_di_M5,medias,0.5260854312490604,0.44033296317362297,0.5327505006484307,0.07038376001527819,4,DIRECAO
emaal_M15_s1,med_al_M15,medias,0.4974106680476437,0.4668698030930907,0.49780742189088173,0.029746657621406263,4,ANDA(ambos)
emaal_M15_s2,med_al_M15,medias,0.49571674378977965,0.46555709036411075,0.4964021094471461,0.02904690380404946,4,ANDA(ambos)
emaal_M15_s3,med_al_M15,medias,0.4994771219992984,0.4676182479708928,0.5007131201063677,0.024200213225435835,3,ANDA(ambos)
emaal_M15_s4,med_al_M15,medias,0.49453734484889994,0.4698744165470419,0.4941575444117965,0.02572676850423696,4,ANDA(ambos)
emadi_M15_s1,med_di_M15,medias,0.5115417383605353,0.4419201357854157,0.5170152339686345,0.04975857675092667,4,DIRECAO
emadi_M15_s2,med_di_M15,medias,0.5126493042214464,0.44143260836199816,0.518501709807952,0.051139279825895036,4,DIRECAO
emadi_M15_s3,med_di_M15,medias,0.5045939760445031,0.4450312830096693,0.505914687730402,0.03981010256638633,4,DIRECAO
emadi_M15_s4,med_di_M15,medias,0.5073821018693306,0.4439388604497892,0.5105189498559507,0.044510057425528604,4,DIRECAO
emaal_H1_s1,med_al_H1,medias,0.500113596498555,0.49302023238807186,0.4950094493575318,0.07400522150388265,4,DIRECAO
emaal_H1_s2,med_al_H1,medias,0.5021867325971835,0.48901257640186707,0.49913016393947557,0.0643806183446031,4,DIRECAO
emaal_H1_s3,med_al_H1,medias,0.502430630961728,0.4933380280418551,0.4947402542214121,0.07302341673272496,4,DIRECAO
emaal_H1_s4,med_al_H1,medias,0.5043626067055345,0.4911270008938003,0.4956900244002598,0.07260171347869937,4,DIRECAO
emadi_H1_s1,med_di_H1,medias,0.49769716509914635,0.45729530619430675,0.49654909468385106,0.03275292463483531,4,ANDA(ambos)
emadi_H1_s2,med_di_H1,medias,0.4981532216301098,0.4571436309959102,0.49724019202600095,0.03249555046503035,4,ANDA(ambos)
emadi_H1_s3,med_di_H1,medias,0.49581279965252834,0.46096079015555735,0.4936320448323734,0.03175642813529746,4,ANDA(ambos)
emadi_H1_s4,med_di_H1,medias,0.49657790548103103,0.4597257206828995,0.49473573784978825,0.032062563614238475,4,ANDA(ambos)
gap_atr,dia_gap,dia,0.5033151801673877,0.5143784476765707,0.4861117905202839,0.046296308707943636,3,ANDA(ambos)
gap_abs,dia_gapabs,dia,0.5194024490068659,0.4952529274216119,0.5248483513585724,0.06334792240309436,3,DIRECAO
rdia,dia_rdia,dia,0.5271036233941966,0.4696496122351327,0.5263693995557466,0.05443088981459972,3,DIRECAO
seg,dia_seg,dia,0.48631245719249594,0.5085055478815128,0.48280668171552343,0.041858944588027094,3,DIRECAO
sex,dia_sex,dia,0.47119744073770903,0.5026543159719401,0.47625257446451713,0.022767681766887645,5,DIRECAO
ctrl_ruido1,ctrl_ruido1,controle,0.5063730976762834,0.5345503462347535,0.5068140352536615,0.03083824530806329,4,ANDA(ambos)
ctrl_ruido2,ctrl_ruido2,controle,0.5235779555971334,0.5332954145337342,0.5253118378926717,0.029001656118266106,5,ANDA(ambos)
