capital,trades,liquido,equity_final,equity_min,dias_cobertos,pulou,zerou
30.0,22,15.68700000000001,45.68700000000001,30.0,842,834,False
50.0,165,141.86600000000013,191.86599999999999,50.0,842,801,False
100.0,550,476.24350000000044,576.2435000000012,100.0,842,720,False
200.0,1628,1079.431500000001,1279.431500000003,158.8345,842,440,False
375.0,2001,1123.564000000001,1498.5640000000012,356.07649999999995,842,300,False
500.0,2093,1097.5035000000012,1597.5035000000018,452.2285,842,237,False
750.0,2370,980.0420000000028,1730.0420000000036,595.6620000000016,842,61,False
1000.0,2486,855.778000000003,1855.778000000002,718.7925000000021,842,0,False
1500.0,2486,857.3230000000029,2357.323000000002,1218.792500000002,842,0,False
2000.0,2486,857.3230000000029,2857.323000000002,1718.792500000002,842,0,False
3000.0,2486,857.3230000000029,3857.323000000002,2718.792500000002,842,0,False
5000.0,2486,857.3230000000029,5857.323000000002,4718.792500000002,842,0,False
10000.0,2486,857.3230000000029,10857.323000000002,9718.792500000001,842,0,False
