tf,dias,modo,agg,inicio_baseline,barras_sem_baseline_hist,aj_n,aj_nan,aj_sd,aj_mad,aj_mae,aj_mean,te_n,te_nan,te_sd,te_mad,te_mae,te_mean
M1,1,hora,media,2021-10-04,566,36401,0,0.7317772338905392,0.698883482686808,0.4721564826068366,-0.0016607942481954355,34355,0,0.6864358635314481,0.6608548694010551,0.44578652592265033,0.0009063978258538761
M1,2,hora,media,2021-10-05,1132,36401,0,0.640880242622323,0.6113339010774065,0.4140724399627048,-0.06527485767196897,34355,0,0.6115364978901536,0.5894273298679898,0.4024077733234111,-0.05556659139918441
M1,3,hora,media,2021-10-06,1698,36401,0,0.6080312489838546,0.5797581126837066,0.3963485620037536,-0.08870916961381897,34355,0,0.5786343938786451,0.5579167206418729,0.380075874103345,-0.07748930132506714
M1,4,hora,media,2021-10-07,2263,36401,0,0.585357923810269,0.5634099744182672,0.3853701507032024,-0.10109351403614975,34355,0,0.5591420640547173,0.5419363230518581,0.3687383113943942,-0.09031665684938736
M1,6,hora,media,2021-10-11,3393,36401,0,0.5687831201046131,0.5477910843269963,0.3776070916171515,-0.11159643249626675,34355,0,0.5384994471500403,0.5231920910905706,0.3581635429009445,-0.10737823174569902
M1,8,hora,media,2021-10-14,4523,36401,0,0.5580538280679548,0.5418420051368691,0.3731782617654659,-0.11810175986386341,34355,0,0.5297023083180507,0.5137833912654606,0.35585194957676713,-0.11802382372002769
M1,10,hora,media,2021-10-18,5653,36401,0,0.5513138303170283,0.5344214589744455,0.3702119178918727,-0.12337535801430102,34355,0,0.5238071156963027,0.5089588524937407,0.3534123547369543,-0.12537239219895924
M1,15,hora,media,2021-10-25,8478,36401,0,0.5424542418588146,0.5247396012809002,0.3666374511852224,-0.13301167174035697,34355,0,0.5167217012658241,0.5055172154483653,0.3526853788221344,-0.1361574482427154
M1,20,hora,media,2021-11-01,11303,36401,0,0.5382382513068029,0.5214003586356104,0.36692831597942416,-0.14079832088320302,34355,0,0.5157970284525373,0.5065656436626068,0.35357159772405145,-0.1439901922271085
M1,30,hora,media,2021-11-17,16953,36401,0,0.5348136368580254,0.519386372904549,0.36738510021660215,-0.1517446009816533,34355,0,0.5177502833195002,0.5102748252959076,0.3584665648092528,-0.160430677615072
M1,1,hora,mediana,2021-10-04,566,36401,0,0.7317772338905392,0.698883482686808,0.4721564826068366,-0.0016607942481954355,34355,0,0.6864358635314481,0.6608548694010551,0.44578652592265033,0.0009063978258538761
M1,2,hora,mediana,2021-10-05,1132,36401,0,0.640880242622323,0.6113339010774065,0.4140724399627048,-0.06527485767196897,34355,0,0.6115364978901536,0.5894273298679898,0.4024077733234111,-0.05556659139918441
M1,3,hora,mediana,2021-10-06,1698,36401,0,0.6227090360581508,0.591526816663518,0.3989450091641134,0.006304370565293615,34355,0,0.5936773000404212,0.5775282412052899,0.38939424012184065,0.006854511381022172
M1,4,hora,mediana,2021-10-07,2263,36401,0,0.5885890036730561,0.5623180602046653,0.3805357554714821,-0.013985557872336917,34355,0,0.5608036235556636,0.5488759227048814,0.36926306190072355,-0.01236310101590959
M1,6,hora,mediana,2021-10-11,3393,36401,0,0.5726743059473103,0.5502207997411245,0.37162810769619886,0.0011599906240926418,34355,0,0.5405631073189839,0.5256838584220949,0.35455292722733456,-0.006131791306146686
M1,8,hora,mediana,2021-10-14,4523,36401,0,0.5612510532564013,0.5421492384680917,0.36625891339161604,0.00751457459640645,34355,0,0.5317710191593981,0.5176202927818484,0.3490623919635898,-0.00752057421294702
M1,10,hora,mediana,2021-10-18,5653,36401,0,0.5538930841819786,0.5336931005020248,0.36014044531753947,0.009412479493744564,34355,0,0.5251973002927679,0.5116089498646568,0.34486713599609475,-0.009742745416704899
M1,15,hora,mediana,2021-10-25,8478,36401,0,0.5452404725431702,0.5258011319783255,0.35488083670813847,0.009842039817327668,34355,0,0.5184828658322113,0.5028603968471966,0.341001643703562,-0.012967526902169606
M1,20,hora,mediana,2021-11-01,11303,36401,0,0.5389730002480201,0.5190427829298776,0.35109670520878145,0.0041151634283609845,34355,0,0.5156193310580298,0.500980927196648,0.3380731756103143,-0.019334027913921276
M1,30,hora,mediana,2021-11-17,16953,36401,0,0.5346595938755916,0.5138583127451195,0.3476946991450754,-0.004098445416898577,34355,0,0.5175500823230406,0.5085299863472158,0.34224764888040754,-0.03428460048197779
M1,1,semana,media,2021-10-08,2826,36401,0,0.737807242497374,0.7067504212852834,0.47690050191600675,0.002589514465733792,34355,0,0.6924534310295889,0.667397808068036,0.44972965919351954,-0.017282545550212868
M1,2,semana,media,2021-10-15,5652,36401,0,0.6479207400699584,0.6184070970660337,0.41934007202125917,-0.06636023043676031,34355,0,0.6094193179234823,0.5817220532004038,0.39743669027234996,-0.0818354713106544
M1,3,semana,media,2021-10-22,8478,36401,0,0.6118849936192495,0.5890534369887133,0.4028069004033104,-0.09494829622016089,34355,0,0.5797281338909296,0.5560891834065158,0.38108041667984077,-0.10563050227342129
M1,4,semana,media,2021-10-29,11303,36401,0,0.59357789985887,0.5745137159228888,0.3920496084861793,-0.11275597402719857,34355,0,0.5656689052609173,0.545355324289172,0.374222778847823,-0.1228328976965995
M1,6,semana,media,2021-11-12,16953,36401,0,0.5696568653139217,0.5503799230770783,0.3841019724155565,-0.13284592697995445,34355,0,0.5532449746438196,0.5347679604255009,0.37204452302166097,-0.1482175895716397
M1,8,semana,media,2021-11-26,22603,36401,0,0.5607286827675623,0.5415420036046894,0.38197509804427354,-0.1505059571684154,34355,0,0.5491434159014215,0.5372180053630905,0.3722774298948103,-0.16479594074102757
M1,10,semana,media,2021-12-10,28253,36401,0,0.5552317283917584,0.5414644214849376,0.38536204449165756,-0.17301851061390178,34355,0,0.5484228795171554,0.5371713463117589,0.3747536338061995,-0.17342505182066112
M1,15,semana,media,2022-01-19,42378,36401,0,0.5567021784270975,0.5460539361096967,0.39963735350520585,-0.2307530752501715,34355,0,0.5457969999821831,0.5345726203086116,0.37306323555481524,-0.1720223811537212
M1,20,semana,media,2022-02-23,56503,36401,0,0.5625804038729433,0.5570094286680749,0.4167530063130457,-0.2776467720171544,34355,0,0.5421403120422601,0.5288918437543184,0.367222032960636,-0.16490189825019913
M1,30,semana,media,2022-05-04,84753,36401,0,0.5693186251501812,0.569755870714408,0.42418291209543024,-0.2982565215681962,34355,0,0.52898475367743,0.5212428722272012,0.3603941328304605,-0.15843383391201857
M1,1,semana,mediana,2021-10-08,2826,36401,0,0.737807242497374,0.7067504212852834,0.47690050191600675,0.002589514465733792,34355,0,0.6924534310295889,0.667397808068036,0.44972965919351954,-0.017282545550212868
M1,2,semana,mediana,2021-10-15,5652,36401,0,0.6479207400699584,0.6184070970660337,0.41934007202125917,-0.06636023043676031,34355,0,0.6094193179234823,0.5817220532004038,0.39743669027234996,-0.0818354713106544
M1,3,semana,mediana,2021-10-22,8478,36401,0,0.6252396908852488,0.6020512869481692,0.4068558671836252,-0.0003463263885520421,34355,0,0.5921129306125401,0.5745726656496414,0.387639023483916,-0.02346165554268833
M1,4,semana,mediana,2021-10-29,11303,36401,0,0.5951433786369473,0.5672108228574303,0.3840520624872744,-0.025266819739436928,34355,0,0.5663295811103638,0.5475240843382804,0.3711327291553373,-0.04782275082937066
M1,6,semana,mediana,2021-11-12,16953,36401,0,0.5717423521274111,0.5466092054447532,0.3724487424021379,-0.020911664068264224,34355,0,0.553843643588387,0.5393576773474634,0.3662843143177754,-0.05298496023387425
M1,8,semana,mediana,2021-11-26,22603,36401,0,0.5618361308017471,0.5428209222919406,0.36803684392381075,-0.029308055912323022,34355,0,0.5497003023741448,0.5365671128538374,0.3636959179554919,-0.061333639988238584
M1,10,semana,mediana,2021-12-10,28253,36401,0,0.5555467091288475,0.539837514589549,0.3664640200243987,-0.04724960627558526,34355,0,0.5499671612364669,0.5365254621857114,0.36404950706175776,-0.06607578372863962
M1,15,semana,mediana,2022-01-19,42378,36401,0,0.5537243569116777,0.539385389807571,0.37148935852865217,-0.10169377912342469,34355,0,0.5472462397873616,0.5340635043614551,0.36097174669683757,-0.054604933504686586
M1,20,semana,mediana,2022-02-23,56503,36401,0,0.5547278015671468,0.5463488040633688,0.3808093120727181,-0.15151525170369612,34355,0,0.539340527700849,0.5239890189208025,0.35410545205376714,-0.04234485501593111
M1,30,semana,mediana,2022-05-04,84753,36401,0,0.5555616305086856,0.5525929608001158,0.38540769625055066,-0.16768861938165255,34355,0,0.5214840977639684,0.5158822664289426,0.34722885410371584,-0.02395397142700007
M5,1,hora,media,2021-10-04,114,7303,0,0.4912796181366207,0.448000706251005,0.3023060219138876,-0.0016806260611321405,6893,0,0.45510096710047143,0.41534093715020387,0.2803404079803001,0.0010079480985489588
M5,2,hora,media,2021-10-05,228,7303,0,0.42252561538341743,0.38891241573071894,0.26157568880684,-0.03163974653522205,6893,0,0.40583421761814037,0.3744142933400574,0.2529297531601233,-0.02496428039902686
M5,3,hora,media,2021-10-06,342,7303,0,0.40261231283380844,0.3686505422587213,0.24776714761794455,-0.04189252735247161,6893,0,0.3843550467788927,0.36583458462680896,0.24481947779840962,-0.03502087242399513
M5,4,hora,media,2021-10-07,455,7303,0,0.3850288293775433,0.353218279060213,0.23942820762270428,-0.047257519515559,6893,0,0.37076156233607155,0.35111791261483727,0.23708022422302416,-0.04159574924138787
M5,6,hora,media,2021-10-11,681,7303,0,0.37779288732473404,0.34574099099756433,0.23466118433980557,-0.050304373980370076,6893,0,0.3575254422816229,0.33446392782321305,0.22860290880312858,-0.052140933005988564
M5,8,hora,media,2021-10-14,907,7303,0,0.37174873152918786,0.339146586223814,0.23168918339260577,-0.05290587496682826,6893,0,0.35322899844112743,0.33168081083330964,0.22857848100341616,-0.05943499925993337
M5,10,hora,media,2021-10-18,1133,7303,0,0.36727745545534146,0.3329292897966523,0.22718973224237812,-0.0557974087860003,6893,0,0.34961572510804306,0.3312501154215079,0.2266898287297921,-0.06469720790664722
M5,15,hora,media,2021-10-25,1698,7303,0,0.361402761672589,0.32442110395831064,0.22262810049646753,-0.06211750007855401,6893,0,0.34668722238763017,0.3301307015927672,0.22981202761403896,-0.07259765751713489
M5,20,hora,media,2021-11-01,2263,7303,0,0.3594270461288547,0.32270949297807916,0.2210471722818815,-0.06820333961909168,6893,0,0.3485340573011093,0.33557813178421764,0.2299509431618293,-0.07882207037057067
M5,30,hora,media,2021-11-17,3393,7303,0,0.3583893951472291,0.32101446065277517,0.22415874171295477,-0.07730345346326745,6893,0,0.3552415292112563,0.34671202186058503,0.2348306935753212,-0.09351769115272948
M5,1,hora,mediana,2021-10-04,114,7303,0,0.4912796181366207,0.448000706251005,0.3023060219138876,-0.0016806260611321405,6893,0,0.45510096710047143,0.41534093715020387,0.2803404079803001,0.0010079480985489588
M5,2,hora,mediana,2021-10-05,228,7303,0,0.42252561538341743,0.38891241573071894,0.26157568880684,-0.03163974653522205,6893,0,0.40583421761814037,0.3744142933400574,0.2529297531601233,-0.02496428039902686
M5,3,hora,mediana,2021-10-06,342,7303,0,0.40999474726153967,0.3790910688995206,0.2556789830609151,0.0009417256409952983,6893,0,0.39057212463258145,0.3696333289982125,0.2489264322196912,0.0028242332188907738
M5,4,hora,mediana,2021-10-07,455,7303,0,0.3864821792161521,0.35520787560056566,0.23996144077019838,-0.006706832459547045,6893,0,0.37000791414778333,0.3478171568342809,0.2353813020376919,-0.005430289268622251
M5,6,hora,mediana,2021-10-11,681,7303,0,0.3797378840296661,0.3457180970190423,0.23304761379181485,-0.00023890352609774748,6893,0,0.358409946684896,0.3340131603343385,0.226888551563765,-0.004841341545223817
M5,8,hora,mediana,2021-10-14,907,7303,0,0.37336644463450225,0.33766797807408205,0.2279501643656496,0.0020770955239311855,6893,0,0.3544853133220852,0.32949109120677056,0.2234051010995266,-0.007225946179948944
M5,10,hora,mediana,2021-10-18,1133,7303,0,0.3682530305256322,0.3355212980788182,0.22638119333442536,0.0019128144045622633,6893,0,0.35006709350772824,0.3283361719336915,0.22248071723070947,-0.009711800498474763
M5,15,hora,mediana,2021-10-25,1698,7303,0,0.3637181968955591,0.32796925727389575,0.22164500542072652,-0.0008342224242170479,6893,0,0.34704729906270715,0.32405683765382814,0.21921947470000208,-0.015140803718561524
M5,20,hora,mediana,2021-11-01,2263,7303,0,0.36030412503720316,0.3239692855107432,0.21940489584187797,-0.006197683652184272,6893,0,0.34685027571404287,0.3255952380981972,0.22115063289939102,-0.020763023216279437
M5,30,hora,mediana,2021-11-17,3393,7303,0,0.35746403402709176,0.3199878914767087,0.2161097505753042,-0.01555130160419034,6893,0,0.3520257116730465,0.3370677042641333,0.2257317238825071,-0.03387043696592109
M5,1,semana,media,2021-10-08,566,7303,0,0.49377382156684224,0.4554894283086098,0.30725237983415327,0.0026825001428577746,6893,0,0.4640928260550108,0.42272161449504775,0.28598196231710227,-0.016001583077921662
M5,2,semana,media,2021-10-15,1132,7303,0,0.4301959642917729,0.3986282188786265,0.26720771442458907,-0.03159375582163566,6893,0,0.4059966103311999,0.381725402987034,0.2535383090572792,-0.04988050652970493
M5,3,semana,media,2021-10-22,1698,7303,0,0.40695489750605496,0.3779396627962607,0.2570261488358352,-0.046783443086654226,6893,0,0.38800339669751777,0.36473020334213674,0.24918633711577906,-0.06228256544243733
M5,4,semana,media,2021-10-29,2263,7303,0,0.39613356668970573,0.36301872376367383,0.24577165511899712,-0.05754059657369326,6893,0,0.3817451951730471,0.35890867790137126,0.24396869329185064,-0.07315997787689739
M5,6,semana,media,2021-11-12,3393,7303,0,0.3788624312458047,0.3507068761674131,0.23796519750680867,-0.07024252743776656,6893,0,0.3796830308693716,0.360469509677993,0.2466180545738005,-0.09163579042698036
M5,8,semana,media,2021-11-26,4523,7303,0,0.37514425825254205,0.34954744165042423,0.2354089660526576,-0.08391351982154462,6893,0,0.3803703885490272,0.36303285681314335,0.24652148139176644,-0.10469135089486176
M5,10,semana,media,2021-12-10,5653,7303,0,0.37263833268084656,0.3455559454447441,0.23932383754574188,-0.1037341596787515,6893,0,0.38415385548464903,0.3699842491069073,0.2511821112556715,-0.11128091479240368
M5,15,semana,media,2022-01-19,8478,7303,0,0.38122392960242635,0.3504441281826521,0.2519412450068607,-0.15751094069036872,6893,0,0.3845533569423588,0.37061485744698885,0.25273059622585015,-0.10715323918606202
M5,20,semana,media,2022-02-23,11303,7303,0,0.39076793040663965,0.36493827340142354,0.26902744471966833,-0.20217765997579606,6893,0,0.38176793528713737,0.36417298529411785,0.24730704643594453,-0.09846935015153314
M5,30,semana,media,2022-05-04,16953,7303,0,0.4002619632881829,0.3769832718993622,0.2790091517310243,-0.2207073690916178,6893,0,0.365201579398925,0.34691163847722156,0.23421568293138667,-0.09058723388628297
M5,1,semana,mediana,2021-10-08,566,7303,0,0.49377382156684224,0.4554894283086098,0.30725237983415327,0.0026825001428577746,6893,0,0.4640928260550108,0.42272161449504775,0.28598196231710227,-0.016001583077921662
M5,2,semana,mediana,2021-10-15,1132,7303,0,0.4301959642917729,0.3986282188786265,0.26720771442458907,-0.03159375582163566,6893,0,0.4059966103311999,0.381725402987034,0.2535383090572792,-0.04988050652970493
M5,3,semana,mediana,2021-10-22,1698,7303,0,0.4172201085337345,0.3818812897206983,0.25758503870074656,-0.004155267193135889,6893,0,0.3929755582739986,0.37124110893466855,0.25065021197572407,-0.023794956755661283
M5,4,semana,mediana,2021-10-29,2263,7303,0,0.3970168214431661,0.36577201511198204,0.24461622919487108,-0.01704738367478266,6893,0,0.37970918182557567,0.3631923820890939,0.24157311672816292,-0.03738050573935386
M5,6,semana,mediana,2021-11-12,3393,7303,0,0.3794786828265434,0.3500881179021815,0.23526020844602258,-0.020043779387478276,6893,0,0.3755882976807952,0.3624631572247875,0.24415725616086625,-0.0469243658056281
M5,8,semana,mediana,2021-11-26,4523,7303,0,0.3741655964277061,0.3456303785227407,0.23231499045137305,-0.030380193058319998,6893,0,0.37658449252369647,0.36166128382508367,0.2430764059789445,-0.05592987648371192
M5,10,semana,mediana,2021-12-10,5653,7303,0,0.3700070483484966,0.33991528526191,0.2302302247217268,-0.04776342153349831,6893,0,0.3800397170483024,0.3633190976651748,0.24310593659006968,-0.0613190594576727
M5,15,semana,mediana,2022-01-19,8478,7303,0,0.374203887060643,0.3430938875564938,0.23652552187262058,-0.09622069048338214,6893,0,0.3825862412268121,0.3611684671476461,0.24517166896234333,-0.05365899491482652
M5,20,semana,mediana,2022-02-23,11303,7303,0,0.37959620879584016,0.35079649464326784,0.24558562705638287,-0.1388140767295281,6893,0,0.37895786203218984,0.3530534886405755,0.23649789976059354,-0.04127096974788625
M5,30,semana,mediana,2022-05-04,16953,7303,0,0.38691207507215125,0.3661307870526286,0.25365920431162875,-0.15222710991874996,6893,0,0.36123449249412304,0.33597333483229996,0.2256129185139793,-0.0200984745592066
