grupo,setup,params,saida,is_n,is_exp_r,is_liq,is_win,oos_n,oos_exp_r,oos_liq,oos_win,ativos,ativos_oos_pos,cfgs,nulo_is+oos+
acao|D1,ANTI,modo=310;recuo=2,alvo=2.0 trail=0 max=10,5366.0,-0.08649532903920977,-33977.70538175034,0.42601565411852405,874.0,-0.001504763314357595,5100.773039296551,0.4473684210526316,56.0,0.5178571428571429,264,0.0
acao|D1,ANTI,modo=310;recuo=2,alvo=1.0 trail=0 max=3,6127.0,-0.08670133744642662,-34677.81314873966,0.44736412599967357,980.0,-0.01568922914316449,350.6156222465644,0.49387755102040815,56.0,0.44642857142857145,264,0.0
acao|D1,ANTI,modo=310;recuo=2,alvo=3.0 trail=0 max=10,5347.0,-0.08772955892037682,-28137.645387796438,0.42191883299046196,869.0,0.0074007454155274426,5238.014016892321,0.4441887226697353,56.0,0.5892857142857143,264,0.0
acao|D1,ANTI,modo=310;recuo=2,alvo=1.0 trail=0 max=10,5552.0,-0.08781303956618985,-45875.87145501015,0.4717219020172911,896.0,-0.011124871502452125,549.3129173561217,0.5044642857142857,56.0,0.5357142857142857,264,0.0
etf_indice|D1,ANTI,modo=310;recuo=1,alvo=3.0 trail=0 max=3,103.0,0.0279083684863059,2309.4257999999654,0.49514563106796117,70.0,0.05346293099620238,-1388.7532499999468,0.4714285714285714,3.0,0.6666666666666666,28,0.10714285714285714
etf_indice|D1,ANTI,modo=310;recuo=1,alvo=None trail=0 max=3,103.0,0.02741031023387841,2299.4222999999593,0.49514563106796117,70.0,0.05346293099620238,-1388.7532499999468,0.4714285714285714,3.0,0.6666666666666666,28,0.10714285714285714
etf_indice|D1,ANTI,modo=310;recuo=1,alvo=2.0 trail=0 max=3,103.0,0.017361867915217002,1928.4065499999733,0.49514563106796117,70.0,0.08561298275373301,-779.4651999999876,0.4714285714285714,3.0,0.6666666666666666,28,0.10714285714285714
etf_indice|D1,ANTI,modo=310;recuo=1,alvo=1.0 trail=0 max=3,104.0,-0.019598283815361543,605.1769499999895,0.49038461538461536,72.0,0.03872562030016133,-1190.5442999999993,0.5138888888888888,3.0,0.3333333333333333,28,0.10714285714285714
futuro_dolar|H1,ANTI,modo=stoch;recuo=1,eod alvo=None trail=0,325.0,0.0585974165088222,5932.5,0.5169230769230769,280.0,0.0482127368225027,6045.0,0.46785714285714275,1.0,1.0,80,0.175
futuro_dolar|H1,ANTI,modo=stoch;recuo=1,eod alvo=3.0 trail=0,325.0,0.057126937416391896,5847.5,0.5169230769230769,280.0,0.0373699846694806,5415.0,0.46785714285714275,1.0,1.0,80,0.175
futuro_dolar|H1,ANTI,modo=stoch;recuo=2,eod alvo=None trail=6,200.0,0.0543162430387935,4830.0,0.445,182.0,0.0787375667935251,3714.0,0.4010989010989011,1.0,1.0,80,0.175
futuro_dolar|H1,ANTI,modo=stoch;recuo=2,eod alvo=3.0 trail=6,200.0,0.0529747796241593,4775.0,0.445,182.0,0.0690645134229928,3239.0,0.4010989010989011,1.0,1.0,80,0.175
futuro_dolar|M15,ANTI,modo=stoch;recuo=2,eod alvo=2.0 trail=0,674.0,-0.007112518896637299,2573.0,0.4243323442136498,562.0,-0.0475470985437283,114.0,0.4163701067615658,1.0,0.0,116,0.0
futuro_dolar|M15,ANTI,modo=stoch;recuo=2,eod alvo=3.0 trail=0,651.0,-0.0162305368771915,1714.5,0.41013824884792616,544.0,-0.036663307303821,1313.0,0.4136029411764705,1.0,0.0,116,0.0
futuro_dolar|M15,ANTI,modo=stoch;recuo=2,eod alvo=None trail=0,641.0,-0.0431992214066061,-1440.5,0.4056162246489859,534.0,-0.0129698941185267,2503.0,0.4101123595505618,1.0,0.0,116,0.0
futuro_dolar|M15,HG,adx_min=30.0;modo=inicial,eod alvo=1.0 trail=0,202.0,-0.0527296619068685,-711.0,0.4900990099009901,140.0,-0.2135266421400478,-2010.0,0.4,1.0,0.0,116,0.0
futuro_dolar|M5,ANTI,modo=stoch;recuo=2,eod alvo=None trail=0,1258.0,-0.0752741573471172,-7254.0,0.3227344992050874,1078.0,-0.1532225898978721,-10874.0,0.2903525046382189,1.0,0.0,116,0.0
futuro_dolar|M5,ANTI,modo=stoch;recuo=2,eod alvo=3.0 trail=0,1416.0,-0.0891566025780402,-8848.0,0.3396892655367232,1201.0,-0.1858401005332857,-18340.5,0.302248126561199,1.0,0.0,116,0.0
futuro_dolar|M5,ANTI,modo=310;recuo=1,eod alvo=3.0 trail=0,1561.0,-0.0918148853220434,-14370.5,0.3279948750800768,1307.0,-0.2015514951962089,-14148.5,0.2907421576128539,1.0,0.0,116,0.0
futuro_dolar|M5,ANTI,modo=310;recuo=2,eod alvo=3.0 trail=0,1268.0,-0.0950309755655951,-16114.0,0.3477917981072555,1032.0,-0.1123252456120451,-1356.0,0.3343023255813953,1.0,0.0,116,0.0
futuro_indice|H1,HG,adx_min=25.0;modo=inicial,eod alvo=None trail=6,111.0,0.1335572716238972,2243.5,0.4684684684684684,73.0,-0.0412286433028731,-1165.5,0.273972602739726,1.0,0.0,95,0.010526315789473684
futuro_indice|H1,HG,adx_min=25.0;modo=inicial,eod alvo=None trail=0,109.0,0.1142653751187369,1942.5,0.5045871559633027,71.0,-0.0880287141150519,-1880.5,0.323943661971831,1.0,0.0,95,0.010526315789473684
futuro_indice|H1,HG,adx_min=25.0;modo=inicial,eod alvo=3.0 trail=6,111.0,0.103680296196719,1751.5,0.4684684684684684,73.0,-0.0458656852607119,-1126.5,0.273972602739726,1.0,0.0,95,0.010526315789473684
futuro_indice|H1,HG,adx_min=25.0;modo=inicial,eod alvo=3.0 trail=0,109.0,0.0838401983075737,1450.5,0.5045871559633027,71.0,-0.0977715013512209,-1912.5,0.323943661971831,1.0,0.0,95,0.010526315789473684
futuro_indice|M15,PIN,rsi_lo=30.0;rsi_hi=70.0,pin alvo=3.0,102.0,0.070582019671493,915.0,0.3725490196078431,81.0,-0.0781981778439134,-1820.5,0.3703703703703703,1.0,0.0,122,0.03278688524590164
futuro_indice|M15,ANTI,modo=stoch;recuo=2,eod alvo=None trail=6,885.0,0.0167877183447424,-692.5,0.2700564971751412,726.0,0.0238384524184147,73.0,0.256198347107438,1.0,1.0,122,0.03278688524590164
futuro_indice|M15,ANTI,modo=stoch;recuo=1,eod alvo=None trail=0,935.0,0.0106963408137612,-2277.5,0.3721925133689839,751.0,0.0637246006538141,5349.5,0.3941411451398136,1.0,1.0,122,0.03278688524590164
futuro_indice|M15,PIN,rsi_lo=30.0;rsi_hi=70.0,pin alvo=None,102.0,0.005185773656248,491.0,0.3627450980392157,81.0,-0.1181025983934952,-2201.5,0.3703703703703703,1.0,0.0,122,0.03278688524590164
futuro_indice|M5,PIN,rsi_lo=30.0;rsi_hi=70.0,pin alvo=3.0,102.0,0.11926047754112741,1377.0,0.3823529411764705,81.0,-0.0629236889387217,-1762.5,0.3703703703703703,1.0,0.0,122,0.0
futuro_indice|M5,PIN,rsi_lo=30.0;rsi_hi=70.0,pin alvo=None,102.0,0.0577858001533333,985.0,0.3725490196078431,81.0,-0.1028281094883035,-2143.5,0.3703703703703703,1.0,0.0,122,0.0
futuro_indice|M5,ANTI,modo=stoch;recuo=2,eod alvo=None trail=0,1438.0,0.0166888193252339,-1718.0,0.3045897079276773,1183.0,-0.0240549524723888,1631.5,0.3076923076923077,1.0,0.0,122,0.0
futuro_indice|M5,PIN,rsi_lo=30.0;rsi_hi=70.0,eod alvo=3.0,102.0,0.014075840079755899,157.0,0.4117647058823529,81.0,-0.0657080590429159,-1947.5,0.4567901234567901,1.0,0.0,122,0.0
