ativo,classe,tf,setup,params,saida,is_n,is_win,is_exp_r,is_pf,is_liq,is_maxdd,is_be_emp,oos_n,oos_win,oos_exp_r,oos_pf,oos_liq,oos_maxdd,oos_be_emp
ITUB4_SA,acao,D1,HG,adx_min=25.0;modo=toque,alvo=None trail=0 max=3,36,0.4444444444444444,0.052602658859553314,1.2181213466330827,113.28449660061227,232.79753793609095,0.39640827412815083,8,0.25,-0.1299735940514124,1.5917548895402902,176.5173651175461,212.20735493699488,0.17315223758200493
ITUB4_SA,acao,D1,HG,adx_min=25.0;modo=toque,alvo=None trail=0 max=10,31,0.3225806451612903,0.04999745147283886,0.7799865242947382,-209.98002098538439,403.97111496394575,0.3790791234089953,7,0.2857142857142857,-0.06898083846853563,1.43236445728397,155.2533050627449,272.992337347448,0.21829718340689802
ITUB4_SA,acao,D1,HG,adx_min=25.0;modo=toque,alvo=None trail=3 max=3,37,0.3783783783783784,0.08102406272964056,1.3326147939730282,154.8512178748976,184.05228435390814,0.3135488470594877,8,0.25,-0.006690748183382889,2.140792900933229,253.01946179601296,200.99767615236055,0.13472769849681807
ITUB4_SA,acao,D1,HG,adx_min=25.0;modo=toque,alvo=None trail=3 max=10,37,0.2972972972972973,0.10203865541971487,1.128244383184891,68.30736142023432,178.30825209430765,0.27272037157563606,8,0.125,-0.1299475549370741,1.881888235944334,213.54237220587774,221.3472591905024,0.07055560879546513
ITUB4_SA,acao,D1,HG,adx_min=25.0;modo=toque,alvo=1.0 trail=0 max=3,36,0.4722222222222222,-0.02961152984697374,0.9324470388028127,-35.064125689057576,177.41693802099178,0.48968078771611967,8,0.5,0.05237310348299265,1.9292575428676164,150.02811552989817,125.62348894289761,0.3413834343227613
ITUB4_SA,acao,D1,HG,adx_min=25.0;modo=toque,alvo=1.0 trail=0 max=10,35,0.45714285714285713,-0.12413628556557786,0.6296417049670942,-346.380755095468,372.8018948187357,0.572180735816796,7,0.5714285714285714,0.09868325377035882,1.4015720414669917,89.24313311944505,186.4084713533507,0.4875244846197575
ITUB4_SA,acao,D1,HG,adx_min=25.0;modo=toque,alvo=1.0 trail=3 max=3,37,0.40540540540540543,0.0010318791232899322,1.0139764442491344,6.502595585227706,148.78414764445785,0.4020641245923588,8,0.375,-0.1762744482384846,1.3214621349807694,64.61314210211114,200.99767615236055,0.3122622033902349
ITUB4_SA,acao,D1,HG,adx_min=25.0;modo=toque,alvo=1.0 trail=3 max=10,37,0.3783783783783784,0.0006878188939860676,0.9324371359816954,-34.32853626516622,148.78414764445785,0.39496638891343405,8,0.375,-0.1762744482384846,1.3214621349807694,64.61314210211114,200.99767615236055,0.3122622033902349
ITUB4_SA,acao,D1,HG,adx_min=25.0;modo=toque,alvo=2.0 trail=0 max=3,36,0.4444444444444444,-0.01104325259767667,1.0828987691718976,43.054682539835426,232.79753793609095,0.4248767979979303,8,0.25,-0.2752421984449466,1.1257685124253916,37.516084481076234,212.20735493699488,0.22845103945434447
ITUB4_SA,acao,D1,HG,adx_min=25.0;modo=toque,alvo=2.0 trail=0 max=10,33,0.36363636363636365,0.021657804210211285,0.9393810833941598,-57.85446250600344,318.65061355236844,0.37822671413601683,7,0.2857142857142857,-0.29208525945989683,0.9121620020953768,-31.54084304351261,272.992337347448,0.30484040793838296
ITUB4_SA,acao,D1,HG,adx_min=25.0;modo=toque,alvo=2.0 trail=3 max=3,37,0.3783783783783784,0.019098311041524894,1.1817637031313581,84.62140381412071,184.05228435390814,0.3399661937984239,8,0.25,-0.15195935257691706,1.5140756000381916,114.01818115954308,200.99767615236055,0.18043289025619214
ITUB4_SA,acao,D1,HG,adx_min=25.0;modo=toque,alvo=2.0 trail=3 max=10,37,0.2972972972972973,0.12258140284075365,1.3314294055714497,176.5306801704016,178.30825209430765,0.2411373023674704,8,0.125,-0.359153647788786,0.9761500423194397,-5.7750816175284,221.3472591905024,0.12766418728097764
ITUB4_SA,acao,D1,HG,adx_min=25.0;modo=toque,alvo=3.0 trail=0 max=3,36,0.4444444444444444,0.01667083530909906,1.1429227282031666,74.22899944092944,232.79753793609095,0.4117508063431053,8,0.25,-0.15028594844494658,1.5265977933182096,157.08134667962997,212.20735493699488,0.17921810574429037
ITUB4_SA,acao,D1,HG,adx_min=25.0;modo=toque,alvo=3.0 trail=0 max=10,32,0.3125,-0.11137771357181736,0.6541474567639519,-346.84898766250876,450.6445257854667,0.40998318822893887,7,0.2857142857142857,-0.14927811660275392,1.24513893730201,88.02441915504116,272.992337347448,0.24314055848437383
ITUB4_SA,acao,D1,HG,adx_min=25.0;modo=toque,alvo=3.0 trail=3 max=3,37,0.3783783783783784,0.04606336954541479,1.24872500402138,115.79572071521476,184.05228435390814,0.32771017709082345,8,0.25,-0.02700310257691707,2.053161413224755,233.58344335809684,200.99767615236055,0.13967486574780097
ITUB4_SA,acao,D1,HG,adx_min=25.0;modo=toque,alvo=3.0 trail=3 max=10,37,0.2972972972972973,0.16201516962296178,1.3721233402178707,198.20566688305135,178.30825209430765,0.2356711569885998,8,0.125,-0.234197397788786,1.4699311925018765,113.79018058102537,221.3472591905024,0.08857773814772894
ITUB4_SA,acao,D1,HG,adx_min=25.0;modo=toque,alvo=swing max=10,34,0.38235294117647056,-0.1357036673349386,0.6406164029131094,-342.99433257989074,494.29783760429905,0.49143867591299567,8,0.375,0.005281169544175013,2.150538353155217,313.79691642676795,114.44872598342494,0.21813911422530205
ITUB4_SA,acao,D1,HG,adx_min=25.0;modo=toque,alvo=swing max=3,36,0.4444444444444444,-0.035754949935417654,0.9795574098030619,-10.617156804777856,233.55014503041158,0.4495499811318442,8,0.375,-0.030359447281197327,2.005634644603771,274.27599407111603,114.44872598342494,0.2302701958782252
ITUB4_SA,acao,D1,HG,adx_min=25.0;modo=inicial,alvo=None trail=0 max=3,41,0.43902439024390244,-0.08550293961530228,0.8314575285189735,-115.98470675150034,348.65128652563624,0.48486777303952183,12,0.3333333333333333,0.020700246443556707,1.5179047503062333,221.64359849133174,226.93968757100905,0.24778176468642582
ITUB4_SA,acao,D1,HG,adx_min=25.0;modo=inicial,alvo=None trail=0 max=10,35,0.37142857142857144,0.10523493298267306,0.8410248871200463,-155.4267409817129,445.62402643626285,0.41266503901415696,10,0.3,0.26295306868395096,1.7235358541809982,306.06547042768943,239.00676827289624,0.1991403644261216
ITUB4_SA,acao,D1,HG,adx_min=25.0;modo=inicial,alvo=None trail=3 max=3,43,0.37209302325581395,-0.036937969507618566,0.9603197316950605,-23.15539671928697,322.4434699953067,0.3816008047102239,12,0.3333333333333333,0.11979160153626606,1.915623735151778,310.4964583694144,203.37924558675883,0.20698587810844807
ITUB4_SA,acao,D1,HG,adx_min=25.0;modo=inicial,alvo=None trail=3 max=10,42,0.30952380952380953,0.17883779717466708,1.23566961517189,148.12287710644384,309.7194464863976,0.26620568666122457,12,0.25,0.11076629476368893,1.859161937163026,313.98643065757574,262.4937706467508,0.15203377531476728
ITUB4_SA,acao,D1,HG,adx_min=25.0;modo=inicial,alvo=1.0 trail=0 max=3,41,0.4634146341463415,-0.09063962331544896,0.7417728298113846,-177.6240879631407,291.91733804434284,0.5379540413504382,12,0.5833333333333334,0.19657992210452338,2.282973571869373,287.33372807587716,130.3150353585877,0.38012762586547694
ITUB4_SA,acao,D1,HG,adx_min=25.0;modo=inicial,alvo=1.0 trail=0 max=10,38,0.5,-0.03500942497725414,0.7399742576067763,-236.53238026931953,374.52043930214944,0.5747211463780137,10,0.6,0.3410454459383594,2.462248686542023,275.26664737399,142.3821160604749,0.3785729061113265
ITUB4_SA,acao,D1,HG,adx_min=25.0;modo=inicial,alvo=1.0 trail=3 max=3,43,0.3953488372093023,-0.0418357376868282,0.8546157847890222,-84.79477793092735,300.4904935719493,0.4334522052559972,12,0.5,0.061051012137561596,1.8531309359314756,214.269517847706,203.37924558675883,0.350492151413838
ITUB4_SA,acao,D1,HG,adx_min=25.0;modo=inicial,alvo=1.0 trail=3 max=10,42,0.38095238095238093,-0.011965181701927249,0.849539438109989,-90.87555693587075,300.4904935719493,0.42007953512443436,12,0.5,0.025191732948769946,1.6987852707121402,175.50457582585585,242.14418760860895,0.37053707490263776
ITUB4_SA,acao,D1,HG,adx_min=25.0;modo=inicial,alvo=2.0 trail=0 max=3,41,0.43902439024390244,-0.05860451959542146,0.8591018943358363,-96.96087474983787,338.7946039876506,0.47670320239445463,12,0.3333333333333333,-0.07873872748352134,1.1884567213743693,80.6523320371073,226.93968757100905,0.29612840748029967
ITUB4_SA,acao,D1,HG,adx_min=25.0;modo=inicial,alvo=2.0 trail=0 max=10,36,0.3888888888888889,0.08933681207407851,0.9877620681948772,-11.964777520007061,428.6121018953909,0.39181920129551745,10,0.3,-0.03352140751910464,1.069859485237829,29.551508870773233,239.00676827289624,0.2860134722407252
ITUB4_SA,acao,D1,HG,adx_min=25.0;modo=inicial,alvo=2.0 trail=3 max=3,43,0.37209302325581395,-0.011290638790988024,0.9929199400683122,-4.131564717624492,322.44346999530677,0.37375459378934534,12,0.3333333333333333,0.020352627609188028,1.4998542584481007,169.50519191518998,203.37924558675883,0.25001821902162163
ITUB4_SA,acao,D1,HG,adx_min=25.0;modo=inicial,alvo=2.0 trail=3 max=10,42,0.30952380952380953,0.10698290579091192,1.2048481138921348,128.7509718951273,309.7194464863976,0.2711689314217011,12,0.25,-0.1589555850617047,1.0135424094315428,4.949163383510964,262.4937706467508,0.24748632910194396
ITUB4_SA,acao,D1,HG,adx_min=25.0;modo=inicial,alvo=3.0 trail=0 max=3,41,0.43902439024390244,-0.08550293961530228,0.8314575285189735,-115.98470675150034,348.65128652563624,0.48486777303952183,12,0.3333333333333333,0.007158676847867289,1.4724894694474453,202.20758005341563,226.93968757100905,0.2534867778736813
ITUB4_SA,acao,D1,HG,adx_min=25.0;modo=inicial,alvo=3.0 trail=0 max=10,35,0.37142857142857144,0.05628798882405201,0.8370921510129222,-159.2716972468673,445.62402643626285,0.4138015245097119,10,0.3,0.16640859248089543,1.5036299851585637,213.04230804640366,239.00676827289624,0.2218047381220463
ITUB4_SA,acao,D1,HG,adx_min=25.0;modo=inicial,alvo=3.0 trail=3 max=3,43,0.37209302325581395,-0.036937969507618566,0.9603197316950605,-23.15539671928697,322.4434699953067,0.3816008047102239,12,0.3333333333333333,0.10625003194057665,1.8583088147431508,291.0604399314983,203.37924558675883,0.2120163385194556
ITUB4_SA,acao,D1,HG,adx_min=25.0;modo=inicial,alvo=3.0 trail=3 max=10,42,0.30952380952380953,0.19479229570478,1.3969480100636926,249.48944423500225,309.7194464863976,0.24293846878908018,12,0.25,0.0076527482716286606,1.515628789856221,188.4399625591414,262.4937706467508,0.1802813206137053
ITUB4_SA,acao,D1,HG,adx_min=25.0;modo=inicial,alvo=swing max=10,37,0.40540540540540543,-0.08919477397335766,0.6298471252500719,-361.89095227022835,579.8220539308452,0.5198110967363587,11,0.36363636363636365,0.10072044791549156,1.9912451893939502,333.7255345160754,101.48642254466029,0.22298139551136792
ITUB4_SA,acao,D1,HG,adx_min=25.0;modo=inicial,alvo=swing max=3,41,0.43902439024390244,-0.10060334932862344,0.7114001784139578,-198.6037429085678,346.08741432462807,0.523831356852792,12,0.4166666666666667,0.03087417576637604,1.686491058349986,276.2485078021688,144.7638879262826,0.29752275281367935
ITUB4_SA,acao,D1,HG,adx_min=30.0;modo=toque,alvo=None trail=0 max=3,18,0.5,0.1474914165712187,1.5797651047371692,138.97387633441477,120.83600154306801,0.3876321910718618,5,0.2,-0.4136765207958245,0.6159431461331417,-62.00576630691364,161.44944604584327,0.2887025564165175
ITUB4_SA,acao,D1,HG,adx_min=30.0;modo=toque,alvo=None trail=0 max=10,16,0.3125,-0.20580389341950633,0.6040558647413498,-168.91763323250314,298.2417473586821,0.42938304181567494,4,0.25,-0.4777604581597071,0.410250271562776,-131.06269383150246,222.23442845629634,0.44827956283396725
ITUB4_SA,acao,D1,HG,adx_min=30.0;modo=toque,alvo=None trail=3 max=3,18,0.5,0.18323988108246858,1.8567105412202594,174.72840927056538,95.05339286078485,0.3500529667149422,5,0.2,-0.40813597514713995,0.6291868579176383,-58.60742779381383,158.05110753274346,0.28435365900728676
ITUB4_SA,acao,D1,HG,adx_min=30.0;modo=toque,alvo=None trail=3 max=10,18,0.4444444444444444,0.16166717096150776,1.4264608318463319,101.92387072030756,103.97905651284256,0.3593146524552089,5,0.0,-0.7396468474861303,0.0,-178.4006905708853,178.4006905708853,
ITUB4_SA,acao,D1,HG,adx_min=30.0;modo=toque,alvo=1.0 trail=0 max=3,18,0.5555555555555556,0.14906374492042035,1.4467224726492056,106.94711191347771,120.5327122806774,0.4635256362780354,5,0.2,-0.4961789113564864,0.4312866497781835,-91.81845535218794,161.44944604584327,0.36695273579982257
ITUB4_SA,acao,D1,HG,adx_min=30.0;modo=toque,alvo=1.0 trail=0 max=10,17,0.5882352941176471,0.16277119794694897,1.273382096090733,83.52036168233985,120.5327122806774,0.528717987016468,4,0.25,-0.5522741520634654,0.31332224794030356,-152.60343776264102,222.23442845629634,0.5154727539454746
ITUB4_SA,acao,D1,HG,adx_min=30.0;modo=toque,alvo=1.0 trail=3 max=3,18,0.5555555555555556,0.18481220943167032,1.7007221855062264,142.70164484962837,94.75010359839425,0.42362510647051976,5,0.2,-0.4906383657078018,0.4405599668400291,-88.42011683908812,158.05110753274346,0.3620250405536663
ITUB4_SA,acao,D1,HG,adx_min=30.0;modo=toque,alvo=1.0 trail=3 max=10,18,0.5555555555555556,0.2075381857919927,1.6024675558514576,131.97333991414862,94.75010359839425,0.43821707890622325,5,0.2,-0.4906383657078018,0.4405599668400291,-88.42011683908812,158.05110753274346,0.3620250405536663
ITUB4_SA,acao,D1,HG,adx_min=30.0;modo=toque,alvo=2.0 trail=0 max=3,18,0.5,0.1475993518687784,1.5756255071398946,137.98158493940457,120.83600154306801,0.38825520139783476,5,0.2,-0.4136765207958245,0.6159431461331417,-62.00576630691364,161.44944604584327,0.2887025564165175
ITUB4_SA,acao,D1,HG,adx_min=30.0;modo=toque,alvo=2.0 trail=0 max=10,17,0.4117647058823529,0.21198023674623115,1.5125038830911643,193.79561494004685,167.75323758501432,0.3163836255157239,4,0.25,-0.4777604581597071,0.410250271562776,-131.06269383150246,222.23442845629634,0.44827956283396725
ITUB4_SA,acao,D1,HG,adx_min=30.0;modo=toque,alvo=2.0 trail=3 max=3,18,0.5,0.18334781638002828,1.8518452391115963,173.73611787555515,95.05339286078485,0.3506501637204967,5,0.2,-0.40813597514713995,0.6291868579176383,-58.60742779381383,158.05110753274346,0.28435365900728676
ITUB4_SA,acao,D1,HG,adx_min=30.0;modo=toque,alvo=2.0 trail=3 max=10,18,0.4444444444444444,0.3584402020191567,2.084434360409329,259.1791304174153,103.97905651284256,0.2773507384950415,5,0.0,-0.7396468474861303,0.0,-178.4006905708853,178.4006905708853,
ITUB4_SA,acao,D1,HG,adx_min=30.0;modo=toque,alvo=3.0 trail=0 max=3,18,0.5,0.1474914165712187,1.5797651047371692,138.97387633441477,120.83600154306801,0.3876321910718618,5,0.2,-0.4136765207958245,0.6159431461331417,-62.00576630691364,161.44944604584327,0.2887025564165175
ITUB4_SA,acao,D1,HG,adx_min=30.0;modo=toque,alvo=3.0 trail=0 max=10,16,0.3125,-0.158232619309264,0.6825908166271797,-135.4130627205118,298.2417473586822,0.39972821733732894,4,0.25,-0.4777604581597071,0.410250271562776,-131.06269383150246,222.23442845629634,0.44827956283396725
ITUB4_SA,acao,D1,HG,adx_min=30.0;modo=toque,alvo=3.0 trail=3 max=3,18,0.5,0.18323988108246858,1.8567105412202594,174.72840927056538,95.05339286078485,0.3500529667149422,5,0.2,-0.40813597514713995,0.6291868579176383,-58.60742779381383,158.05110753274346,0.28435365900728676
ITUB4_SA,acao,D1,HG,adx_min=30.0;modo=toque,alvo=3.0 trail=3 max=10,18,0.4444444444444444,0.3363545248270833,2.0068644250324166,240.6399646260117,103.97905651284256,0.28501554719400485,5,0.0,-0.7396468474861303,0.0,-178.4006905708853,178.4006905708853,
ITUB4_SA,acao,D1,HG,adx_min=30.0;modo=toque,alvo=swing max=10,17,0.4117647058823529,0.00026735955356019735,1.0388506888165736,14.69080211576265,186.28840353204865,0.40256475412296944,5,0.4,-0.2771853214011356,1.2022233021442774,27.48091753252058,100.06796432513089,0.3567179865012729
ITUB4_SA,acao,D1,HG,adx_min=30.0;modo=toque,alvo=swing max=3,18,0.5,0.11572281589073406,1.4886079647798374,117.12285254578522,120.83600154306801,0.4018310694784215,5,0.4,-0.2542938859634804,1.263093906415667,35.752862646656325,100.06796432513089,0.34546600027267904
ITUB4_SA,acao,D1,HG,adx_min=30.0;modo=inicial,alvo=None trail=0 max=3,28,0.39285714285714285,-0.1800654702310191,0.7090576627130009,-143.65781094448636,262.83431294807565,0.47714103478109826,6,0.5,0.6855221334109913,5.959044436215697,500.83418061117175,100.99409010203668,0.1436978897269115
ITUB4_SA,acao,D1,HG,adx_min=30.0;modo=inicial,alvo=None trail=0 max=10,24,0.3333333333333333,-0.19240012896855496,0.605601130981049,-261.45369103067657,375.1479963416666,0.45224266327977414,5,0.6,1.2083901293423724,4.506633703475322,567.2999481892747,161.77907251248976,0.24972390094840127
ITUB4_SA,acao,D1,HG,adx_min=30.0;modo=inicial,alvo=None trail=3 max=3,28,0.39285714285714285,-0.0474742128663772,1.0408201740233622,13.731027156912528,109.84587402664269,0.3833561673956314,6,0.5,0.6901392547848951,6.166541687675569,504.23251912427156,97.59575158893688,0.1395373171022947
ITUB4_SA,acao,D1,HG,adx_min=30.0;modo=inicial,alvo=None trail=3 max=10,27,0.3333333333333333,0.014470873624396034,1.027826222585304,10.48370511840309,128.19044998962568,0.3272623500033448,6,0.3333333333333333,0.7544460062990344,5.684248503036566,552.4852571670405,117.94533462707872,0.08085056733320013
ITUB4_SA,acao,D1,HG,adx_min=30.0;modo=inicial,alvo=1.0 trail=0 max=3,28,0.42857142857142855,-0.16094873266302925,0.6936677324431052,-151.1639478998605,206.83598247088082,0.5195101221323151,6,0.5,0.08467552675628374,2.4509703071535216,146.53942593604262,100.99409010203668,0.2897735740951171
ITUB4_SA,acao,D1,HG,adx_min=30.0;modo=inicial,alvo=1.0 trail=0 max=10,26,0.46153846153846156,-0.10127803111227483,0.6978161723042294,-194.53968987707148,310.91554649645775,0.5512317951217279,5,0.6,0.15597022181325454,1.530071301521209,85.75444352558952,161.77907251248976,0.49503785579136167
ITUB4_SA,acao,D1,HG,adx_min=30.0;modo=inicial,alvo=1.0 trail=3 max=3,28,0.42857142857142855,-0.028357475298387395,1.0185223152350655,6.22489020153834,109.54258476425208,0.4240828591978003,6,0.5,0.08929264813018757,2.5363144604968526,149.9377644491424,97.59575158893688,0.2827802818925498
ITUB4_SA,acao,D1,HG,adx_min=30.0;modo=inicial,alvo=1.0 trail=3 max=10,27,0.4074074074074074,0.01860702891473413,1.0004038859302766,0.14411119659489913,118.96149707517738,0.4073099219278644,6,0.5,0.08929264813018757,2.5363144604968526,149.9377644491424,97.59575158893688,0.2827802818925498
ITUB4_SA,acao,D1,HG,adx_min=30.0;modo=inicial,alvo=2.0 trail=0 max=3,28,0.39285714285714285,-0.16189012819622772,0.7276233910481765,-134.4906614808096,255.39533313938722,0.4706970212226392,6,0.5,0.4866441855568353,4.563009615645725,359.84291415694736,100.99409010203668,0.17975881206236696
ITUB4_SA,acao,D1,HG,adx_min=30.0;modo=inicial,alvo=2.0 trail=0 max=10,25,0.36,0.009860979069703584,0.9898823209383159,-6.7071808342685415,358.1360718007947,0.36234630632742887,5,0.6,0.6154411769362612,2.7974264663305517,290.7859866323585,161.77907251248976,0.3490461120747941
ITUB4_SA,acao,D1,HG,adx_min=30.0;modo=inicial,alvo=2.0 trail=3 max=3,28,0.39285714285714285,-0.02929887083158584,1.0680726608278233,22.89817662058928,109.84587402664269,0.3772648507889203,6,0.5,0.49126130693073905,4.7218961558898735,363.2412526700471,97.59575158893688,0.17476724022169524
ITUB4_SA,acao,D1,HG,adx_min=30.0;modo=inicial,alvo=2.0 trail=3 max=10,27,0.3333333333333333,0.10014937560946731,1.2717840211448435,102.39634664178878,128.19044998962568,0.28220143879439863,6,0.3333333333333333,0.21500224664824716,3.064074773815455,243.44798989297567,117.94533462707872,0.14028886365499402
ITUB4_SA,acao,D1,HG,adx_min=30.0;modo=inicial,alvo=3.0 trail=0 max=3,28,0.39285714285714285,-0.1800654702310191,0.7090576627130009,-143.65781094448636,262.83431294807565,0.47714103478109826,6,0.5,0.6584389942196126,5.766597349279427,481.3981621732556,100.99409010203668,0.1477847651311024
ITUB4_SA,acao,D1,HG,adx_min=30.0;modo=inicial,alvo=3.0 trail=0 max=10,24,0.3333333333333333,-0.1606859462283934,0.6561422599465783,-227.94912051868522,375.1479963416666,0.43247273049521034,5,0.6,1.0153011769362612,3.931632493883741,474.2767858079889,161.77907251248976,0.2761600682095238
ITUB4_SA,acao,D1,HG,adx_min=30.0;modo=inicial,alvo=3.0 trail=3 max=3,28,0.39285714285714285,-0.0474742128663772,1.0408201740233622,13.731027156912528,109.84587402664269,0.3833561673956314,6,0.5,0.6630561155935163,5.967393485817577,484.79650068635544,97.59575158893688,0.14352569609216737
ITUB4_SA,acao,D1,HG,adx_min=30.0;modo=inicial,alvo=3.0 trail=3 max=10,27,0.3333333333333333,0.13092910953477963,1.396011407268563,149.1997990241072,128.19044998962568,0.26371149355072254,6,0.3333333333333333,0.5482189133149139,4.619802261942004,426.93878906860607,117.94533462707872,0.09766002169981149
ITUB4_SA,acao,D1,HG,adx_min=30.0;modo=inicial,alvo=swing max=10,25,0.36,-0.19533881441711073,0.5952205823125545,-268.33513258007156,448.1736630515009,0.4858685321776024,6,0.6666666666666666,0.7533908144904599,8.886682474121523,594.9600122776607,39.61260838132431,0.18371069467251874
ITUB4_SA,acao,D1,HG,adx_min=30.0;modo=inicial,alvo=swing max=3,28,0.39285714285714285,-0.2023527171189723,0.6272489939371454,-184.05225605073008,278.1873472831613,0.5077727803756436,6,0.6666666666666666,0.70586999205663,8.362800264777386,555.4390899220087,39.61260838132431,0.19299802648883382
ITUB4_SA,acao,D1,TS,folga_atr=0.0;validade=1,alvo=None trail=0 max=3,90,0.25555555555555554,-0.3416753610613668,0.48039526257813314,-777.9289480824967,847.7498037970338,0.41676872522815683,8,0.25,-0.5757139365337802,0.5059046015166285,-84.3858325395007,86.99614822390471,0.39718573183054023
ITUB4_SA,acao,D1,TS,folga_atr=0.0;validade=1,alvo=None trail=0 max=10,87,0.1724137931034483,-0.2826536924341064,0.5474925342879358,-799.5643935263656,1165.5263759902668,0.27563668069339675,7,0.42857142857142855,1.191119801305619,3.473041627041281,363.67296716902007,85.86060841520305,0.17759711275341133
ITUB4_SA,acao,D1,TS,folga_atr=0.0;validade=1,alvo=None trail=3 max=3,90,0.2222222222222222,-0.35895437670941727,0.4480454169666612,-813.8263425657254,864.4417016951804,0.38938399679127633,8,0.0,-1.0390610201081667,0.0,-246.26599845430044,246.26599845430044,
ITUB4_SA,acao,D1,TS,folga_atr=0.0;validade=1,alvo=None trail=3 max=10,87,0.16091954022988506,-0.2710871093454824,0.49363832978105504,-789.3237910318121,1018.6247933501934,0.2798007926134905,8,0.0,-1.0390610201081667,0.0,-246.26599845430044,246.26599845430044,
ITUB4_SA,acao,D1,TS,folga_atr=0.0;validade=1,alvo=1.0 trail=0 max=3,90,0.2777777777777778,-0.5899916543793655,0.3016054181483613,-1042.7886284567674,1083.3468547931036,0.560483423216479,8,0.25,-0.5660298955728227,0.5373467441175773,-79.01587485855286,86.99614822390471,0.3828424951553194
ITUB4_SA,acao,D1,TS,folga_atr=0.0;validade=1,alvo=1.0 trail=0 max=10,90,0.2777777777777778,-0.5599394691738335,0.3778752447077974,-938.7792230060757,1009.2192959305418,0.5044198181907954,8,0.375,-0.4465590826373892,0.6894783212159137,-52.68093494035148,85.86060841520305,0.4653044491932442
ITUB4_SA,acao,D1,TS,folga_atr=0.0;validade=1,alvo=1.0 trail=3 max=3,90,0.25555555555555554,-0.5858200468101024,0.2895113475658827,-1039.181350673991,1079.7395770103274,0.5424878835177687,8,0.0,-1.0390610201081667,0.0,-246.26599845430044,246.26599845430044,
ITUB4_SA,acao,D1,TS,folga_atr=0.0;validade=1,alvo=1.0 trail=3 max=10,90,0.25555555555555554,-0.5651992174566112,0.3321089232539323,-979.8515946172217,1050.2916675416877,0.5082727145676105,8,0.0,-1.0390610201081667,0.0,-246.26599845430044,246.26599845430044,
ITUB4_SA,acao,D1,TS,folga_atr=0.0;validade=1,alvo=2.0 trail=0 max=3,90,0.25555555555555554,-0.5228064370618278,0.35644986482223645,-963.4944480706685,1014.1098072001231,0.49059192983357275,8,0.25,-0.4539516629987501,0.7055317723175852,-50.29179916608372,86.99614822390473,0.32086296047500573
ITUB4_SA,acao,D1,TS,folga_atr=0.0;validade=1,alvo=2.0 trail=0 max=10,90,0.2111111111111111,-0.48509258604152766,0.4454447775564618,-955.7557896366936,1027.8876322946646,0.3752969348866706,7,0.42857142857142855,0.08136097323100556,1.6342863867535693,93.2749411830813,85.86060841520305,0.3145595278179631
ITUB4_SA,acao,D1,TS,folga_atr=0.0;validade=1,alvo=2.0 trail=3 max=3,90,0.23333333333333334,-0.5297498294925647,0.3279632746772094,-985.6506188357035,1036.2659779651585,0.4813260841366592,8,0.0,-1.0390610201081667,0.0,-246.26599845430044,246.26599845430044,
ITUB4_SA,acao,D1,TS,folga_atr=0.0;validade=1,alvo=2.0 trail=3 max=10,90,0.18888888888888888,-0.4717015432781606,0.4017336727842017,-934.9153857262716,983.7281967238266,0.3669601345829096,8,0.0,-1.0390610201081667,0.0,-246.26599845430044,246.26599845430044,
ITUB4_SA,acao,D1,TS,folga_atr=0.0;validade=1,alvo=3.0 trail=0 max=3,90,0.25555555555555554,-0.4874681645740863,0.38543584404098796,-920.0979378027548,970.7132969322097,0.47107785216097375,8,0.25,-0.3289954129987501,0.9103954130594822,-15.30343672809602,86.99614822390473,0.2680112800320001
ITUB4_SA,acao,D1,TS,folga_atr=0.0;validade=1,alvo=3.0 trail=0 max=10,89,0.1797752808988764,-0.5164443934370554,0.41530467712262503,-1032.6800645337316,1136.2523106691524,0.3454437161202221,7,0.42857142857142855,0.38830997037440534,2.1212684732323694,164.88805857317905,85.86060841520302,0.26120859369018784
ITUB4_SA,acao,D1,TS,folga_atr=0.0;validade=1,alvo=3.0 trail=3 max=3,90,0.2222222222222222,-0.5047471802221367,0.35162334098184655,-955.9953322859836,1006.6106914154385,0.44829345349557975,8,0.0,-1.0390610201081667,0.0,-246.26599845430044,246.26599845430044,
ITUB4_SA,acao,D1,TS,folga_atr=0.0;validade=1,alvo=3.0 trail=3 max=10,89,0.15730337078651685,-0.5069261904628825,0.3505893749651625,-1024.3560596384787,1061.4995082751902,0.34744451844542606,8,0.0,-1.0390610201081667,0.0,-246.26599845430044,246.26599845430044,
ITUB4_SA,acao,D1,TS,folga_atr=0.0;validade=3,alvo=None trail=0 max=3,105,0.23809523809523808,-0.22987483011933088,0.472787381555427,-925.9356967567794,976.5510558862342,0.3979434883838678,10,0.3,0.2611198642236979,1.3652866406294413,76.6976637517995,100.37147751969667,0.2389104444379756
ITUB4_SA,acao,D1,TS,folga_atr=0.0;validade=3,alvo=None trail=0 max=10,101,0.1782178217821782,-0.2540096742377851,0.6362204773890006,-736.943775186113,1013.9005372201639,0.2542146686914294,9,0.4444444444444444,1.6342106075752025,3.707930167999565,504.3034837526024,100.37147751969667,0.1774650383182416
ITUB4_SA,acao,D1,TS,folga_atr=0.0;validade=3,alvo=None trail=3 max=3,105,0.20952380952380953,-0.24134386562944818,0.44850741746214595,-948.946554227897,999.561913357352,0.3714577557347953,10,0.1,-0.0665154080532912,0.7423803471718065,-69.49413397127674,154.40742222694922,0.1301842098509669
ITUB4_SA,acao,D1,TS,folga_atr=0.0;validade=3,alvo=None trail=3 max=10,101,0.15841584158415842,-0.2095935581473377,0.4883113481087203,-921.1824724814081,1126.3688959683475,0.27822958886944704,10,0.1,-0.05961202551150614,0.7485610974804011,-67.82684700278239,154.40742222694922,0.12924822973299982
ITUB4_SA,acao,D1,TS,folga_atr=0.0;validade=3,alvo=1.0 trail=0 max=3,105,0.2761904761904762,-0.5688914503965147,0.30205314987662946,-1211.0918244693046,1251.6500508056406,0.5581641776419439,10,0.3,-0.46994663109962503,0.5410262370471267,-96.36874559989141,100.37147751969667,0.442009550732593
ITUB4_SA,acao,D1,TS,folga_atr=0.0;validade=3,alvo=1.0 trail=0 max=10,105,0.2761904761904762,-0.5537526130225232,0.3627199496024065,-1131.4824029835845,1201.9224759080503,0.5126689679662079,10,0.4,-0.3743699807512782,0.6646374884380885,-70.03380568169004,100.37147751969667,0.5007621016657979
ITUB4_SA,acao,D1,TS,folga_atr=0.0;validade=3,alvo=1.0 trail=3 max=3,105,0.2571428571428571,-0.5602436335909288,0.2952891354757793,-1186.6754975479441,1227.2337238842806,0.5396486610149213,10,0.1,-0.80532913614538,0.08090415774447589,-247.9305010039155,247.9305010039155,0.5786576857837114
ITUB4_SA,acao,D1,TS,folga_atr=0.0;validade=3,alvo=1.0 trail=3 max=10,105,0.2571428571428571,-0.5480837736931066,0.33068707211815634,-1135.5213037633343,1205.9613766878,0.5114257084775378,10,0.1,-0.80532913614538,0.08090415774447589,-247.9305010039155,247.9305010039155,0.5786576857837114
ITUB4_SA,acao,D1,TS,folga_atr=0.0;validade=3,alvo=2.0 trail=0 max=3,105,0.23809523809523808,-0.5185354760413303,0.32658166040201686,-1182.7146347977753,1233.3299939272297,0.4889828943040247,10,0.3,-0.2802490450403668,0.792897229807768,-43.48447729404797,100.37147751969667,0.3508656776671723
ITUB4_SA,acao,D1,TS,folga_atr=0.0;validade=3,alvo=2.0 trail=0 max=10,105,0.20952380952380953,-0.4810456904318341,0.44942944429824455,-1101.8303500359557,1173.9621926939267,0.3709784009920619,9,0.4444444444444444,0.15540551846704126,1.5374061217898962,100.08226305511707,100.37147751969667,0.3422597350722221
ITUB4_SA,acao,D1,TS,folga_atr=0.0;validade=3,alvo=2.0 trail=3 max=3,105,0.21904761904761905,-0.5211454059366074,0.30411546086336533,-1191.9842685506994,1242.599627680154,0.47979171741766513,10,0.1,-0.70529413614538,0.1704676946595821,-223.77030839054115,223.77030839054115,0.3946004061171978
ITUB4_SA,acao,D1,TS,folga_atr=0.0;validade=3,alvo=2.0 trail=3 max=10,105,0.18095238095238095,-0.4796411462262364,0.36953184904370534,-1149.4235077477501,1198.2363187453047,0.3741649793307392,10,0.1,-0.70529413614538,0.1704676946595821,-223.77030839054115,223.77030839054115,0.3946004061171978
ITUB4_SA,acao,D1,TS,folga_atr=0.0;validade=3,alvo=3.0 trail=0 max=3,105,0.23809523809523808,-0.4787250520042185,0.3541846128721265,-1134.2359790642302,1184.8513381936848,0.46873738191395614,10,0.3,-0.08024904504036681,1.0746030330342802,15.664077757314054,100.37147751969667,0.28511090330368144
ITUB4_SA,acao,D1,TS,folga_atr=0.0;validade=3,alvo=3.0 trail=0 max=10,103,0.18446601941747573,-0.47311263554512795,0.4605083214033933,-1092.4807879806926,1169.4173039712566,0.3293881931685729,9,0.4444444444444444,0.5052936273563523,2.051674699745636,195.85557305858913,100.37147751969667,0.28053690698709727
ITUB4_SA,acao,D1,TS,folga_atr=0.0;validade=3,alvo=3.0 trail=3 max=3,105,0.20952380952380953,-0.4901940875143359,0.3274510101004393,-1157.246836535348,1207.8621956648026,0.4473505616775083,10,0.1,-0.60525913614538,0.26003123157468827,-199.61011577716684,199.61011577716684,0.29937600303712913
ITUB4_SA,acao,D1,TS,folga_atr=0.0;validade=3,alvo=3.0 trail=3 max=10,103,0.1553398058252427,-0.48486939906370924,0.342321113704089,-1196.2045462421368,1233.347994878848,0.3494828110408427,10,0.1,-0.60525913614538,0.26003123157468827,-199.61011577716684,199.61011577716684,0.29937600303712913
ITUB4_SA,acao,D1,TS,folga_atr=0.1;validade=1,alvo=None trail=0 max=3,97,0.23711340206185566,-0.34429944428079434,0.5659456710239648,-734.1266325040995,899.4124683180688,0.3545007276825391,10,0.3,-0.47755152203261436,0.5291074907093269,-107.2231915597252,148.3982273065444,0.4475105590643032
ITUB4_SA,acao,D1,TS,folga_atr=0.1;validade=1,alvo=None trail=0 max=10,93,0.1827956989247312,-0.28985473495781516,0.6120088152912236,-751.62081886582,1126.1994062344302,0.267663129421824,9,0.4444444444444444,0.7993940548187906,2.858991529795998,362.4287082777097,115.02334823716944,0.2186394785244564
ITUB4_SA,acao,D1,TS,folga_atr=0.1;validade=1,alvo=None trail=3 max=3,97,0.21649484536082475,-0.3500758035326044,0.5459470452385298,-751.8798160666893,864.075055329432,0.336043145584213,10,0.1,-0.7787604205174927,0.13270446154637888,-260.1160938345107,260.1160938345107,0.45571786043051093
ITUB4_SA,acao,D1,TS,folga_atr=0.1;validade=1,alvo=None trail=3 max=10,93,0.16129032258064516,-0.2662015127246605,0.6005074435442836,-683.5764164927672,980.8174667653522,0.24256309398159306,10,0.1,-0.8532712814867178,0.03879660408788957,-288.2805936842658,288.2805936842658,0.7411967487037772
ITUB4_SA,acao,D1,TS,folga_atr=0.1;validade=1,alvo=1.0 trail=0 max=3,98,0.2857142857142857,-0.5547055657321279,0.3411713778221889,-1103.200035833947,1153.111217156371,0.539686247970523,10,0.4,-0.24814129277895236,0.7707348862533172,-45.994924998013374,121.315117268826,0.4637998792420799
ITUB4_SA,acao,D1,TS,folga_atr=0.1;validade=1,alvo=1.0 trail=0 max=10,98,0.2857142857142857,-0.5312057187475604,0.38923247063298644,-1070.6806727992023,1180.0469670359687,0.506821519493729,10,0.5,-0.13611977122205465,0.9518608612798217,-9.354742829145898,115.02334823716937,0.512331601005774
ITUB4_SA,acao,D1,TS,folga_atr=0.1;validade=1,alvo=1.0 trail=3 max=3,98,0.2653061224489796,-0.5624617502454069,0.31049373510230155,-1143.4644382003971,1193.3756195228211,0.537683897230787,10,0.2,-0.62267528116853,0.20272921754162215,-224.6872364780387,224.6872364780387,0.5522064631868298
ITUB4_SA,acao,D1,TS,folga_atr=0.1;validade=1,alvo=1.0 trail=3 max=10,98,0.2653061224489796,-0.5280107885204889,0.3764400466828221,-1036.8775459460355,1146.2438401828022,0.4896082221485755,10,0.2,-0.62267528116853,0.20272921754162215,-224.6872364780387,224.6872364780387,0.5522064631868298
ITUB4_SA,acao,D1,TS,folga_atr=0.1;validade=1,alvo=2.0 trail=0 max=3,98,0.25510204081632654,-0.48189756264568634,0.40967035139171953,-1012.6186232421132,1092.4777658229375,0.45532417767428607,10,0.3,-0.3548520462514086,0.7446296366211435,-58.14835626180158,148.3982273065444,0.3653009200951261
ITUB4_SA,acao,D1,TS,folga_atr=0.1;validade=1,alvo=2.0 trail=0 max=10,98,0.23469387755102042,-0.4348280596973052,0.47589733537061496,-1001.3069939971077,1015.795929050748,0.3918742312044874,9,0.4444444444444444,0.19055173561313823,1.7225986488384468,140.87772359590903,115.02334823716936,0.3171332864894569
ITUB4_SA,acao,D1,TS,folga_atr=0.1;validade=1,alvo=2.0 trail=3 max=3,98,0.24489795918367346,-0.475582186826624,0.394510046089663,-1008.9281591584461,1088.7873017392703,0.45118088070488493,10,0.1,-0.7787604205174927,0.13270446154637888,-260.1160938345107,260.1160938345107,0.45571786043051093
ITUB4_SA,acao,D1,TS,folga_atr=0.1;validade=1,alvo=2.0 trail=3 max=10,98,0.21428571428571427,-0.40255499493099683,0.4789248827210171,-901.1991257969512,937.2547292659357,0.3628370792931693,10,0.1,-0.8532712814867178,0.03879660408788957,-288.2805936842658,288.2805936842658,0.7411967487037772
ITUB4_SA,acao,D1,TS,folga_atr=0.1;validade=1,alvo=3.0 trail=0 max=3,98,0.24489795918367346,-0.45223449338123395,0.4530000319650152,-938.3729997162249,1025.8112694918077,0.4172316507262545,10,0.3,-0.47755152203261436,0.5291074907093269,-107.2231915597252,148.3982273065444,0.4475105590643032
ITUB4_SA,acao,D1,TS,folga_atr=0.1;validade=1,alvo=3.0 trail=0 max=10,97,0.1958762886597938,-0.4821330133381559,0.4598467285691271,-1067.2887937598662,1116.7050808120534,0.34628534804594124,9,0.4444444444444444,0.2811336701607135,1.9021026981509759,175.87380597725124,115.02334823716936,0.29606572709002976
ITUB4_SA,acao,D1,TS,folga_atr=0.1;validade=1,alvo=3.0 trail=3 max=3,98,0.22448979591836735,-0.45576945128831453,0.43197002551086167,-952.0019276802453,1039.440197455828,0.40124223180533,10,0.1,-0.7787604205174927,0.13270446154637888,-260.1160938345107,260.1160938345107,0.45571786043051093
ITUB4_SA,acao,D1,TS,folga_atr=0.1;validade=1,alvo=3.0 trail=3 max=10,97,0.17525773195876287,-0.4564412667024587,0.44207013048969573,-985.7595180389947,1021.8151215079793,0.3246405390374671,10,0.1,-0.8532712814867178,0.03879660408788957,-288.2805936842658,288.2805936842658,0.7411967487037772
ITUB4_SA,acao,D1,TS,folga_atr=0.1;validade=3,alvo=None trail=0 max=3,113,0.22123893805309736,-0.293338224233879,0.536480234072626,-921.3601181909548,1008.7983879665375,0.3462111865104808,13,0.3076923076923077,-0.03151948744253574,1.1056628921776888,30.162045559509487,148.3982273065444,0.28671849616100864
ITUB4_SA,acao,D1,TS,folga_atr=0.1;validade=3,alvo=None trail=0 max=10,108,0.18518518518518517,-0.28182259733309717,0.6708729450706201,-736.1174793717436,920.8360126957609,0.25304662068876993,12,0.4166666666666667,0.9051393440027063,2.8968575109237977,479.36096568922653,115.02334823716933,0.19780043873620456
ITUB4_SA,acao,D1,TS,folga_atr=0.1;validade=3,alvo=None trail=3 max=3,113,0.20353982300884957,-0.2933266899888402,0.52422065114827,-919.609673101655,1007.0479428772377,0.3277293579343857,13,0.15384615384615385,-0.23273303597106493,0.6869931796695041,-107.04248852355246,172.75927525536812,0.20927233445341956
ITUB4_SA,acao,D1,TS,folga_atr=0.1;validade=3,alvo=None trail=3 max=10,108,0.1574074074074074,-0.24674602975120052,0.5690653657751613,-859.6559221431094,1053.438343795081,0.24714709284115033,13,0.15384615384615385,-0.2856682011145471,0.609511719120698,-133.53970140481312,172.75927525536812,0.22976281017874106
ITUB4_SA,acao,D1,TS,folga_atr=0.1;validade=3,alvo=1.0 trail=0 max=3,114,0.2719298245614035,-0.5589800516398352,0.3292360405031541,-1308.5224654813942,1358.4336468038175,0.5314899992651247,13,0.38461538461538464,-0.29696504066214524,0.7027746849138254,-76.7947920665339,121.31511726882599,0.4707123935267402
ITUB4_SA,acao,D1,TS,folga_atr=0.1;validade=3,alvo=1.0 trail=0 max=10,114,0.2719298245614035,-0.552177701507697,0.3636859228368035,-1318.0146242788362,1427.380918515602,0.5066524148878514,13,0.46153846153846156,-0.21079463946453164,0.8407072227573377,-40.15460989766642,115.02334823716937,0.5048401312283373
ITUB4_SA,acao,D1,TS,folga_atr=0.1;validade=3,alvo=1.0 trail=3 max=3,114,0.2543859649122807,-0.5592810255043392,0.3071951377033042,-1321.360727069482,1371.2719083919055,0.5262051364143411,13,0.23076923076923078,-0.5545825045019817,0.2596187604882691,-239.79873535483569,239.79873535483563,0.5360792403354189
ITUB4_SA,acao,D1,TS,folga_atr=0.1;validade=3,alvo=1.0 trail=3 max=10,114,0.2543859649122807,-0.5384052254959766,0.35971162686054925,-1240.5609349544945,1349.9272291912605,0.4867773783434321,13,0.23076923076923078,-0.5545825045019817,0.2596187604882691,-239.79873535483569,239.79873535483563,0.5360792403354189
ITUB4_SA,acao,D1,TS,folga_atr=0.1;validade=3,alvo=2.0 trail=0 max=3,114,0.23684210526315788,-0.4938478336508816,0.37106625027045675,-1265.2683198538487,1345.1274624346722,0.4554443531537194,13,0.3076923076923077,-0.3021002356409578,0.7909922372048792,-59.662399294506066,148.3982273065444,0.35974684178156785
ITUB4_SA,acao,D1,TS,folga_atr=0.1;validade=3,alvo=2.0 trail=0 max=10,114,0.22807017543859648,-0.4430078717978285,0.47293881412270106,-1174.7327022605502,1189.2216373141905,0.38450949864675854,12,0.4166666666666667,0.11134858497498994,1.5514696922520836,139.3636805632046,115.02334823716936,0.3152527904047609
ITUB4_SA,acao,D1,TS,folga_atr=0.1;validade=3,alvo=2.0 trail=3 max=3,114,0.22807017543859648,-0.48349242095453876,0.360816363639937,-1242.074227118292,1321.9333696991155,0.45020210611226286,13,0.15384615384615385,-0.597697996308876,0.28083276032361837,-245.94176867549163,245.94176867549163,0.39299213566165275
ITUB4_SA,acao,D1,TS,folga_atr=0.1;validade=3,alvo=2.0 trail=3 max=10,114,0.20175438596491227,-0.4266267947620018,0.4320797469599789,-1154.1308448912316,1190.186448360216,0.3690673014576002,13,0.15384615384615385,-0.6550140432082799,0.1984759255212319,-274.1062685252467,274.10626852524666,0.4780988669275081
ITUB4_SA,acao,D1,TS,folga_atr=0.1;validade=3,alvo=3.0 trail=0 max=3,114,0.22807017543859648,-0.4595791425288084,0.4115013072699866,-1184.0081418196808,1271.4464115952628,0.4179250292870415,13,0.3076923076923077,-0.3195344477803468,0.7216678885241613,-79.45141055661361,148.3982273065444,0.38113347391928304
ITUB4_SA,acao,D1,TS,folga_atr=0.1;validade=3,alvo=3.0 trail=0 max=10,112,0.19642857142857142,-0.45153781716127517,0.49550828674271846,-1147.8519547436758,1197.2682417958629,0.3303514321141345,12,0.4166666666666667,0.26264753588567147,1.8058367052786262,203.6455869803628,115.02334823716939,0.28343294307472355
ITUB4_SA,acao,D1,TS,folga_atr=0.1;validade=3,alvo=3.0 trail=3 max=3,114,0.21052631578947367,-0.45769156057950083,0.3967232665284746,-1178.1334411318114,1265.5717109073937,0.4019757510975443,13,0.15384615384615385,-0.520747996308876,0.36646849981964347,-216.65594463967557,216.65594463967557,0.33161152351003687
ITUB4_SA,acao,D1,TS,folga_atr=0.1;validade=3,alvo=3.0 trail=3 max=10,112,0.16964285714285715,-0.4497839612804837,0.41767400661701937,-1194.0991926728063,1230.154796141791,0.32847147935472537,13,0.15384615384615385,-0.5780640432082801,0.28411166501725693,-244.82044448943066,244.82044448943066,0.39022651811872006
ITUB4_SA,acao,D1,TS1,idade=3,alvo=None trail=0 max=3,101,0.21782178217821782,-0.4870583787326287,0.3879755059728628,-1027.9514617536145,1112.275642899031,0.4178532355422542,11,0.2727272727272727,-0.6171679314931982,0.6103989097344577,-81.00523887405117,84.86095841520324,0.3805565403974862
ITUB4_SA,acao,D1,TS1,idade=3,alvo=None trail=0 max=10,99,0.16161616161616163,-0.33286091762018766,0.5493221895011428,-849.9707049595359,1171.2564293218734,0.2597666508149806,10,0.4,0.5750813373689487,2.7738354372916443,329.1724024047514,84.86095841520324,0.19377016683107506
ITUB4_SA,acao,D1,TS1,idade=3,alvo=None trail=3 max=3,101,0.1782178217821782,-0.5178093674663108,0.3402467102797151,-1098.7672593618474,1183.0914405072635,0.3892693411923809,11,0.09090909090909091,-0.958755088833466,0.13991054709301262,-242.88540478885093,242.88540478885093,0.41682202475754554
ITUB4_SA,acao,D1,TS1,idade=3,alvo=None trail=3 max=10,99,0.13131313131313133,-0.39693039552897774,0.41412734908113497,-1021.1967166816664,1138.7988266812065,0.26740744276350276,11,0.09090909090909091,-0.9453331426867247,0.16822424005092987,-234.88974485847083,234.88974485847078,0.37282238167964316
ITUB4_SA,acao,D1,TS1,idade=3,alvo=1.0 trail=0 max=3,101,0.22772277227722773,-0.6847568841882928,0.263145364423896,-1234.9837226847421,1283.3228650146614,0.5284278269219739,11,0.2727272727272727,-0.6155389373349365,0.6266103539035303,-77.63458119310364,84.86095841520324,0.37439708818756684
ITUB4_SA,acao,D1,TS1,idade=3,alvo=1.0 trail=0 max=10,101,0.2376237623762376,-0.653783103118326,0.3278531845536396,-1133.8075056266725,1207.0473279392459,0.48736213915725934,11,0.36363636363636365,-0.5096897499119035,0.8070514391028619,-39.972904971393305,84.86095841520324,0.41453526134794916
ITUB4_SA,acao,D1,TS1,idade=3,alvo=1.0 trail=3 max=3,101,0.19801980198019803,-0.695351244113047,0.23540036743183962,-1265.4643970972838,1313.8035394272028,0.5119353927773433,11,0.09090909090909091,-0.958755088833466,0.13991054709301262,-242.88540478885093,242.88540478885093,0.41682202475754554
ITUB4_SA,acao,D1,TS1,idade=3,alvo=1.0 trail=3 max=10,101,0.19801980198019803,-0.6848890420578383,0.25872063792951755,-1230.1693207941412,1292.4678473691,0.48832450686863516,11,0.09090909090909091,-0.9384469296414207,0.18275075652446476,-230.78752174444318,230.78752174444313,0.3536683729132572
ITUB4_SA,acao,D1,TS1,idade=3,alvo=2.0 trail=0 max=3,101,0.21782178217821782,-0.639045004463112,0.30587452586922786,-1165.8476135131782,1242.5926674638354,0.47656091933343336,11,0.2727272727272727,-0.5340274954628836,0.7599531676142127,-49.91015550063465,84.86095841520324,0.33041010915744506
ITUB4_SA,acao,D1,TS1,idade=3,alvo=2.0 trail=0 max=10,101,0.18811881188118812,-0.5654960785800942,0.4254391883992624,-1057.5535037150933,1189.0540321884955,0.35259613365301645,10,0.4,-0.04566774129549676,1.8501991351589764,157.77229722618776,84.86095841520324,0.2648797032337167
ITUB4_SA,acao,D1,TS1,idade=3,alvo=2.0 trail=3 max=3,101,0.18811881188118812,-0.6598356416104513,0.26278401549482444,-1222.7753372668667,1299.5203912175239,0.4685771050219768,11,0.09090909090909091,-0.958755088833466,0.13991054709301262,-242.88540478885093,242.88540478885093,0.41682202475754554
ITUB4_SA,acao,D1,TS1,idade=3,alvo=2.0 trail=3 max=10,101,0.15841584158415842,-0.6004032273436459,0.3325322897841301,-1160.0737285831024,1206.8879395806573,0.3614573946928894,11,0.09090909090909091,-0.8475060205505117,0.3745912652825036,-176.61262229984513,210.33508271629532,0.210707628469467
ITUB4_SA,acao,D1,TS1,idade=3,alvo=3.0 trail=0 max=3,101,0.21782178217821782,-0.6019382166757661,0.3386010357004201,-1110.8804284619591,1195.2046096073755,0.45128684815730497,11,0.2727272727272727,-0.44315022273561105,0.9234245628797829,-15.921443062647107,84.86095841520324,0.28881154186446184
ITUB4_SA,acao,D1,TS1,idade=3,alvo=3.0 trail=0 max=10,101,0.16831683168316833,-0.5625857938462968,0.41107299873633546,-1111.3912512518718,1229.0423260618873,0.3299040653538128,10,0.4,-0.021278544741446925,1.6727700204141462,124.84660032711216,84.86095841520324,0.28496888603493015
ITUB4_SA,acao,D1,TS1,idade=3,alvo=3.0 trail=3 max=3,101,0.18811881188118812,-0.6214072127201161,0.2979926991759586,-1164.3768340225042,1248.7010151679206,0.4374312062776939,11,0.09090909090909091,-0.958755088833466,0.13991054709301262,-242.88540478885093,242.88540478885093,0.41682202475754554
ITUB4_SA,acao,D1,TS1,idade=3,alvo=3.0 trail=3 max=10,101,0.13861386138613863,-0.6123277903534239,0.28713007106504757,-1249.5194693150468,1287.663267951758,0.3591556295848638,11,0.09090909090909091,-0.9453331426867247,0.16822424005092987,-234.88974485847083,234.88974485847078,0.37282238167964316
ITUB4_SA,acao,D1,TS1,idade=4,alvo=None trail=0 max=3,86,0.23255813953488372,-0.4364356920091305,0.4074940742613191,-858.6704899811334,918.4009835094317,0.4264882567230056,8,0.25,-0.5828355785509302,0.5221136979455205,-79.99928917319316,85.61065485759764,0.38965981661660026
ITUB4_SA,acao,D1,TS1,idade=4,alvo=None trail=0 max=10,84,0.16666666666666666,-0.28931376836279504,0.5459960722068951,-753.5088042152872,1115.3452804431854,0.2680979263179443,7,0.42857142857142855,1.2225696078654325,3.5304838424263227,367.0591605353274,84.86095841520324,0.175213837409295
ITUB4_SA,acao,D1,TS1,idade=4,alvo=None trail=3 max=3,86,0.19767441860465115,-0.45434884438158696,0.3719941816197153,-894.5678844643621,952.3921609694505,0.3984287980807206,8,0.0,-1.0525179198937986,0.0,-241.87945508799294,241.8794550879929,
ITUB4_SA,acao,D1,TS1,idade=4,alvo=None trail=3 max=10,84,0.14285714285714285,-0.30108822552984427,0.4707195199567288,-795.0173078318938,983.5427969679573,0.2614845915466049,8,0.0,-1.0525179198937986,0.0,-241.87945508799294,241.8794550879929,
ITUB4_SA,acao,D1,TS1,idade=4,alvo=1.0 trail=0 max=3,86,0.2441860465116279,-0.6645608477209873,0.26955096925084626,-1055.9716018315357,1086.8094377630666,0.5451598334461052,8,0.25,-0.5805957115833205,0.5422487660353418,-76.62863149224563,85.61065485759764,0.38069911841925297
ITUB4_SA,acao,D1,TS1,idade=4,alvo=1.0 trail=0 max=10,86,0.2441860465116279,-0.6426251293105202,0.33083327209685015,-977.9961761344703,1022.7933963110412,0.49406925516900235,8,0.375,-0.46297679776571227,0.6935852039983671,-51.06483831494307,84.86095841520324,0.4638271975788287
ITUB4_SA,acao,D1,TS1,idade=4,alvo=1.0 trail=3 max=3,86,0.22093023255813954,-0.6591444011373901,0.255877918783921,-1052.2664239578592,1083.1042598893898,0.5256776872615312,8,0.0,-1.0525179198937986,0.0,-241.87945508799294,241.8794550879929,
ITUB4_SA,acao,D1,TS1,idade=4,alvo=1.0 trail=3 max=10,86,0.22093023255813954,-0.6468573963981336,0.28309519402396716,-1016.9713476547158,1061.7685678312869,0.5004296056524438,8,0.0,-1.0525179198937986,0.0,-241.87945508799294,241.8794550879929,
ITUB4_SA,acao,D1,TS1,idade=4,alvo=2.0 trail=0 max=3,86,0.23255813953488372,-0.6149316129251631,0.3123419897220021,-996.5666417406967,1046.8117910510264,0.49243410306137464,8,0.25,-0.4685174790092478,0.7078642784691427,-48.90420579977663,85.61065485759764,0.3201441585678257
ITUB4_SA,acao,D1,TS1,idade=4,alvo=2.0 trail=0 max=10,86,0.19767441860465115,-0.5402712304397533,0.43546020513578626,-911.3608641785297,1062.2882566175517,0.3613426750806188,7,0.42857142857142855,0.06367792199289621,1.6377271248460608,92.50546443803998,84.86095841520324,0.31410624446809576
ITUB4_SA,acao,D1,TS1,idade=4,alvo=2.0 trail=3 max=3,86,0.20930232558139536,-0.6211471430857519,0.2815169726495912,-1018.5759623693813,1068.821111679711,0.48461150962222915,8,0.0,-1.0525179198937986,0.0,-241.87945508799294,241.8794550879929,
ITUB4_SA,acao,D1,TS1,idade=4,alvo=2.0 trail=3 max=10,86,0.1744186046511628,-0.5422793924284459,0.3761805949368593,-933.8943197333296,980.7085307308844,0.3596361439673696,8,0.0,-1.0525179198937986,0.0,-241.87945508799294,241.8794550879929,
ITUB4_SA,acao,D1,TS1,idade=4,alvo=3.0 trail=0 max=3,86,0.23255813953488372,-0.5713527109888615,0.35027083814992144,-941.5994566894781,999.4237331945662,0.4638447477420017,8,0.25,-0.34356122900924785,0.9109003337448154,-14.915493361789093,85.61065485759764,0.26790251875767407
ITUB4_SA,acao,D1,TS1,idade=4,alvo=3.0 trail=0 max=10,86,0.1744186046511628,-0.5484853146477358,0.4038861474877953,-990.0614482654861,1139.6941857047007,0.3434387005878209,7,0.42857142857142855,0.37062691913629614,2.121874015078063,162.73335845768818,84.86095841520321,0.2611535172024646
ITUB4_SA,acao,D1,TS1,idade=4,alvo=3.0 trail=3 max=3,86,0.20930232558139536,-0.5760160812494279,0.32271010399557337,-960.177459125019,1018.0017356301073,0.4506276446414091,8,0.0,-1.0525179198937986,0.0,-241.87945508799294,241.8794550879929,
ITUB4_SA,acao,D1,TS1,idade=4,alvo=3.0 trail=3 max=10,86,0.1511627906976744,-0.5562838210794643,0.32311527716694594,-1023.340060465274,1061.483859101985,0.3553134299634317,8,0.0,-1.0525179198937986,0.0,-241.87945508799294,241.8794550879929,
ITUB4_SA,acao,D1,ANTI,modo=stoch;recuo=1,alvo=None trail=0 max=3,229,0.4148471615720524,-0.17669333414191285,0.6602126162696635,-1644.807572421579,1964.2645284335429,0.5178000849061661,29,0.5172413793103449,-0.057916475922553425,0.8582644004269339,-124.19594806128524,351.81939391815433,0.5552326650173444
ITUB4_SA,acao,D1,ANTI,modo=stoch;recuo=1,alvo=None trail=0 max=10,179,0.3687150837988827,-0.15579752505472275,0.8549024704580569,-786.6701979413504,1691.1386189533964,0.405894125963193,23,0.5217391304347826,0.1058979782282905,1.7861734664973916,648.3198708973223,318.6991364772503,0.37917198034542327
ITUB4_SA,acao,D1,ANTI,modo=stoch;recuo=1,alvo=None trail=3 max=3,239,0.3138075313807531,-0.1566971474399534,0.66842923766596,-1465.1982597193687,1517.3339443197374,0.4062345741385007,31,0.3225806451612903,-0.18833684152432237,0.42114263625618725,-597.9622091371459,609.0456340242674,0.5306730238585511
ITUB4_SA,acao,D1,ANTI,modo=stoch;recuo=1,alvo=None trail=3 max=10,215,0.24186046511627907,-0.12032310401737599,0.7839855484199644,-916.0409891821905,1447.801622534023,0.28922689165840776,30,0.13333333333333333,-0.32975208240182596,0.17483694929544688,-928.9792171235326,943.7223809010793,0.4680683380912192
ITUB4_SA,acao,D1,ANTI,modo=stoch;recuo=1,alvo=1.0 trail=0 max=3,229,0.4410480349344978,-0.14691059634080528,0.6898249912092047,-1462.7484653251922,1800.265995620339,0.5335514058306269,30,0.5333333333333333,0.035296194098873634,1.0614025076421054,53.81990729239469,351.81939391815433,0.5184766425308808
ITUB4_SA,acao,D1,ANTI,modo=stoch;recuo=1,alvo=1.0 trail=0 max=10,193,0.47668393782383417,-0.09522737486798794,0.8318592699468315,-865.7206279772829,1455.2258282177763,0.5226744521243136,26,0.5769230769230769,0.10383345728455408,1.690775889025944,584.8514433298799,296.0905281758892,0.44644804002726923
ITUB4_SA,acao,D1,ANTI,modo=stoch;recuo=1,alvo=1.0 trail=3 max=3,239,0.34309623430962344,-0.12791728771948319,0.7073999270397724,-1262.355403458128,1325.4908514662861,0.42473448846550593,32,0.34375,-0.09338295785006938,0.5853007062897995,-426.17581678308227,568.1787876134201,0.47227904819038186
ITUB4_SA,acao,D1,ANTI,modo=stoch;recuo=1,alvo=1.0 trail=3 max=10,230,0.30869565217391304,-0.1276845227894067,0.6953149432814669,-1312.7335188193988,1417.1174331022348,0.39106590447041917,32,0.25,-0.12565238558314462,0.4756977814720798,-591.4629393776447,721.2977441270095,0.41201546792610827
ITUB4_SA,acao,D1,ANTI,modo=stoch;recuo=1,alvo=2.0 trail=0 max=3,229,0.4148471615720524,-0.19180946132036206,0.6448825975150823,-1719.0155393451282,2038.4724953570915,0.5236633315131727,29,0.5172413793103449,0.005542359377883932,0.9680795808146178,-27.970296348861453,351.81939391815433,0.5253367436899635
ITUB4_SA,acao,D1,ANTI,modo=stoch;recuo=1,alvo=2.0 trail=0 max=10,183,0.3770491803278688,-0.15635448797247925,0.806865413433842,-1067.1620635777895,1859.3464124065717,0.4286175991222135,23,0.5652173913043478,0.2987860840390137,2.2104028881216786,931.4992559119116,318.69913647725025,0.3703278630492452
ITUB4_SA,acao,D1,ANTI,modo=stoch;recuo=1,alvo=2.0 trail=3 max=3,239,0.3138075313807531,-0.17118080067788172,0.6516361572750421,-1539.4062266429178,1591.5419112432874,0.41238625815346674,31,0.3225806451612903,-0.12897212463036486,0.5142938859901125,-501.7365574247223,593.2161840032007,0.4807652643219171
ITUB4_SA,acao,D1,ANTI,modo=stoch;recuo=1,alvo=2.0 trail=3 max=10,219,0.2420091324200913,-0.16211576142448506,0.6538276463957441,-1489.7752525511212,1770.588455831438,0.32810147812881985,30,0.16666666666666666,-0.2507791055962381,0.2712563857202904,-805.0994074015897,868.9420861296894,0.4243974321839917
ITUB4_SA,acao,D1,ANTI,modo=stoch;recuo=1,alvo=3.0 trail=0 max=3,229,0.4148471615720524,-0.1806777138714188,0.658419855819963,-1653.4857815146675,1972.9427375266312,0.5184789706975281,29,0.5172413793103449,-0.057916475922553425,0.8582644004269339,-124.19594806128524,351.81939391815433,0.5552326650173444
ITUB4_SA,acao,D1,ANTI,modo=stoch;recuo=1,alvo=3.0 trail=0 max=10,181,0.3701657458563536,-0.1564632312268475,0.8473576185310687,-836.3840149671499,1675.8904638699155,0.40953853509516874,23,0.5217391304347826,0.1058979782282905,1.7861734664973916,648.3198708973223,318.6991364772503,0.37917198034542327
ITUB4_SA,acao,D1,ANTI,modo=stoch;recuo=1,alvo=3.0 trail=3 max=3,239,0.3138075313807531,-0.160514816720526,0.6664653802933471,-1473.876468812457,1526.0121534128266,0.4069444862402362,31,0.3225806451612903,-0.18833684152432237,0.42114263625618725,-597.9622091371459,609.0456340242674,0.5306730238585511
ITUB4_SA,acao,D1,ANTI,modo=stoch;recuo=1,alvo=3.0 trail=3 max=10,217,0.23963133640552994,-0.14251544668018312,0.7269830298237636,-1171.3457524530565,1583.083146729171,0.3024096232785288,30,0.13333333333333333,-0.32975208240182596,0.17483694929544688,-928.9792171235326,943.7223809010793,0.4680683380912192
ITUB4_SA,acao,D1,ANTI,modo=stoch;recuo=2,alvo=None trail=0 max=3,151,0.4105960264900662,-0.17722310542317374,0.6318578564963119,-1248.5989172468426,1472.061156238932,0.5243778650355383,17,0.5294117647058824,-0.006505848361028841,1.2614518944635231,126.40788761781744,234.59848697620845,0.47141113659569545
ITUB4_SA,acao,D1,ANTI,modo=stoch;recuo=2,alvo=None trail=0 max=10,125,0.392,-0.15478711927483604,0.868448159898786,-492.11804351462797,977.799371463673,0.42607932357998474,13,0.6923076923076923,0.4515984950054662,3.1556698859814745,788.0892224270773,201.01621375667293,0.4162296343391086
ITUB4_SA,acao,D1,ANTI,modo=stoch;recuo=2,alvo=None trail=3 max=3,156,0.2948717948717949,-0.14818834512281376,0.6581982687743673,-1013.0221882694416,1100.9064183481316,0.38850757576198125,17,0.4117647058823529,0.00135819864107277,1.111233055276365,48.048110715589964,201.25712267233865,0.38647704554684786
ITUB4_SA,acao,D1,ANTI,modo=stoch;recuo=2,alvo=None trail=3 max=10,144,0.25,-0.10946620440767481,0.8216672232469383,-512.5261010512488,844.3554532313796,0.2886001495274318,16,0.1875,-0.06516843527699061,0.9163966795490851,-36.89666251625039,441.3301088670641,0.20116465168076417
ITUB4_SA,acao,D1,ANTI,modo=stoch;recuo=2,alvo=1.0 trail=0 max=3,151,0.41721854304635764,-0.18278350661909631,0.6024081813788689,-1343.6046255634558,1587.8512630715506,0.5430476456298109,17,0.5294117647058824,0.03617239313470782,1.3253950396247498,157.32339474793633,234.59848697620845,0.4591096463255497
ITUB4_SA,acao,D1,ANTI,modo=stoch;recuo=2,alvo=1.0 trail=0 max=10,133,0.42857142857142855,-0.16753563324845233,0.7440021116390023,-979.1868369434383,1426.3392601504647,0.5020073225848448,14,0.7857142857142857,0.4872623124301088,5.5074635002786305,1003.9788422061282,125.54122205836018,0.3996745849407927
ITUB4_SA,acao,D1,ANTI,modo=stoch;recuo=2,alvo=1.0 trail=3 max=3,156,0.30128205128205127,-0.1518729973257893,0.6269325907127951,-1096.9947374548515,1159.6852022859243,0.40750625697257953,17,0.4117647058823529,0.044036440136809414,1.1828035345790104,78.96361784570888,199.93173894459414,0.371786002705013
ITUB4_SA,acao,D1,ANTI,modo=stoch;recuo=2,alvo=1.0 trail=3 max=10,152,0.2631578947368421,-0.16826632048765988,0.5793863934038178,-1247.4375927161364,1294.577010377441,0.3813472530990187,17,0.29411764705882354,-0.0023586520751501232,0.8787796765915431,-59.75676345766501,313.63060362051675,0.32163946336727295
ITUB4_SA,acao,D1,ANTI,modo=stoch;recuo=2,alvo=2.0 trail=0 max=3,151,0.4105960264900662,-0.18560874194275695,0.6175813710950083,-1297.0193562775607,1520.4815952696497,0.5300742678972986,17,0.5294117647058824,-0.006505848361028841,1.2614518944635231,126.40788761781744,234.59848697620845,0.47141113659569545
ITUB4_SA,acao,D1,ANTI,modo=stoch;recuo=2,alvo=2.0 trail=0 max=10,126,0.3888888888888889,-0.1428420568208713,0.8581222162991905,-532.2209819306333,1068.1029619216254,0.4258077353022674,13,0.6923076923076923,0.4864702747463374,3.3455849701970113,857.5200903071332,201.01621375667293,0.4021027313469214
ITUB4_SA,acao,D1,ANTI,modo=stoch;recuo=2,alvo=2.0 trail=3 max=3,156,0.2948717948717949,-0.15630521124112828,0.6418608281150688,-1061.4426273001598,1145.224640587625,0.39449527775385146,17,0.4117647058823529,0.00135819864107277,1.111233055276365,48.048110715589964,201.25712267233865,0.38647704554684786
ITUB4_SA,acao,D1,ANTI,modo=stoch;recuo=2,alvo=2.0 trail=3 max=10,145,0.2482758620689655,-0.1610208261345913,0.6628201825015388,-973.4971739798978,1152.4339540211372,0.3325714985828357,16,0.1875,-0.0443164806401847,1.0250379199035318,11.049987916830503,441.3301088670641,0.1837616792081513
ITUB4_SA,acao,D1,ANTI,modo=stoch;recuo=2,alvo=3.0 trail=0 max=3,151,0.4105960264900662,-0.17204830522359008,0.6470890430471408,-1196.940492990509,1420.4027319825987,0.5184339872570931,17,0.5294117647058824,-0.006505848361028841,1.2614518944635231,126.40788761781744,234.59848697620845,0.47141113659569545
ITUB4_SA,acao,D1,ANTI,modo=stoch;recuo=2,alvo=3.0 trail=0 max=10,125,0.392,-0.1297276417486944,0.9142106648527392,-320.9265619896189,920.8886337820227,0.41357187411867885,13,0.6923076923076923,0.4515984950054662,3.1556698859814745,788.0892224270773,201.01621375667293,0.4162296343391086
ITUB4_SA,acao,D1,ANTI,modo=stoch;recuo=2,alvo=3.0 trail=3 max=3,156,0.2948717948717949,-0.14317940390398595,0.675628231363209,-961.3637640131083,1049.2479940917976,0.38231667221905835,17,0.4117647058823529,0.00135819864107277,1.111233055276365,48.048110715589964,201.25712267233865,0.38647704554684786
ITUB4_SA,acao,D1,ANTI,modo=stoch;recuo=2,alvo=3.0 trail=3 max=10,144,0.25,-0.12233270361784927,0.7957252673627067,-587.0829477794289,818.8896781620948,0.2952312068902718,16,0.1875,-0.06516843527699061,0.9163966795490851,-36.89666251625039,441.3301088670641,0.20116465168076417
ITUB4_SA,acao,D1,ANTI,modo=310;recuo=1,alvo=None trail=0 max=3,167,0.5389221556886228,-0.0012221558729188509,0.959573270232776,-123.99524802336713,468.64683878808887,0.5491583964865303,28,0.5714285714285714,0.08470123435394802,2.152167500445127,606.8649770482091,118.04622242370971,0.3825370863239565
ITUB4_SA,acao,D1,ANTI,modo=310;recuo=1,alvo=None trail=0 max=10,133,0.42857142857142855,-0.02364038800334626,1.1658162024703393,627.5739395249898,598.5917006735714,0.39147805464475993,21,0.5238095238095238,0.10506623096476315,2.0234502927254456,820.3789465765883,251.46162682732188,0.35217464563528145
ITUB4_SA,acao,D1,ANTI,modo=310;recuo=1,alvo=None trail=3 max=3,170,0.4117647058823529,-0.006961090342653766,0.9871958380241277,-32.92984451609102,409.4987017380838,0.4148895962307309,28,0.4642857142857143,-0.0016572871160877817,1.4319053481668387,314.34622499140255,272.32126088095356,0.377045687963552
ITUB4_SA,acao,D1,ANTI,modo=310;recuo=1,alvo=None trail=3 max=10,156,0.2948717948717949,-0.0010519091113687308,1.0384891620270356,105.94197259591971,573.4344963318936,0.2870804895981797,24,0.2916666666666667,-0.029867806887605246,1.295714416182326,215.86177700546983,320.7052468995287,0.2411535816522595
ITUB4_SA,acao,D1,ANTI,modo=310;recuo=1,alvo=1.0 trail=0 max=3,170,0.5529411764705883,0.011313942147104183,0.9636249284596932,-110.95698165167553,498.6404737843882,0.5620816337205524,28,0.5714285714285714,0.10372527722970688,1.9129390099854804,480.8595201020771,118.04622242370971,0.41072750290883026
ITUB4_SA,acao,D1,ANTI,modo=310;recuo=1,alvo=1.0 trail=0 max=10,150,0.5266666666666666,0.032813232971133956,1.0627182911191255,228.07595397692526,608.4500132625858,0.5114824618527898,21,0.5714285714285714,0.1247749876329451,1.8472200827080136,632.4557489242534,251.46162682732182,0.41921425579855764
ITUB4_SA,acao,D1,ANTI,modo=310;recuo=1,alvo=1.0 trail=3 max=3,173,0.4277456647398844,0.004506223769737009,0.9954784966660358,-11.499030826759835,372.7693635082219,0.4288553063528833,28,0.4642857142857143,0.017366755759671088,1.2587764017170149,188.34076804527047,272.3212608809536,0.40775811855818545
ITUB4_SA,acao,D1,ANTI,modo=310;recuo=1,alvo=1.0 trail=3 max=10,167,0.3473053892215569,-0.02088077299447536,0.9003066558716015,-280.4299735826654,562.6026055122162,0.3714771505074874,25,0.36,0.06276905950562878,1.3844595369721082,276.04809989972694,264.8095146279552,0.2889120134847766
ITUB4_SA,acao,D1,ANTI,modo=310;recuo=1,alvo=2.0 trail=0 max=3,168,0.5357142857142857,-0.00030359196413135665,0.9693337635346546,-95.24836122892145,515.8754897879246,0.5434518970345003,28,0.5714285714285714,0.18206772731084161,2.4890685553666247,784.3161296657445,118.04622242370971,0.34882081271334214
ITUB4_SA,acao,D1,ANTI,modo=310;recuo=1,alvo=2.0 trail=0 max=10,141,0.475177304964539,0.08010316412818905,1.2385615474168017,938.8618336647664,502.6884710565427,0.4223038066018586,21,0.5714285714285714,0.24351224967964727,2.294734363726929,966.5283063776179,251.46162682732182,0.3675050866370828
ITUB4_SA,acao,D1,ANTI,modo=310;recuo=1,alvo=2.0 trail=3 max=3,171,0.4093567251461988,-0.003102248003256267,1.010938872630187,28.202933760546188,407.0075398140818,0.40672886154178906,28,0.4642857142857143,0.09570920584080582,1.6757196387821605,491.7973776089377,272.3212608809536,0.34088708895624237
ITUB4_SA,acao,D1,ANTI,modo=310;recuo=1,alvo=2.0 trail=3 max=10,162,0.2962962962962963,-0.006871188428204088,1.0021495583806952,6.077801891320803,530.3286314110029,0.2958487799902044,24,0.3333333333333333,0.11817087523955962,1.632915264270117,448.6935260598898,286.4540266929339,0.23442093944182066
ITUB4_SA,acao,D1,ANTI,modo=310;recuo=1,alvo=3.0 trail=0 max=3,167,0.5389221556886228,-0.0008260845883147014,0.9600411378435648,-122.56022320746165,468.64683878808887,0.5490377065672227,28,0.5714285714285714,0.08470123435394802,2.152167500445127,606.8649770482091,118.04622242370971,0.3825370863239565
ITUB4_SA,acao,D1,ANTI,modo=310;recuo=1,alvo=3.0 trail=0 max=10,133,0.43609022556390975,0.01016902495104597,1.1743232183923658,653.957179661058,494.8529997968679,0.3970583687602057,21,0.5238095238095238,0.10506623096476315,2.0234502927254456,820.3789465765883,251.46162682732188,0.35217464563528145
ITUB4_SA,acao,D1,ANTI,modo=310;recuo=1,alvo=3.0 trail=3 max=3,170,0.4117647058823529,-0.006572008551307342,0.9877538209254217,-31.494819700185488,408.0636769221783,0.4147524309061727,28,0.4642857142857143,-0.0016572871160877817,1.4319053481668387,314.34622499140255,272.32126088095356,0.377045687963552
ITUB4_SA,acao,D1,ANTI,modo=310;recuo=1,alvo=3.0 trail=3 max=10,156,0.2948717948717949,-0.024337568452413322,0.9763670275984931,-65.05009677170602,614.025562370123,0.2998688926868152,24,0.2916666666666667,-0.029867806887605246,1.295714416182326,215.86177700546983,320.7052468995287,0.2411535816522595
ITUB4_SA,acao,D1,ANTI,modo=310;recuo=2,alvo=None trail=0 max=3,131,0.5877862595419847,0.07859186020683664,1.2036006921262543,452.6906455462514,309.0857766719697,0.5422747638820935,18,0.4444444444444444,-0.11694469581115846,0.39885029923673243,-387.0955556609365,424.8060113710845,0.6673060018497164
ITUB4_SA,acao,D1,ANTI,modo=310;recuo=2,alvo=None trail=0 max=10,107,0.514018691588785,0.17677114160755378,1.4973994930488401,1407.0402449108503,446.9567078773059,0.41395471872498124,16,0.5,-0.005842760840749944,1.1052309781546343,83.25502317331356,379.54707929268346,0.4750072606648426
ITUB4_SA,acao,D1,ANTI,modo=310;recuo=2,alvo=None trail=3 max=3,134,0.43283582089552236,0.05625218610316649,1.2345221608160382,430.2801992481437,217.11906652663492,0.3820220823727599,18,0.3333333333333333,-0.1559503172374497,0.3250473997140013,-434.3635717777438,440.46744429690915,0.6060257873345489
ITUB4_SA,acao,D1,ANTI,modo=310;recuo=2,alvo=None trail=3 max=10,123,0.3252032520325203,0.08164767958512555,1.330998644372988,621.2898775074107,244.75157310662058,0.2658286198204992,18,0.1111111111111111,-0.23397390500334747,0.16658969201835672,-616.9151027341491,616.9151027341491,0.42868456403503713
ITUB4_SA,acao,D1,ANTI,modo=310;recuo=2,alvo=1.0 trail=0 max=3,131,0.5954198473282443,0.08483093857816132,1.1644432248300778,363.03233947922166,320.25887308796865,0.5582773927831566,18,0.4444444444444444,-0.12222566324827039,0.3851053253578805,-395.94629332981293,433.65674903996097,0.6750454857321769
ITUB4_SA,acao,D1,ANTI,modo=310;recuo=2,alvo=1.0 trail=0 max=10,118,0.576271186440678,0.09359525757362186,1.17399275984338,532.7367308155527,342.4629181739716,0.5367024016611864,16,0.5,-0.01347870537327539,1.067071550360334,53.064635314080846,379.54707929268346,0.4837761904398902
ITUB4_SA,acao,D1,ANTI,modo=310;recuo=2,alvo=1.0 trail=3 max=3,134,0.44029850746268656,0.06235158361543166,1.1872648009331426,340.6218931811138,235.09956073234653,0.39852785143711683,18,0.3333333333333333,-0.16123128467456166,0.3112943393926489,-443.21430944662023,449.3181819657856,0.6162991354953986
ITUB4_SA,acao,D1,ANTI,modo=310;recuo=2,alvo=1.0 trail=3 max=10,131,0.366412213740458,0.04774782793135425,1.0659926480104729,129.2851405000872,236.6861973022012,0.35170660924613895,18,0.1111111111111111,-0.18876321829175827,0.3083885524839448,-511.9513679039814,557.2246028325185,0.2884247848346911
ITUB4_SA,acao,D1,ANTI,modo=310;recuo=2,alvo=2.0 trail=0 max=3,131,0.5877862595419847,0.0749108770572704,1.1845036037879788,410.22972285672205,309.0857766719697,0.5462418769382382,18,0.4444444444444444,-0.06668955213715928,0.5296512642687823,-302.86949320797174,381.2504292869366,0.6016615194510762
ITUB4_SA,acao,D1,ANTI,modo=310;recuo=2,alvo=2.0 trail=0 max=10,107,0.514018691588785,0.13699679564950887,1.3751658823964703,1061.2666527134813,411.63583642623064,0.4347529634079129,16,0.5,-0.011728898111088432,1.0941474761549899,74.48614891210593,379.54707929268346,0.4775212879639567
ITUB4_SA,acao,D1,ANTI,modo=310;recuo=2,alvo=2.0 trail=3 max=3,134,0.43283582089552236,0.05265361302411291,1.211379038365153,387.8192765586144,217.11906652663492,0.38649968098490917,18,0.3333333333333333,-0.10569517356345053,0.4559253175647364,-350.1375093247791,420.6763103534006,0.5230534130780978
ITUB4_SA,acao,D1,ANTI,modo=310;recuo=2,alvo=2.0 trail=3 max=10,123,0.3333333333333333,0.03846469014891117,1.1422889778970935,266.6391687052551,232.88639063908974,0.3044531180135158,18,0.1111111111111111,-0.167175234229127,0.317829899665208,-504.9626018538187,557.2246028325185,0.28227542922125076
ITUB4_SA,acao,D1,ANTI,modo=310;recuo=2,alvo=3.0 trail=0 max=3,131,0.5877862595419847,0.08405305086836812,1.219757662873511,488.6144405062016,309.0857766719697,0.5389631367721434,18,0.4444444444444444,-0.11694469581115846,0.39885029923673243,-387.0955556609365,424.8060113710845,0.6673060018497164
ITUB4_SA,acao,D1,ANTI,modo=310;recuo=2,alvo=3.0 trail=0 max=10,107,0.514018691588785,0.14116535646859324,1.4314273212551503,1220.4186217384702,446.9567078773059,0.4249262652512851,16,0.5,-0.005842760840749944,1.1052309781546343,83.25502317331356,379.54707929268346,0.4750072606648426
ITUB4_SA,acao,D1,ANTI,modo=310;recuo=2,alvo=3.0 trail=3 max=3,134,0.43283582089552236,0.06159111130212636,1.2541022531220316,466.2039942080939,217.11906652663492,0.37831406898453845,18,0.3333333333333333,-0.1559503172374497,0.3250473997140013,-434.3635717777438,440.46744429690915,0.6060257873345489
ITUB4_SA,acao,D1,ANTI,modo=310;recuo=2,alvo=3.0 trail=3 max=10,123,0.3252032520325203,0.046772670940386306,1.233987075746944,439.1975740701847,244.75157310662058,0.28085760121049413,18,0.1111111111111111,-0.23397390500334747,0.16658969201835672,-616.9151027341491,616.9151027341491,0.42868456403503713
ITUB4_SA,acao,D1,PIN,rsi_lo=30.0;rsi_hi=70.0,alvo=None trail=0 max=3,125,0.4,-0.20351730782245503,0.6676107154752844,-707.8401253707277,893.7342102380787,0.499646232177337,25,0.32,-0.38282877316130537,0.36357042436350323,-721.6580984939965,734.7503470739227,0.5641471557548414
ITUB4_SA,acao,D1,PIN,rsi_lo=30.0;rsi_hi=70.0,alvo=None trail=0 max=10,115,0.2782608695652174,-0.18203975668513675,0.6497129043478054,-1074.1018132661961,1279.7491369117733,0.37241273066074404,21,0.3333333333333333,-0.3136345808731302,0.420215907568649,-649.0046767494847,823.0962669397884,0.5433507461537764
ITUB4_SA,acao,D1,PIN,rsi_lo=30.0;rsi_hi=70.0,alvo=None trail=3 max=3,125,0.32,-0.24490088587297607,0.5668503807229932,-940.8906616050663,1065.6087819007428,0.45360585969006967,26,0.23076923076923078,-0.36555403681338816,0.3606505886274941,-665.5637423686229,703.3823942776402,0.45409783199202464
ITUB4_SA,acao,D1,PIN,rsi_lo=30.0;rsi_hi=70.0,alvo=None trail=3 max=10,121,0.24793388429752067,-0.24053278346184784,0.4709124970178292,-1289.6412708398886,1435.5846665097945,0.4117879108575259,26,0.19230769230769232,-0.41980384917182134,0.2685052042672394,-791.0518449822546,791.0518449822547,0.46998624198768196
ITUB4_SA,acao,D1,PIN,rsi_lo=30.0;rsi_hi=70.0,alvo=1.0 trail=0 max=3,126,0.4444444444444444,-0.17632698976520833,0.7996317786796183,-393.58998372192724,649.5500694224445,0.5001150956505396,25,0.4,-0.25138858348398935,0.5122105199405851,-496.9699452774106,705.8789816511098,0.5655098548350904
ITUB4_SA,acao,D1,PIN,rsi_lo=30.0;rsi_hi=70.0,alvo=1.0 trail=0 max=10,125,0.408,-0.24363278960986115,0.6720582994505576,-893.8620900528507,936.303766550452,0.5062923494374083,24,0.4166666666666667,-0.18193381618901303,0.6208683840442492,-410.17152687424374,619.0805632479432,0.5349837259827586
ITUB4_SA,acao,D1,PIN,rsi_lo=30.0;rsi_hi=70.0,alvo=1.0 trail=3 max=3,127,0.36220472440944884,-0.22568631606612613,0.6696924117606338,-706.105874271423,861.6029821513225,0.45887536369683707,26,0.3076923076923077,-0.2645092272296669,0.5079469402442225,-469.853075680928,678.7621120546274,0.4666615548918805
ITUB4_SA,acao,D1,PIN,rsi_lo=30.0;rsi_hi=70.0,alvo=1.0 trail=3 max=10,126,0.3333333333333333,-0.2722605197037297,0.5526888183741008,-1083.9520402247542,1145.5234362376157,0.4749741721131418,26,0.3076923076923077,-0.2692280666256892,0.5115733196090672,-470.7181048101945,679.6271411838941,0.4648914080424633
ITUB4_SA,acao,D1,PIN,rsi_lo=30.0;rsi_hi=70.0,alvo=2.0 trail=0 max=3,125,0.4,-0.211444651830968,0.6533019432510653,-738.3113938400919,907.7371866421174,0.5050625156216535,25,0.36,-0.24287083999254266,0.49286083458372937,-550.7420562905046,734.7503470739225,0.5329930594040562
ITUB4_SA,acao,D1,PIN,rsi_lo=30.0;rsi_hi=70.0,alvo=2.0 trail=0 max=10,120,0.2833333333333333,-0.30371118308296075,0.5070890446843861,-1556.4527179114043,1696.2747514780026,0.43808980666868363,22,0.36363636363636365,-0.08060931643463184,0.6963333309476464,-343.1442618610814,694.2584944857473,0.4507380844601179
ITUB4_SA,acao,D1,PIN,rsi_lo=30.0;rsi_hi=70.0,alvo=2.0 trail=3 max=3,125,0.32,-0.25282822988148906,0.5528225888923494,-971.3619300744303,1079.6117583047815,0.4598233907367544,26,0.2692307692307692,-0.25631908925712205,0.48766691935819595,-523.625186694022,698.3459494596203,0.4303541980332593
ITUB4_SA,acao,D1,PIN,rsi_lo=30.0;rsi_hi=70.0,alvo=2.0 trail=3 max=10,123,0.24390243902439024,-0.3079105139580663,0.38785943928094146,-1523.448605931796,1614.082419804882,0.45405749510115156,26,0.23076923076923078,-0.2608655222690958,0.48616212737121933,-545.9307811416063,714.6537201744471,0.3816006769534224
ITUB4_SA,acao,D1,PIN,rsi_lo=30.0;rsi_hi=70.0,alvo=3.0 trail=0 max=3,125,0.4,-0.21149512166898388,0.6544217959662237,-735.9266097233958,921.1530924456927,0.5046343871159239,25,0.32,-0.38282877316130537,0.36357042436350323,-721.6580984939965,734.7503470739227,0.5641471557548414
ITUB4_SA,acao,D1,PIN,rsi_lo=30.0;rsi_hi=70.0,alvo=3.0 trail=0 max=10,117,0.28205128205128205,-0.2598417855761917,0.5673561757065378,-1343.9032121806429,1552.4632794804634,0.4091352778201324,21,0.3333333333333333,-0.3136345808731302,0.420215907568649,-649.0046767494847,823.0962669397884,0.5433507461537764
ITUB4_SA,acao,D1,PIN,rsi_lo=30.0;rsi_hi=70.0,alvo=3.0 trail=3 max=3,125,0.32,-0.2528786997195049,0.5539204511353889,-968.9771459577344,1093.0276641083565,0.4593306445591542,26,0.23076923076923078,-0.36555403681338816,0.3606505886274941,-665.5637423686229,703.3823942776402,0.45409783199202464
ITUB4_SA,acao,D1,PIN,rsi_lo=30.0;rsi_hi=70.0,alvo=3.0 trail=3 max=10,121,0.24793388429752067,-0.27193405355944245,0.42402753461512993,-1403.922523289609,1533.3036785505449,0.43740382624391855,26,0.19230769230769232,-0.41980384917182134,0.2685052042672394,-791.0518449822546,791.0518449822547,0.46998624198768196
ITUB4_SA,acao,D1,PIN,rsi_lo=20.0;rsi_hi=80.0,alvo=None trail=0 max=3,20,0.45,-0.15942760651069562,0.3210183994024494,-268.00510814324934,348.0826843213221,0.7182072172675797,4,0.5,-0.23617551818451402,0.3032035134992014,-88.17764595304592,126.54720231994865,0.7673398587722675
ITUB4_SA,acao,D1,PIN,rsi_lo=20.0;rsi_hi=80.0,alvo=None trail=0 max=10,20,0.3,0.033503103845343794,0.744290573218416,-170.02225475367806,298.08521332447003,0.3654065251644334,4,0.5,0.051002149771339975,0.9284664749312102,-9.542955706463907,117.03483688284012,0.518546738042553
ITUB4_SA,acao,D1,PIN,rsi_lo=20.0;rsi_hi=80.0,alvo=None trail=3 max=3,20,0.35,-0.2491701700705994,0.23789597006842314,-343.5005279909018,421.44756531451344,0.6935742007327516,4,0.25,-0.5641057681871613,0.03811878178503034,-177.84701645641687,184.89498816336183,0.8973790154004542
ITUB4_SA,acao,D1,PIN,rsi_lo=20.0;rsi_hi=80.0,alvo=None trail=3 max=10,20,0.2,-0.14711110137990036,0.24753478451178573,-372.3531662065188,479.59318995393676,0.5024774302872445,4,0.25,-0.5410314559029513,0.08136311203867494,-169.85135652603674,184.89498816336183,0.8038007970729356
ITUB4_SA,acao,D1,PIN,rsi_lo=20.0;rsi_hi=80.0,alvo=1.0 trail=0 max=3,20,0.45,-0.06788158382083928,0.5412436319145484,-181.07861823051186,321.3332363550222,0.6018585411386987,4,0.5,-0.23617551818451402,0.3032035134992014,-88.17764595304592,126.54720231994865,0.7673398587722675
ITUB4_SA,acao,D1,PIN,rsi_lo=20.0;rsi_hi=80.0,alvo=1.0 trail=0 max=10,20,0.4,-0.19952193983687722,0.4755530669815854,-315.40157353008595,399.1963130700949,0.5836588591735603,4,0.5,0.14204369355748203,1.0413667619421745,5.518547793560959,103.57252387265376,0.4898678760932656
ITUB4_SA,acao,D1,PIN,rsi_lo=20.0;rsi_hi=80.0,alvo=1.0 trail=3 max=3,20,0.35,-0.15762414738074298,0.43075456233253306,-256.57403807816434,399.9257383556064,0.5555639635168884,4,0.25,-0.5641057681871613,0.03811878178503034,-177.84701645641687,184.89498816336183,0.8973790154004542
ITUB4_SA,acao,D1,PIN,rsi_lo=20.0;rsi_hi=80.0,alvo=1.0 trail=3 max=10,20,0.35,-0.15253274399004296,0.43396409452344964,-269.09338377350264,427.85866224465366,0.5537303010088905,4,0.25,-0.5410314559029513,0.08136311203867494,-169.85135652603674,184.89498816336183,0.8038007970729356
ITUB4_SA,acao,D1,PIN,rsi_lo=20.0;rsi_hi=80.0,alvo=2.0 trail=0 max=3,20,0.45,-0.15942760651069562,0.3210183994024494,-268.00510814324934,348.0826843213221,0.7182072172675797,4,0.5,-0.23617551818451402,0.3032035134992014,-88.17764595304592,126.54720231994865,0.7673398587722675
ITUB4_SA,acao,D1,PIN,rsi_lo=20.0;rsi_hi=80.0,alvo=2.0 trail=0 max=10,20,0.3,-0.23393429213032993,0.46254496910027615,-357.356071429979,400.46027906261696,0.4809376526918296,4,0.5,0.051002149771339975,0.9284664749312102,-9.542955706463907,117.03483688284012,0.518546738042553
ITUB4_SA,acao,D1,PIN,rsi_lo=20.0;rsi_hi=80.0,alvo=2.0 trail=3 max=3,20,0.35,-0.2491701700705994,0.23789597006842314,-343.5005279909018,421.44756531451344,0.6935742007327516,4,0.25,-0.5641057681871613,0.03811878178503034,-177.84701645641687,184.89498816336183,0.8973790154004542
ITUB4_SA,acao,D1,PIN,rsi_lo=20.0;rsi_hi=80.0,alvo=2.0 trail=3 max=10,20,0.2,-0.2552474599022778,0.16479891705363095,-413.2945433928366,479.59318995393676,0.6027016699459621,4,0.25,-0.5410314559029513,0.08136311203867494,-169.85135652603674,184.89498816336183,0.8038007970729356
ITUB4_SA,acao,D1,PIN,rsi_lo=20.0;rsi_hi=80.0,alvo=3.0 trail=0 max=3,20,0.45,-0.15942760651069562,0.3210183994024494,-268.00510814324934,348.0826843213221,0.7182072172675797,4,0.5,-0.23617551818451402,0.3032035134992014,-88.17764595304592,126.54720231994865,0.7673398587722675
ITUB4_SA,acao,D1,PIN,rsi_lo=20.0;rsi_hi=80.0,alvo=3.0 trail=0 max=10,20,0.3,-0.18566175193160417,0.5277385985043889,-314.0085577838328,375.50463366913743,0.4481511397322731,4,0.5,0.051002149771339975,0.9284664749312102,-9.542955706463907,117.03483688284012,0.518546738042553
ITUB4_SA,acao,D1,PIN,rsi_lo=20.0;rsi_hi=80.0,alvo=3.0 trail=3 max=3,20,0.35,-0.2491701700705994,0.23789597006842314,-343.5005279909018,421.44756531451344,0.6935742007327516,4,0.25,-0.5641057681871613,0.03811878178503034,-177.84701645641687,184.89498816336183,0.8973790154004542
ITUB4_SA,acao,D1,PIN,rsi_lo=20.0;rsi_hi=80.0,alvo=3.0 trail=3 max=10,20,0.2,-0.22806895878744848,0.18737666535297942,-402.1220720386336,479.59318995393664,0.5715897070051521,4,0.25,-0.5410314559029513,0.08136311203867494,-169.85135652603674,184.89498816336183,0.8038007970729356
