id;prem;n;liq;media;lo;hi;win;be;anos;anos_pos
BASE;P0;149;5027,5;33,741610738255034;3,405201342281879;64,39312080536912;55,033557046979865;44,13268531341054;+1328/+2043/+1514;3
BASE;P2;143;4144,5;28,982517482517483;-1,8506993006993002;60,42499999999997;53,84615384615385;44,53239661948318;+750/+1958/+1293;3
A_e10;P0;135;5141,5;38,08518518518518;5,217962962962966;70,18611111111105;55,55555555555556;43,41427129270496;+1600/+2088/+1074;3
A_e10;P2;129;4258,5;33,01162790697674;-0,6480620155038758;66,51686046511625;54,263565891472865;43,81197909958972;+1023/+2003/+852;3
A_e20;P0;148;5021,0;33,92567567567568;2,80945945945946;65,18361486486485;54,729729729729726;43,84166668145102;+1328/+2043/+1508;3
A_e20;P2;142;4138,0;29,140845070422536;-2,40281690140845;60,377112676056285;53,52112676056338;44,22180374592834;+750/+1958/+1286;3
A_e50;P0;146;4585,0;31,404109589041095;0,7299657534246585;61,447773972602704;54,794520547945204;44,54874743722356;+885/+2043/+1514;3
A_e50;P2;142;4285,0;30,176056338028168;-1,0357394366197181;61,69119718309858;54,22535211267606;44,52711926878854;+891/+1958/+1293;3
A_s10d;P0;109;3070,5;28,1697247706422;-5,04518348623853;61,53899082568804;53,21100917431193;43,69115501544065;+406/+1764/+880;3
A_s10d;P2;106;2890,0;27,264150943396228;-7,689150943396227;62,38891509433959;51,886792452830186;42,85029794363943;+310/+1679/+880;3
A_s20d;P0;107;2805,5;26,2196261682243;-9,687149532710281;62,00537383177569;50,467289719626166;42,006656609593904;+534/+1534/+734;3
A_s20d;P2;104;2404,0;23,115384615384617;-13,00048076923077;59,09855769230766;49,03846153846153;41,643923972732445;+439/+1450/+512;3
S30;P0;148;5168,0;34,91891891891892;4,761148648648649;65,6307432432432;55,4054054054054;44,1220302066317;+1468/+2043/+1514;3
S30;P2;142;4285,0;30,176056338028168;-1,0357394366197181;61,69119718309858;54,22535211267606;44,52711926878854;+891/+1958/+1293;3
S15;P0;146;5233,0;35,842465753424655;5,664041095890411;68,172602739726;55,47945205479452;44,010877214732915;+1468/+2043/+1580;3
S15;P2;140;4350,0;31,071428571428573;-1,1739285714285705;63,956964285714186;54,285714285714285;44,40241701326219;+891/+1958/+1358;3
E15;P0;53;-681,5;-12,858490566037736;-52,783962264150944;30,087735849056564;47,16981132075472;52,164840897235266;-472/+284/-272;1
E15;P2;50;-771,0;-15,42;-59,482;29,380999999999986;46,0;51,7389037385082;-562/+284/-272;1
E25;P0;112;1656,0;14,785714285714286;-17,662276785714283;48,294642857142854;50,89285714285714;45,803303204384946;+988/+510/+16;3
E25;P2;107;994,5;9,294392523364486;-24,19299065420561;44,221962616822395;49,532710280373834;46,351157236029266;+411/+425/+16;3
P30;P0;53;90,5;1,7075471698113207;-39,71556603773585;46,916037735849045;41,509433962264154;40,870776503622295;-20/+426/+95;2
P30;P2;52;-5,0;-0,09615384615384616;-42,73173076923077;46,577884615384605;40,38461538461539;40,42018239154521;-115/+426/+95;2
P60;P0;65;24,5;0,3769230769230769;-36,16269230769231;38,870384615384594;43,07692307692308;42,92918783742372;+109/+654/-406;2
P60;P2;64;3,0;0,046875;-37,859765625;39,87578124999999;42,1875;42,16945246289566;+109/+654/-428;2
