variavel,par,n,rho,nulo_med,nulo_lo,nulo_hi,p_nulo,rho_menos_nulo
v,B->C (mesmo dia),125,-0.3385,-0.3314,-0.5882,-0.0866,0.9547,-0.0071
v,C->A (pos X -> pre X+1),122,-0.5201,-0.5089,-0.6772,-0.3166,0.9247,-0.0111
v,A->B (pre X+1 -> pregao X+1),122,-0.4569,-0.5603,-0.7138,-0.3881,0.2597,0.1034
n,B->C (mesmo dia),125,-0.1622,-0.0933,-0.5217,0.3016,0.8387,-0.0689
n,C->A (pos X -> pre X+1),122,-0.6494,-0.6427,-0.8377,-0.4530,0.9637,-0.0066
n,A->B (pre X+1 -> pregao X+1),122,-0.6705,-0.6565,-0.8505,-0.4508,0.9123,-0.0140
vn,B->C (mesmo dia),125,-0.1842,-0.0532,-0.5483,0.3806,0.7383,-0.1309
vn,C->A (pos X -> pre X+1),122,-0.6318,-0.6624,-0.8568,-0.4422,0.8540,0.0306
vn,A->B (pre X+1 -> pregao X+1),122,-0.5651,-0.6558,-0.8497,-0.4338,0.5433,0.0907
