,ATUAL,A abertura+mes ant. (bloqueia),A abertura D0 (bloqueia),"C VWAP, a favor sai c21","C abertura+mes ant., a favor c21",COMBO abertura+mes ant. bloq + c21,COMBO abertura D0 bloq + c21,COMBO abertura+mes ant. bloq + 9x21,controle: c21 em tudo
2026-01 07-30,1430.9,1597.7,1684.5,1813.6,1840.1,1988.5,2075.3,2198.6,1636.2
2026-02 01-18,416.6,380.4,380.4,690.9,534.4,498.2,498.2,465.1,679.2
2026-02 24-27,-420.0,-272.3,-272.3,-450.3,-420.0,-272.3,-268.7,-272.3,-555.0
2026-03 01-31,34.2,-209.2,-133.8,442.0,275.8,32.4,456.1,-96.8,647.4
2026-04 01-15,-987.1,1.7,-285.0,-923.4,-964.2,328.3,-964.2,380.0,-925.1
2026-04 22-30,1359.2,1399.1,1399.1,1305.4,1313.3,1353.2,1345.3,1612.7,1305.4
2026-05 01-29,490.3,835.5,524.1,520.5,737.6,1082.8,554.3,848.2,494.1
2026-06 01-17,-645.4,-626.0,-661.9,-380.5,-251.9,-232.5,-317.4,295.4,-362.4
2026-06 23-30,162.4,118.7,146.8,47.0,154.0,110.3,31.4,338.0,-133.8
2026-07 01-31,1930.6,1472.5,1488.1,1517.8,1624.5,1123.6,1030.3,847.9,1503.9
2026-08 01-12,621.9,157.7,607.0,936.6,716.8,252.6,939.6,364.4,936.6
2026-08 18-31,693.5,693.5,589.0,655.5,758.5,758.5,551.0,591.5,655.5
2026-09 01-30,151.0,1381.5,1381.5,-77.0,-523.0,707.5,707.5,324.0,-460.0
2026-10 01-01,-269.5,-269.5,-269.5,-241.0,-241.0,-241.0,-241.0,-305.0,-241.0
