tabela,chave,n,real,nulo,z
T1a,23%,4857,0.6106650195593988,0.5971062041592428,2.1801336575887946
T1a,38%,2758,0.4354604786076867,0.4245596554081358,1.1584537001662008
T1a,50%,1852,0.34071274298056153,0.3205739683428185,1.8394603339986826
T1a,62%,1139,0.25636523266022826,0.23025951739083322,2.1309784813892385
T1a,79%,443,0.13769751693002258,0.1363855827170815,0.0715374629142793
T1a,conf,8087,0.7588722641276122,0.7500195713841584,1.997605246454872
T1b,"23%|A1:<1,5T",2560,0.705078125,0.692909221393374,1.284903645135052
T1b,"23%|A2:1,5-2,5T",1745,0.5713467048710602,0.544718292624759,2.3733520751057946
T1b,"23%|A3:>=2,5T",552,0.2971014492753623,0.2786917248215042,0.9626159704678149
T1b,"38%|A1:<1,5T",1633,0.5401102265768524,0.5345541337586062,0.4538573455016702
T1b,"38%|A2:1,5-2,5T",1063,0.2991533396048918,0.2741196754147196,1.9668525515532875
T1b,"38%|A3:>=2,5T",62,0.016129032258064516,0.017303686063734967,-0.06954281196000928
T1b,"50%|A1:<1,5T",1283,0.4185502727981294,0.40125913049461037,1.293262218383958
T1b,"50%|A2:1,5-2,5T",569,0.16520210896309315,0.1359508589962875,1.7682427334104098
T1b,"62%|A1:<1,5T",1005,0.2835820895522388,0.2586889409960612,1.8615793907848102
T1b,"62%|A2:1,5-2,5T",134,0.05223880597014925,0.02982805042396507,1.8696722735323763
T1b,"79%|A1:<1,5T",443,0.13769751693002258,0.1363855827170815,0.0715374629142793
T1b,"conf|A1:<1,5T",3212,0.7649439601494396,0.7564076595373795,1.0634198506661159
T1b,"conf|A2:1,5-2,5T",3159,0.7632162076606521,0.7485637071513729,2.405528444185939
T1b,"conf|A3:>=2,5T",1716,0.7395104895104895,0.7395921248758677,-0.0093593860908857
T1c,23%|a<11h,1967,0.5927808845958312,0.5830556898129639,1.2137275502731786
T1c,23%|b11-13h,1322,0.6217851739788199,0.594609787682039,2.46840476653592
T1c,23%|c>=13h,1568,0.6237244897959183,0.6175030862276958,0.641968408377641
T1c,38%|a<11h,1144,0.42832167832167833,0.41958170852809024,0.6863462370164801
T1c,38%|b11-13h,739,0.456021650879567,0.4195307816376208,2.0519667184463404
T1c,38%|c>=13h,875,0.42742857142857144,0.436032604704632,-0.5131519972217489
T1c,50%|a<11h,789,0.3333333333333333,0.3193408207112548,0.906887187683823
T1c,50%|b11-13h,484,0.36983471074380164,0.3135128347907469,2.935490734357469
T1c,50%|c>=13h,579,0.32642487046632124,0.32904702471015324,-0.12854253609851737
T1c,62%|a<11h,479,0.24634655532359082,0.2335686387857431,0.6898516453742275
T1c,62%|b11-13h,285,0.2912280701754386,0.2254922182269074,3.107918480537692
T1c,62%|c>=13h,375,0.24266666666666667,0.23076665239936242,0.5552539623174727
T1c,79%|a<11h,181,0.13812154696132597,0.14403109071111828,-0.233422510000635
T1c,79%|b11-13h,103,0.11650485436893204,0.13614494982767664,-0.6613924663178056
T1c,79%|c>=13h,159,0.1509433962264151,0.12767696241338344,0.7710560697861278
T1c,conf|a<11h,3136,0.7369260204081632,0.7275939613896005,1.4059767620207486
T1c,conf|b11-13h,2231,0.7678171223666517,0.7461478786476047,2.4304034283628826
T1c,conf|c>=13h,2720,0.7768382352941177,0.7788406094148987,-0.32845523226900514
T1d,23%|a<11h,2247,0.5959056519804183,0.5820380719256202,1.7123386336971718
T1d,23%|b11-13h,1195,0.6192468619246861,0.6038012167902135,1.1718829062505451
T1d,23%|c>=13h,1415,0.6268551236749117,0.6160180561173111,1.0899989033631434
T1d,38%|a<11h,1301,0.4358186010760953,0.4176796502197092,1.481228731474795
T1d,38%|b11-13h,675,0.4444444444444444,0.42710564848465343,0.8471166995253788
T1d,38%|c>=13h,782,0.42710997442455245,0.4343130955490402,-0.4227238874544451
T1d,50%|a<11h,892,0.34417040358744394,0.31676293872905936,1.8179138683454859
T1d,50%|b11-13h,446,0.34977578475336324,0.32073888361737823,1.182959289021605
T1d,50%|c>=13h,514,0.32684824902723736,0.32756295639058575,-0.033273592607054335
T1d,62%|a<11h,533,0.2570356472795497,0.2315279324865697,1.4442757842512535
T1d,62%|b11-13h,272,0.27941176470588236,0.2281582766167583,1.9487145797908174
T1d,62%|c>=13h,334,0.23652694610778444,0.23048538970246332,0.2801118751492845
T1d,79%|a<11h,200,0.125,0.1432529653326367,-0.7542956525311162
T1d,79%|b11-13h,97,0.15463917525773196,0.13402778054768183,0.6446128435172549
T1d,79%|c>=13h,146,0.14383561643835616,0.12814932923555522,0.4566035331379591
T1d,conf|a<11h,3617,0.7406690627591928,0.7274099258599707,2.04204203737379
T1d,conf|b11-13h,2016,0.7673611111111112,0.7549944316590793,1.354102325317461
T1d,conf|c>=13h,2454,0.7787286063569682,0.7788476820082336,-0.01931048191100248
T5a,23%|1,1704,0.6742957746478874,0.6714352424101205,0.26833977827320854
T5a,23%|2,1035,0.6734299516908212,0.6419914562792671,2.310386331312737
T5a,23%|3,700,0.6257142857142857,0.6091783382099343,0.9336122722133035
T5a,23%|4+,1418,0.4809590973201692,0.4637511799081575,1.2393187374607326
T5a,38%|1,1133,0.5225066195939982,0.5185195114122332,0.29360681103662295
T5a,38%|2,613,0.47145187601957583,0.45277461862931645,0.8677770056987079
T5a,38%|3,395,0.3848101265822785,0.383784227764595,0.04993072053514348
T5a,38%|4+,617,0.27228525121555913,0.24745976883687062,1.4343771881820124
T5a,50%|1,864,0.4027777777777778,0.39604485491891667,0.5131078536240271
T5a,50%|2,455,0.36043956043956044,0.31580193056323014,1.7182522760363332
T5a,50%|3,274,0.2737226277372263,0.24453464407574468,1.202169508066238
T5a,50%|4+,259,0.16988416988416988,0.15473601952717478,0.6515153746570793
T5a,62%|1,650,0.2969230769230769,0.2806946784292756,1.103362045333227
T5a,62%|2,286,0.24475524475524477,0.20035565987460094,2.132932824189944
T5a,62%|3,133,0.15037593984962405,0.14462437007202408,0.1684374973275843
T5a,62%|4+,70,0.12857142857142856,0.09305788431044257,1.0356481827861024
T5a,79%|1,321,0.14018691588785046,0.15600293128306775,-0.6810361545384704
T5a,79%|2,94,0.14893617021276595,0.09244970606659461,1.694605801864046
T5a,conf|1,2048,0.72802734375,0.732311181078179,-0.48398969368533323
T5a,conf|2,1468,0.7697547683923706,0.74810747305912,2.327472909438346
T5a,conf|3,1118,0.7647584973166368,0.7600822345547774,0.407589717473883
T5a,conf|4+,3453,0.7706342311033884,0.7588603358283935,1.7806631541318534
T2a,0-23,1870,0.4588235294117647,0.4524284259574764,0.6337093806232359
T2a,23-38,1713,0.45242265032107415,0.4148404164451599,3.4462381784676253
T2a,38-50,646,0.3993808049535604,0.3881169925876401,0.71137972703388
T2a,50-62,331,0.4078549848942598,0.377502141279583,1.1314059032260055
T2a,62-79,175,0.4,0.3995801738270985,0.010300657598130659
T2a,79-100,34,0.4117647058823529,0.5189534287142593,-1.0003791631624117
T2b,"0-23|A1:<1,5T",214,0.5233644859813084,0.5212959862720578,0.06299896896951887
T2b,"0-23|A2:1,5-2,5T",825,0.4763636363636364,0.46693533979228813,0.6504318332179158
T2b,"0-23|A3:>=2,5T",831,0.42478941034897716,0.4174826252662804,0.547471878716542
T2b,"23-38|A1:<1,5T",837,0.4874551971326165,0.44052021080402454,2.745596256378722
T2b,"23-38|A2:1,5-2,5T",746,0.4195710455764075,0.3901503373463898,1.6314435668729854
T2b,"23-38|A3:>=2,5T",130,0.4153846153846154,0.39484140378080906,0.4532481098637834
T2b,"38-50|A1:<1,5T",454,0.3832599118942731,0.3867095381547221,-0.15089608374826607
T2b,"38-50|A2:1,5-2,5T",192,0.4375,0.39131970039375685,1.519048371930002
T2b,"50-62|A1:<1,5T",282,0.3723404255319149,0.3639748908617508,0.310091355588892
T2b,"50-62|A2:1,5-2,5T",49,0.6122448979591837,0.4695753835441153,1.6623436104369713
T2b,"62-79|A1:<1,5T",172,0.38953488372093026,0.3963837730492449,-0.16649870159949073
T2b,"79-100|A1:<1,5T",34,0.4117647058823529,0.5189534287142593,-1.0003791631624117
T2c,0-23|a<11h,558,0.4121863799283154,0.4169624171937173,-0.22384912764988255
T2c,0-23|b11-13h,522,0.4444444444444444,0.4236379952638786,0.934825964598082
T2c,0-23|c>=13h,790,0.5012658227848101,0.4923014828136879,0.5047386664134327
T2c,23-38|a<11h,576,0.4600694444444444,0.4070681860940346,2.872829175459274
T2c,23-38|b11-13h,478,0.46443514644351463,0.40795978299221947,2.139573815017269
T2c,23-38|c>=13h,659,0.4370257966616085,0.42626378489018374,0.5950280949534051
T2c,38-50|a<11h,248,0.40725806451612906,0.41268657334759984,-0.16909984943638778
T2c,38-50|b11-13h,169,0.41420118343195267,0.3821091343596267,0.9923492969323647
T2c,38-50|c>=13h,229,0.3799126637554585,0.364993069825157,0.45754076468643307
T2c,50-62|a<11h,149,0.4697986577181208,0.4033244392929289,1.5102294181239735
T2c,50-62|b11-13h,79,0.3924050632911392,0.3711899876199474,0.43144618446076677
T2c,50-62|c>=13h,103,0.3300970873786408,0.347800823160129,-0.37735365772735063
T2c,62-79|a<11h,72,0.4305555555555556,0.46112896158551664,-0.5278178744969733
T2c,62-79|b11-13h,49,0.42857142857142855,0.36666719891157307,0.8988465295397892
T2c,62-79|c>=13h,54,0.3333333333333333,0.33995512195892125,-0.10513175643594312
T5b,1,1185,0.4413502109704641,0.4222789281897672,1.3505853054017674
T5b,2,868,0.4608294930875576,0.4220458838341097,2.5043710116220375
T5b,3,656,0.43902439024390244,0.4283466883721815,0.48356732888819615
T5b,4+,2060,0.43640776699029127,0.42344751488818055,1.2245432172243647
T5c,"1|A1:<1,5T",1063,0.4412041392285983,0.421823935053692,1.2973503568909641
T5c,"1|A2:1,5-2,5T",117,0.4358974358974359,0.4262529245803458,0.2625702356305444
T5c,"2|A1:<1,5T",559,0.45080500894454384,0.42293879725457695,1.1777362386043009
T5c,"2|A2:1,5-2,5T",292,0.4657534246575342,0.42051587501713594,1.370294898324219
T5c,"3|A1:<1,5T",246,0.4105691056910569,0.42975626240701564,-0.5875614168180554
T5c,"3|A2:1,5-2,5T",375,0.472,0.4264938702828614,1.8925610642022073
T5c,"3|A3:>=2,5T",35,0.2857142857142857,0.43638036180473233,-1.598040038648927
T5c,"4+|A1:<1,5T",125,0.464,0.4266273903423822,0.6994236586005228
T5c,"4+|A2:1,5-2,5T",1031,0.4451988360814743,0.4311543094262696,0.8522562257909213
T5c,"4+|A3:>=2,5T",904,0.4225663716814159,0.413924536657289,0.6160777489043625
T4a,maior/igual ao anterior,2836,0.4301833568406206,0.4085980997978229,2.03270923336572
T4a,menor que o anterior,1720,0.4622093023255814,0.4490473794280696,1.1425368557126743
T4a,sem anterior,213,0.4460093896713615,0.4235018667946783,0.8539021599112129
T4b,"maior/igual ao anterior|A1:<1,5T",1143,0.4094488188976378,0.4070641482850038,0.13776071620470848
T4b,"maior/igual ao anterior|A2:1,5-2,5T",1094,0.45429616087751373,0.4126809392190662,2.7767817526541734
T4b,"maior/igual ao anterior|A3:>=2,5T",599,0.4257095158597663,0.4039463199714256,1.2770901014017355
T4b,"menor que o anterior|A1:<1,5T",676,0.5014792899408284,0.4541032016159998,2.364016464925608
T4b,"menor que o anterior|A2:1,5-2,5T",685,0.4481751824817518,0.4525671959897931,-0.23760167139143382
T4b,"menor que o anterior|A3:>=2,5T",359,0.415041782729805,0.43293401500056905,-0.6182372852335026
T4b,"sem anterior|A1:<1,5T",174,0.41954022988505746,0.4202469012551763,-0.023983354221140014
T4b,"sem anterior|A2:1,5-2,5T",36,0.5277777777777778,0.4373965751141731,1.1271985947050325
T3,todos|1|morre,8087,0.12130579943118586,0.12388165896855752,-0.7229656601668661
T3,todos|1|supera,8087,0.5934215407444046,0.584269550656928,1.7882028934292133
T3,todos|2|morre,8087,0.06096203783850625,0.06183111454340044,-0.3163898852100415
T3,todos|2|supera,8087,0.11153703474712502,0.11149450702530657,0.012027818340553725
T3,todos|3|morre,8087,0.035118090762952886,0.037166858571751935,-1.1244050834924921
T3,todos|3|supera,8087,0.03919871398540868,0.03664405142051254,1.2112795594852868
T3,todos|4+|morre,8087,0.023741807839742796,0.027100796532131644,-1.8976469728901915
T3,todos|4+|supera,8087,0.014714974650673921,0.01761146228141134,-2.028608659704759
T3b,a<11h|1|morre,3136,0.15720663265306123,0.15634708527072852,0.1410339564636748
T3b,a<11h|1|supera,3136,0.5911989795918368,0.585173000103742,0.7864277731224714
T3b,a<11h|2|morre,3136,0.06090561224489796,0.06447657812781586,-0.8811826067448153
T3b,a<11h|2|supera,3136,0.10108418367346939,0.10072641137972502,0.07505864149694254
T3b,a<11h|3|morre,3136,0.025510204081632654,0.03277310801273407,-2.37791711842108
T3b,a<11h|3|supera,3136,0.03411989795918367,0.029919674335757103,1.464138284690368
T3b,a<11h|4+|morre,3136,0.0194515306122449,0.018809267199120988,0.26589866150604125
T3b,a<11h|4+|supera,3136,0.010522959183673469,0.011774875570376455,-0.7130363687253064
T3b,b11-13h|1|morre,2231,0.11160914388166741,0.12047479003425791,-1.3818227207100873
T3b,b11-13h|1|supera,2231,0.5983863738233975,0.5757667839951666,2.1914532554216106
T3b,b11-13h|2|morre,2231,0.06051098162259077,0.06307783219847013,-0.4996942565368347
T3b,b11-13h|2|supera,2231,0.11071268489466607,0.11255898872767431,-0.30648905301904056
T3b,b11-13h|3|morre,2231,0.03585835948005379,0.04040399187689982,-1.2015695312417258
T3b,b11-13h|3|supera,2231,0.04034065441506051,0.03786200678272147,0.6440599120802802
T3b,b11-13h|4+|morre,2231,0.024204392649036306,0.0298955072427675,-1.6912270614931708
T3b,b11-13h|4+|supera,2231,0.018377409233527566,0.019960099142042213,-0.46375216455056095
T3b,c>=13h|1|morre,2720,0.08786764705882352,0.08947122345704282,-0.34552817185555373
T3b,c>=13h|1|supera,2720,0.5919117647058824,0.5900579954983508,0.23750064285755612
T3b,c>=13h|2|morre,2720,0.06139705882352941,0.05780469806254383,0.8118126452664668
T3b,c>=13h|2|supera,2720,0.12426470588235294,0.12298732017402458,0.2166882571412191
T3b,c>=13h|3|morre,2720,0.045588235294117645,0.03955385329746769,1.812792194217208
T3b,c>=13h|3|supera,2720,0.04411764705882353,0.043389697229078594,0.1653984880499876
T3b,c>=13h|4+|morre,2720,0.028308823529411765,0.03432961576804693,-1.6174762693320344
T3b,c>=13h|4+|supera,2720,0.016544117647058824,0.02240559651344473,-2.1717115555549262
T3c,1|1|morre,2048,0.1533203125,0.14292472793193994,1.5452415959553463
T3c,1|1|supera,2048,0.5693359375,0.5719241074511422,-0.2458984409392524
T3c,1|2|morre,2048,0.06005859375,0.06288908850716182,-0.5360796234029643
T3c,1|2|supera,2048,0.1064453125,0.10838515920203713,-0.30397706046393763
T3c,1|3|morre,2048,0.03369140625,0.03609553663290192,-0.57141493971798
T3c,1|3|supera,2048,0.037109375,0.03503558733943063,0.5512123794079564
T3c,1|4+|morre,2048,0.02490234375,0.025779465849817308,-0.2465214757878559
T3c,1|4+|supera,2048,0.01513671875,0.01696632708556902,-0.7222641265271416
T3c,2|1|morre,1468,0.11103542234332425,0.1286155019375248,-2.346318607883715
T3c,2|1|supera,1468,0.6069482288828338,0.5832843935256637,1.973373065808039
T3c,2|2|morre,1468,0.06471389645776567,0.06066685953318871,0.6416204146523734
T3c,2|2|supera,1468,0.11307901907356949,0.11127173494159288,0.20625146125719562
T3c,2|3|morre,1468,0.03474114441416894,0.03642885056353211,-0.37053179378066725
T3c,2|3|supera,1468,0.03746594005449591,0.036140567802586884,0.27896966450619454
T3c,2|4+|morre,1468,0.019754768392370572,0.026181314906634407,-1.464782100971665
T3c,2|4+|supera,1468,0.01226158038147139,0.01741077678927639,-1.5389717010326083
T3c,3|1|morre,1118,0.11896243291592129,0.11699899915837482,0.1921655432645886
T3c,3|1|supera,1118,0.5992844364937389,0.5924836302597547,0.4958739638405088
T3c,3|2|morre,1118,0.05366726296958855,0.060895396461546104,-1.0178082176459649
T3c,3|2|supera,1118,0.11091234347048301,0.11330909247003304,-0.2920500052805788
T3c,3|3|morre,1118,0.03577817531305903,0.03562093095045203,0.03302784996880785
T3c,3|3|supera,1118,0.03935599284436494,0.03723274305620308,0.3726203336525396
T3c,3|4+|morre,1118,0.026833631484794274,0.026402438874849575,0.09292225383854393
T3c,3|4+|supera,1118,0.01520572450805009,0.01705676876878664,-0.4722988989140578
T3c,4+|1|morre,3453,0.10744280335939763,0.11177790046538447,-0.7706439302022517
T3c,4+|1|supera,3453,0.6000579206487112,0.589871329900531,1.3605870724807958
T3c,4+|2|morre,3453,0.06226469736461048,0.06200059895411168,0.07822766838677461
T3c,4+|2|supera,3453,0.11410367796119317,0.11297840155278545,0.17597558256236284
T3c,4+|3|morre,3453,0.03591080220098465,0.038735527567948895,-1.1161729544332524
T3c,4+|3|supera,3453,0.04112366058499855,0.037696740608050894,1.0262640027227352
T3c,4+|4+|morre,3453,0.02374746597161888,0.02862563718416149,-1.6732318205177645
T3c,4+|4+|supera,3453,0.015348971908485375,0.01831386376702609,-1.1640335739517118
T7a,1,1130,0.5088495575221239,0.49358252551384263,0.9819471735006028
T7a,2,855,0.495906432748538,0.4918440447611016,0.2098580045299132
T7a,3,666,0.496996996996997,0.4916780064225133,0.25272866258165727
T7a,4+,1995,0.48471177944862154,0.4888044318405436,-0.5190942560668309
T7b,"1|A1:<1,5T",994,0.506036217303823,0.4928669604253956,0.879483697763699
T7b,"1|A2:1,5-2,5T",131,0.5190839694656488,0.4960751779262133,0.4676120479290043
T7b,"2|A1:<1,5T",544,0.48713235294117646,0.4874101376012576,-0.010697963531865647
T7b,"2|A2:1,5-2,5T",294,0.5068027210884354,0.49886647764406133,0.31612807993890435
T7b,"3|A1:<1,5T",220,0.4818181818181818,0.4848648244267625,-0.09448566055285612
T7b,"3|A2:1,5-2,5T",410,0.5024390243902439,0.4917717118735541,0.48993958986932606
T7b,"3|A3:>=2,5T",36,0.5277777777777778,0.5285048527739895,-0.007496226860269406
T7b,"4+|A1:<1,5T",106,0.5283018867924528,0.4883166579584398,0.9144147086613553
T7b,"4+|A2:1,5-2,5T",1014,0.4812623274161736,0.48828376725760025,-0.5987234862391032
T7b,"4+|A3:>=2,5T",875,0.48342857142857143,0.48925139931096656,-0.5373765365222836
T7c,1|a<11h,469,0.5501066098081023,0.49880367349837673,1.773390621295364
T7c,1|b11-13h,310,0.4645161290322581,0.4855294572673685,-0.712694632455504
T7c,1|c>=13h,351,0.4928774928774929,0.4934723539086697,-0.02649153467619714
T7c,2|a<11h,344,0.4941860465116279,0.4880742113834044,0.18693921637527908
T7c,2|b11-13h,242,0.5082644628099173,0.4951697597724528,0.36842005047976756
T7c,2|c>=13h,269,0.48698884758364314,0.49385133920246,-0.21844445126598466
T7c,3|a<11h,265,0.45660377358490567,0.4855957335414631,-0.956597238579826
T7c,3|b11-13h,188,0.48936170212765956,0.49848278274787833,-0.2601502105707342
T7c,3|c>=13h,213,0.5539906103286385,0.4928214476825247,1.972202733785869
T7c,4+|a<11h,679,0.49042709867452133,0.4906278856022358,-0.01630838135858772
T7c,4+|b11-13h,576,0.4791666666666667,0.48722858735112623,-0.5291471687634598
T7c,4+|c>=13h,740,0.4837837837837838,0.4884667655117026,-0.40284355881184447
T7d,1,1130,1.214343151137264,1.1985291138465763,0.5992766518444012
T7d,2,855,1.1968608700958783,1.2056694230279095,-0.30967282973639537
T7d,3,666,1.2193311145107955,1.201890618298103,0.6318279233849757
T7d,4+,1995,1.1879138892079646,1.2068345396587712,-1.6651373136275587
T7e,1,1130,0.7008849557522124,0.8828272769379577,-4.069479643183855
T7e,2,855,0.7017543859649122,0.8996195800166076,-3.267163796525107
T7e,3,666,0.6711711711711712,0.929679958262484,-4.700515504234562
T7e,4+,1995,0.7629072681704261,0.9636064913421656,-6.794448392927936
T7f,r1 x proximo,1125,-0.6431075998075313
T7f,r2 x proximo,851,0.6428065891067489
T7f,r3 x proximo,654,0.1323843092154639
T7f,r4+ x proximo,1995,0.6114014612143287
T7g,crescente,544,-0.16339746364481328
T7g,decrescente,563,0.007722104146545937
T7g,misto,2409,0.1672630248021913
T4c,anteriores crescendo,3562,0.7664233576642335,0.7559508527366969,1.5393027480471102
T4c,anteriores encolhendo,3115,0.7720706260032103,0.7636176402202928,1.2194605593503376
T4d,"anteriores crescendo|A1:<1,5T",1185,0.7763713080168776,0.7680381380555833,0.7193256105505023
T4d,"anteriores crescendo|A2:1,5-2,5T",1501,0.7741505662891406,0.7555536271694658,1.600575622054388
T4d,"anteriores crescendo|A3:>=2,5T",876,0.7397260273972602,0.7381066474958993,0.1169140761179578
T4d,"anteriores encolhendo|A1:<1,5T",977,0.7737973387922211,0.7726513151642168,0.09073364555130382
T4d,"anteriores encolhendo|A2:1,5-2,5T",1337,0.7808526551982049,0.764773754400771,1.6085643886191954
T4d,"anteriores encolhendo|A3:>=2,5T",801,0.7553058676654182,0.7497771723315915,0.34470759873759316
T4e,anteriores crescendo|a<11h,1248,0.7612179487179487,0.737778477228614,2.495279401140583
T4e,anteriores crescendo|b11-13h,1025,0.7531707317073171,0.748295618216093,0.3358813561151512
T4e,anteriores crescendo|c>=13h,1289,0.7820015515903801,0.7798622447701052,0.19661632355385375
T4e,anteriores encolhendo|a<11h,1126,0.7531083481349912,0.7467858838171809,0.5393744771136005
T4e,anteriores encolhendo|b11-13h,874,0.7917620137299771,0.7545869940106102,2.5882107467128255
T4e,anteriores encolhendo|c>=13h,1115,0.7757847533632287,0.7869730658089787,-0.9631502215585801
T4f,anteriores crescendo,3562,0.7040763615946098,0.699118896525142,0.21676143688770247
T4f,anteriores encolhendo,3115,0.7338009630818619,0.7019522457097003,1.3509217931787325
T5d,1,1952,0.7240368852459016,0.6868753536405384,1.9784708588715092
T5d,2,1393,0.7469849246231155,0.6954096161383424,2.424898624670665
T5d,3,1055,0.7438767772511848,0.6958458580698355,1.8740355982272208
T5d,4+,3217,0.679014609884986,0.6660566543565334,0.44042892471809164
T5e,1|a<11h,899,0.7421245828698554,0.7234649872212204,0.689295749378618
T5e,1|b11-13h,524,0.7634160305343513,0.6918161552169261,2.057349550113466
T5e,1|c>=13h,529,0.6542911153119093,0.6192777838342389,1.3160481227313092
T5e,2|a<11h,596,0.7944798657718121,0.754594157533178,1.1148973960517323
T5e,2|b11-13h,397,0.7837531486146095,0.6830246613702601,2.733221205222078
T5e,2|c>=13h,400,0.639725,0.6176451055944611,0.8399713697973141
T5e,3|a<11h,442,0.787579185520362,0.7690944808159756,0.3896629038731762
T5e,3|b11-13h,306,0.7453267973856209,0.6731759824627824,1.7414238007344605
T5e,3|c>=13h,307,0.6795114006514658,0.6164549673598976,1.7874329095415744
T5e,4+|a<11h,1195,0.718794979079498,0.7540387608856225,-0.7034755967875191
T5e,4+|b11-13h,972,0.6519238683127572,0.6487001316838994,0.06745836153108103
T5e,4+|c>=13h,1050,0.6588190476190476,0.5860247327896457,1.551883054674702
T8-3a,1,2173,0.2696732627703636,0.24690244802913047,2.7545404432345677
T8-3a,2,1547,0.27407886231415646,0.24644687390514802,2.5745796763492983
T8-3a,3,1195,0.2744769874476987,0.24770527725082228,2.1519418597845066
T8-3a,4+,3743,0.25380710659898476,0.23789614562881994,2.4075363376424184
T8-3a2,1,2173,0.09928670041417395,0.0038623482518119765,2.8996320897030037
T8-3a2,2,1547,0.10646412411118293,0.002943021960193233,2.38927937035958
T8-3a2,3,1195,0.1099581589958159,0.009822065220901037,2.0162588753556463
T8-3a2,4+,3743,0.03558642799893134,-0.026493681689536454,2.357022333065921
T8-3b,a<11h,2806,0.2786885245901639,0.26668781980429246,1.4857986561745355
T8-3b,b11-13h,2377,0.2789230122002524,0.23735733002432363,5.316390856591606
T8-3b,c>=13h,3475,0.24258992805755394,0.2285378962707457,2.360791939159239
T8-3c,maior/igual ao anterior,6073,0.27729293594599047,0.2540238566863554,4.521010121690097
T8-3c,menor que o anterior,2220,0.21846846846846846,0.2093867164612068,0.9076702817908754
T8-3c,sem anterior,365,0.32602739726027397,0.25900297967133523,3.8283699373412525
T8-3d,0-23,2437,0.21789084940500617,0.20646052585003866,1.2630468056657762
T8-3d,23-38,2828,0.27864214992927866,0.24124277021417978,4.603974571684253
T8-3d,38-50,1423,0.26985242445537594,0.2614179548705304,0.9777994511035704
T8-3d,50-62,983,0.29399796541200407,0.27215403361638485,1.6109943511137474
T8-3d,62-79,727,0.3108665749656121,0.2823182906596224,1.775958404560179
T8-3d,79-100,260,0.2692307692307692,0.2905589388011536,-0.7068088522420188
T8-3e,"A1:<1,5T",3635,0.2651994497936726,0.24229573288518944,3.400543852575365
T8-3e,"A2:1,5-2,5T",3254,0.2735095267363245,0.24501066368801813,4.132272596704981
T8-3e,"A3:>=2,5T",1769,0.24533634821933295,0.24130043868900905,0.5447072454757147
T8-3f,1,1273,0.2608012568735271,0.23676084421605847,2.331806129329027
T8-3f,2,928,0.25754310344827586,0.23608714752614796,1.6320712559457258
T8-3f,3,693,0.2698412698412698,0.2369859868139288,1.7571817329149502
T8-3f,4+,2183,0.23728813559322035,0.2267642324813989,1.1510153969101253
T8-5a,1,2173,0.1785549930971008,0.1602316602480504,2.803058087589003
T8-5a,2,1547,0.18552036199095023,0.15827646962636238,3.264176389528613
T8-5a,3,1195,0.1790794979079498,0.1589247571168028,1.8879589956029306
T8-5a,4+,3743,0.1627037135987176,0.1504156004207527,1.7921157169144983
T8-5a2,1,2173,0.11488725264611137,0.0024168698284377753,2.8524795162309835
T8-5a2,2,1547,0.15200387847446672,-0.007941110351137376,3.2485802819216194
T8-5a2,3,1195,0.12297071129707111,-0.002831130783638199,1.9113435275751427
T8-5a2,4+,3743,0.03561314453646808,-0.04636373773763446,2.0943504739819767
T8-5b,a<11h,2806,0.1931575196008553,0.17934953700477843,1.5762369804532166
T8-5b,b11-13h,2377,0.1809002944888515,0.15331577985228115,3.2961661843753074
T8-5b,c>=13h,3475,0.15136690647482015,0.1383830425900635,2.357126142018752
T8-5c,maior/igual ao anterior,6073,0.18129425325209947,0.16261800037573604,3.7064050276888216
T8-5c,menor que o anterior,2220,0.14324324324324325,0.13265743681659653,1.2342413692423697
T8-5c,sem anterior,365,0.21643835616438356,0.17128140679644893,3.1073548565762352
T8-5d,0-23,2437,0.14033647927780057,0.12959368321378523,1.661988401748847
T8-5d,23-38,2828,0.18564356435643564,0.1556607680672027,3.59017479303913
T8-5d,38-50,1423,0.16865776528461,0.16796052715541857,0.07255007365753555
T8-5d,50-62,983,0.1943031536113937,0.17592837689342467,1.4877445694050169
T8-5d,62-79,727,0.218707015130674,0.18076110380912835,2.34798125321882
T8-5d,79-100,260,0.1576923076923077,0.1839469833826163,-1.075833007313753
T8-5e,"A1:<1,5T",3635,0.17579092159559834,0.15588952197108658,3.042785414618399
T8-5e,"A2:1,5-2,5T",3254,0.18070067609096496,0.1559541234487101,3.62431022655664
T8-5e,"A3:>=2,5T",1769,0.15319389485585078,0.15424950923956282,-0.12789411262578929
T8-5f,1,1273,0.17831893165750196,0.15462260098218736,2.5635240974432256
T8-5f,2,928,0.16810344827586207,0.15223675992263816,1.4123986406930578
T8-5f,3,693,0.17893217893217894,0.15444229963308775,1.719418869099794
T8-5f,4+,2183,0.1488776912505726,0.14493177817636865,0.49768207078519383
T8-10a,1,2173,0.08973768982972849,0.07891669673982177,2.3508337890218414
T8-10a,2,1547,0.09566903684550743,0.07729187831918803,3.040271902160705
T8-10a,3,1195,0.0803347280334728,0.07651174819226444,0.46304638492714373
T8-10a,4+,3743,0.0780122896072669,0.07088105146286303,1.4208278302729385
T8-10a2,1,2173,0.15476300046019328,-0.01051358198609569,3.312624795862925
T8-10a2,2,1547,0.18374272786037493,-0.020632625791900228,2.8333567397937114
T8-10a2,3,1195,0.04606694560669456,-0.021486529649384266,0.7249079343484461
T8-10a2,4+,3743,0.05347314987977558,-0.05962234149790459,2.088690633303698
T8-10b,a<11h,2806,0.10548823948681398,0.09770439847007158,1.2441734891452452
T8-10b,b11-13h,2377,0.08960875052587294,0.07730003968252704,2.223244199034115
T8-10b,c>=13h,3475,0.06388489208633094,0.05528287060597843,2.4949489819873474
T8-10c,maior/igual ao anterior,6073,0.08908282562160381,0.0784600793841517,3.4842006082427317
T8-10c,menor que o anterior,2220,0.06441441441441441,0.06201365694591029,0.376103414053013
T8-10c,sem anterior,365,0.12876712328767123,0.0893773474917003,3.296446454933622
T8-10d,0-23,2437,0.06565449322938038,0.05990796520139987,1.0929052105817407
T8-10d,23-38,2828,0.09123055162659123,0.07664827818274413,3.131116689730027
T8-10d,38-50,1423,0.07659873506676036,0.08279399586223514,-0.8585161468319129
T8-10d,50-62,983,0.09969481180061038,0.08404712650815979,1.952585176727938
T8-10d,62-79,727,0.1155433287482806,0.08499861491812906,2.4391115482717614
T8-10d,79-100,260,0.08461538461538462,0.09091421226035587,-0.3249880512171114
T8-10e,"A1:<1,5T",3635,0.08253094910591471,0.07457919187309439,1.7064321796193571
T8-10e,"A2:1,5-2,5T",3254,0.09188690842040566,0.07535593478030747,3.9203413842398365
T8-10e,"A3:>=2,5T",1769,0.0746184284906727,0.07478612511797932,-0.025982949273113818
T8-10f,1,1273,0.08876669285153181,0.07649026365044997,1.889595577474701
T8-10f,2,928,0.08297413793103449,0.0767518645981628,0.9269637391124086
T8-10f,3,693,0.08225108225108226,0.07635327201721541,0.5476553317518004
T8-10f,4+,2183,0.07329363261566652,0.06797961515975981,0.8096448204705223
