regra,disc_D,disc_z,disc_z0,conf_Ptop,conf_Pbot,conf_n,conf_D,conf_z,conf_z0,set_Ptop,set_Pbot,set_n,set_D,set_z,set_z0
frac_1m_10|lat|h250,0.0834577452044879,3.367047104301473,2.2258400064206976,0.45918367346938777,0.4727272727272727,103/111,-0.013543599257884953,0.07732838582236803,-0.19775843772985274,0.5625,0.4897959183673469,50/51,0.07270408163265307,0.7913479991359595,0.7679336399011055
corpo_1m_10|lat|h250,0.1629213483146067,4.3554546677416415,3.423996435364189,0.5116279069767442,0.4383561643835616,45/74,0.07327174259318259,1.3128949241365426,0.8189592776133007,,,24/40,,,
vol_1m_10|lat|h250,0.1176654182272159,3.1117726963969417,2.2573223120384727,0.509090909090909,0.4307692307692308,58/66,0.07832167832167825,0.9958615612320039,0.8113850818440057,,,28/34,,,
vol_1m_10|lat|h750,0.1455862068965517,3.0382141093951707,2.7885723815458365,,,58/66,,,,,,28/34,,,
cpos_1m_10|all|h250,0.0396838618445267,3.749982445783576,1.7481837036812835,0.5251141552511416,0.40611353711790393,229/237,0.11900061813323765,3.606589115912593,2.970513863469334,0.512396694214876,0.4473684210526316,123/115,0.06502827316224441,0.8092995517680276,1.0479311701292737
sal_1m_10|all|h250,0.0451823520321433,3.671136252958325,2.2726909613157322,0.563265306122449,0.4251968503937008,253/264,0.13806845572874815,3.8006801018968526,3.804874556849655,0.5714285714285714,0.4418604651162791,149/130,0.12956810631229232,2.278451797940115,2.3478575387895715
sal_1m_10|lat|h250,0.1651183227669324,4.43880532344235,3.5439480247284414,0.52,0.4444444444444444,52/73,0.0755555555555556,1.4656187568393764,0.890240170182301,,,27/39,,,
net_1m_10|all|h250,0.0403337969401947,3.3713914134701684,1.999261840707244,0.5546218487394958,0.43253968253968256,245/261,0.12208216619981327,3.2903386760619426,3.305964707704357,0.5973154362416108,0.4296875,151/129,0.16762793624161076,2.98757103961794,3.0575902712343694
net_1m_10|lat|h250,0.1818780993032452,4.687334472357551,3.804285365815186,0.5294117647058824,0.44776119402985076,52/68,0.0816505706760316,1.5535015790929176,0.96806068979695,,,27/37,,,
net_1m_10|lat|h750,0.1587793011941619,3.122997671701061,2.956380227437475,,,52/68,,,,,,27/37,,,
corpo_1m_20|non|h250,0.0385257327317413,3.0958080461465363,1.4421240573098046,0.5520833333333334,0.39634146341463417,199/168,0.1557418699186992,2.087549935694417,3.4171861967629003,0.48214285714285715,0.4675324675324675,113/78,0.01461038961038963,0.09859331086670993,0.23959051827205155
net_1m_30|all|h250,0.0250156251205642,3.0511336314814854,1.2238467568298887,0.5,0.4541984732824427,285/270,0.04580152671755727,0.37364546649564767,1.367058922811129,0.5,0.5042016806722689,137/119,-0.004201680672268893,-0.18809055121998874,-0.07711190594846563
cpos_5m_6|all|h250,0.0326825951825952,3.19015834459036,1.513545338075753,0.5245901639344263,0.4911660777385159,257/291,0.03342408619591036,0.25455301322310586,0.8494295859423987,0.5460992907801419,0.5118110236220472,143/127,0.03428826715809463,0.08728492797826715,0.5637422377171101
cpos_5m_6|lat|u60,0.1505069256033129,3.002803525488726,2.8468767480375035,0.46296296296296297,0.5660377358490566,69/80,-0.10307477288609362,-0.23638465755735086,-1.14834644643822,,,34/32,,,
cpos_5m_6|lat|h250,0.1266742842633149,3.1787491296528443,2.502066915323724,0.4696969696969697,0.5375,69/80,-0.06780303030303025,-0.09529382766275431,-0.7792687932969009,0.5625,0.5625,34/32,0.0,-0.04526240555133854,0.0
sal_5m_6|all|h250,0.0298894671163705,3.117875840221027,1.4504131213215234,0.4944649446494465,0.452755905511811,284/263,0.04170903913763552,0.11736306925231471,1.168710398395236,0.49624060150375937,0.48672566371681414,134/113,0.009514937786945232,0.08780540938284045,0.16403160947678197
net_5m_6|all|h250,0.0277934243319779,3.004720903853602,1.352053021131156,0.49812734082397003,0.45849802371541504,280/262,0.039629317108554996,0.06833944148626259,1.102977110480682,0.48872180451127817,0.48672566371681414,134/113,0.0019961407944640297,-0.026911435809622897,0.03471970061890903
corpo_5m_12|all|h250,0.0466316020162174,3.547151622848857,2.1285568242915835,0.5537848605577689,0.4166666666666667,257/260,0.1371181938911022,0.9927535135324671,3.7936947202871845,0.4927536231884058,0.475,139/122,0.017753623188405843,0.4711151165232065,0.2932243131134321
sal_5m_24|non|h250,0.0476190476190476,3.0307321774790794,1.7005533281038459,0.5935483870967742,0.43373493975903615,162/171,0.159813447337738,0.5450805378571559,4.043636926288043,0.4943820224719101,0.42592592592592593,89/55,0.06845609654598417,1.0329648792034327,0.9240438480874971
