feat,cond,out,ntop,nbot,Ptop,Pbot,D,nulD,nulSD,z,p
frac_1m_10,lat,h250,312,295,0.5244299674267101,0.4409722222222222,0.0834577452044879,-0.0427894956177213,0.0374949434657227,3.367047104301473,0.0066225165562913
corpo_1m_10,lat,h250,185,184,0.550561797752809,0.3876404494382022,0.1629213483146067,-0.0443208496218936,0.0475822190209955,4.3554546677416415,0.0066225165562913
vol_1m_10,lat,h250,184,184,0.5277777777777778,0.4101123595505618,0.1176654182272159,-0.0445391698357655,0.0521261042783732,3.1117726963969417,0.0066225165562913
vol_1m_10,lat,h750,184,184,0.5775862068965517,0.432,0.1455862068965517,-0.013033332927345,0.0522081506149919,3.0382141093951707,0.0132450331125827
cpos_1m_10,all,h250,731,731,0.5216783216783217,0.481994459833795,0.0396838618445267,-0.0454409365302135,0.0227000524950332,3.749982445783576,0.0066225165562913
sal_1m_10,all,h250,731,731,0.5138888888888888,0.4687065368567454,0.0451823520321433,-0.0278018650754475,0.0198805525261498,3.671136252958325,0.0066225165562913
sal_1m_10,lat,h250,184,184,0.5561797752808989,0.3910614525139664,0.1651183227669324,-0.0416928620985378,0.0465916321613054,4.43880532344235,0.0066225165562913
net_1m_10,all,h250,731,731,0.5132127955493742,0.4728789986091794,0.0403337969401947,-0.0276818145760629,0.0201743444099981,3.3713914134701684,0.0066225165562913
net_1m_10,lat,h250,184,184,0.5561797752808989,0.3743016759776536,0.1818780993032452,-0.042217467315294,0.0478087424612197,4.687334472357551,0.0066225165562913
net_1m_10,lat,h750,184,184,0.5789473684210527,0.4201680672268907,0.1587793011941619,-0.0089485787793477,0.0537073343004287,3.122997671701061,0.0066225165562913
corpo_1m_20,non,h250,475,475,0.5235042735042735,0.4849785407725321,0.0385257327317413,-0.0441774666012646,0.0267145760009085,3.0958080461465363,0.0066225165562913
net_1m_30,all,h250,731,731,0.5096952908587258,0.4846796657381615,0.0250156251205642,-0.0373500384659395,0.0204401613036601,3.0511336314814854,0.0132450331125827
cpos_5m_6,all,h250,731,731,0.5062937062937063,0.4736111111111111,0.0326825951825952,-0.0362037811430584,0.0215934034880952,3.19015834459036,0.0066225165562913
cpos_5m_6,lat,u60,184,184,0.5531914893617021,0.4026845637583892,0.1505069256033129,-0.0082434407845697,0.0528673837766475,3.002803525488726,0.0066225165562913
cpos_5m_6,lat,h250,184,184,0.5480225988700564,0.4213483146067415,0.1266742842633149,-0.0342589699135868,0.0506278563085214,3.1787491296528443,0.0066225165562913
sal_5m_6,all,h250,731,731,0.5138504155124654,0.4839609483960948,0.0298894671163705,-0.0343623284784612,0.0206075542733212,3.117875840221027,0.0066225165562913
net_5m_6,all,h250,731,731,0.5110803324099723,0.4832869080779944,0.0277934243319779,-0.0339730018175676,0.0205564603588736,3.004720903853602,0.0066225165562913
corpo_5m_12,all,h250,682,682,0.5236686390532544,0.477037037037037,0.0466316020162174,-0.0310780277574293,0.0219076143441635,3.547151622848857,0.0066225165562913
sal_5m_24,non,h250,422,422,0.5357142857142857,0.4880952380952381,0.0476190476190476,-0.0372477880719429,0.0280020901621144,3.0307321774790794,0.0066225165562913
