mult,stop,n,liq,win,payoff,pf,dd,ddp,rf,pior,perda_med,seq,ex_stop,ex_alvo,ex_fl,jan,fev,mar,abr,meses_pos,pior_mes,rf_med,smin,quebrou,score,final
0,400,36,658.0,22.22222222222222,4.397855750487329,1.2565302144249513,1473.0,73.4297108673978,0.4467073998642227,-152.0,-91.60714285714286,17,28,0,8,-58.0,526.0,-765.0,955.0,2,-765.0,0.15885947046843177,533.0,False,40.9375,40.5625
0,500,36,308.0,25.0,3.30728300631859,1.1024276687728634,1838.0,87.4821513564969,0.16757344940152338,-152.0,-111.37037037037037,17,27,0,9,37.0,381.0,-945.0,835.0,3,-945.0,0.11371055495103373,263.0,False,40.1875,40.083333333333336
0,600,36,698.0,33.33333333333333,2.447006083893692,1.223503041946846,1543.0,67.79437609841827,0.4523655217109527,-184.0,-130.125,9,24,0,12,-82.0,978.0,-913.0,715.0,2,-913.0,0.2051198963058976,733.0,False,39.125,38.583333333333336
0,700,36,1104.0,38.88888888888889,2.099865105957095,1.3362777946999695,1511.0,69.82439926062847,0.7306419589675711,-184.0,-149.22727272727272,7,22,0,14,-170.0,896.0,-1073.0,1451.0,2,-1073.0,0.2402382528127068,653.0,False,36.4375,35.229166666666664
0,800,36,1381.0,44.44444444444444,1.759368545293597,1.4074948362348776,1208.0,54.96607032695867,1.1432119205298013,-190.0,-169.45,7,20,0,16,-270.0,970.0,-690.0,1371.0,2,-690.0,0.2897350993377483,730.0,False,30.125,33.5
0,900,36,1502.0,47.22222222222222,1.588400250734057,1.4212002243409982,1394.0,65.87901701323251,1.0774748923959827,-209.0,-187.68421052631578,7,19,0,17,-372.0,930.0,-830.0,1774.0,2,-830.0,0.20014347202295552,628.0,False,33.9375,29.916666666666668
0,1000,36,1915.0,50.0,1.515894396551724,1.5158943965517242,1256.0,65.54568527918782,1.5246815286624205,-214.0,-206.22222222222223,6,18,0,18,-457.0,864.0,-206.0,1714.0,2,-457.0,0.2619426751592357,543.0,False,25.6875,26.666666666666668
0,1100,36,2068.0,52.77777777777778,1.368084447496331,1.5290355589664877,1396.0,50.50651230101303,1.481375358166189,-257.0,-229.94117647058823,6,17,0,19,-41.0,781.0,-326.0,1654.0,2,-326.0,0.26504297994269344,959.0,False,20.375,24.541666666666668
0,1200,36,1835.0,52.77777777777778,1.291125568629444,1.4430226943505553,1536.0,59.16795069337443,1.1946614583333333,-281.0,-243.64705882352942,6,16,0,20,-169.0,741.0,-446.0,1709.0,2,-446.0,0.18619791666666666,831.0,False,27.5625,18.625
0,1300,36,2321.0,55.55555555555556,1.248069498069498,1.5600868725868726,923.0,51.49625935162094,2.514626218851571,-281.0,-259.0,3,15,0,21,-222.0,687.0,187.0,1669.0,3,-222.0,0.4734561213434453,778.0,False,7.9375,14.395833333333334
0,1400,36,2244.0,55.55555555555556,1.2253020611229566,1.5316275764036957,1043.0,49.97217584863662,2.1514860977948227,-315.0,-263.8125,3,14,0,22,-101.0,629.0,87.0,1629.0,3,-101.0,0.3432406519654842,899.0,False,7.6875,10.8125
0,1500,36,1996.0,55.55555555555556,1.1573058849854554,1.4466323562318193,1163.0,52.3223279238948,1.7162510748065347,-315.0,-279.3125,3,14,0,22,-148.0,568.0,-13.0,1589.0,2,-148.0,0.23860705073086844,852.0,False,16.8125,12.25
2,400,36,-71.0,36.11111111111111,1.710422068568136,0.9667602996254682,710.0,50.21216407355021,-0.1,-152.0,-92.8695652173913,6,23,13,0,-262.0,521.0,-285.0,-45.0,1,-285.0,-0.21619718309859154,704.0,False,35.3125,39.03125
2,500,36,-432.0,33.33333333333333,1.6790490341753344,0.8395245170876672,1268.0,81.75370728562218,-0.34069400630914826,-152.0,-112.16666666666667,6,24,11,1,-55.0,313.0,-645.0,-45.0,1,-645.0,-0.03943217665615142,283.0,False,42.75,34.229166666666664
2,600,36,930.0,44.44444444444444,1.7035700351150995,1.3628560280920796,920.0,36.72654690618762,1.0108695652173914,-152.0,-128.15,6,20,14,2,536.0,844.0,-405.0,-45.0,2,-405.0,0.2668478260869565,1000.0,False,24.625,29.395833333333332
2,700,36,1297.0,47.22222222222222,1.6273475634979733,1.4560478199718705,798.0,50.34700315457413,1.6253132832080202,-184.0,-149.68421052631578,5,19,14,3,-213.0,1180.0,-465.0,795.0,2,-465.0,0.36466165413533835,787.0,False,20.8125,20.520833333333332
2,800,36,1796.0,50.0,1.5871199738476625,1.5871199738476627,891.0,54.395604395604394,2.015712682379349,-190.0,-169.94444444444446,5,18,14,4,-253.0,1315.0,-45.0,779.0,2,-253.0,0.4118967452300786,747.0,False,16.125,18.520833333333332
2,900,36,1723.0,50.0,1.509612540668441,1.5096125406684413,973.0,58.43843843843843,1.7708119218910585,-209.0,-187.83333333333334,5,18,12,6,-308.0,957.0,-45.0,1119.0,2,-308.0,0.4686536485097636,692.0,False,18.625,16.375
2,1000,36,2306.0,52.77777777777778,1.4830639472933833,1.6575420587396634,1033.0,65.54568527918782,2.2323330106485963,-214.0,-206.2941176470588,5,17,10,9,-457.0,1037.0,555.0,1171.0,3,-457.0,0.7705711519845111,543.0,False,14.375,17.604166666666668
2,1100,36,1745.0,52.77777777777778,1.2941524955904726,1.4464057303658224,1396.0,48.07162534435262,1.25,-257.0,-229.94117647058823,6,17,7,12,-41.0,640.0,-45.0,1191.0,2,-45.0,0.21454154727793695,959.0,False,19.8125,21.25
2,1200,36,1372.0,52.77777777777778,1.1911103204655773,1.331240946402704,1536.0,61.04928457869634,0.8932291666666666,-281.0,-243.64705882352942,6,16,6,14,-169.0,648.0,-433.0,1326.0,2,-433.0,0.15592447916666666,831.0,False,29.5625,19.375
2,1300,36,2116.0,55.55555555555556,1.2084942084942085,1.5106177606177607,896.0,51.49625935162094,2.361607142857143,-281.0,-259.0,3,15,7,14,-222.0,665.0,307.0,1366.0,3,-222.0,0.5424107142857143,778.0,False,8.75,15.6875
2,1400,36,2074.0,55.55555555555556,1.1930822080075811,1.4913527600094765,1043.0,49.97217584863662,1.9884947267497604,-315.0,-263.8125,3,14,5,17,-101.0,509.0,260.0,1406.0,3,-101.0,0.36864813039309685,899.0,False,8.75,11.166666666666666
2,1500,36,1792.0,55.55555555555556,1.120787648243455,1.4009845603043187,1163.0,52.3223279238948,1.5408426483233018,-315.0,-279.3125,3,14,4,18,-148.0,471.0,23.0,1446.0,3,-148.0,0.2123817712811694,852.0,False,16.0,12.375
3,400,36,-211.0,27.77777777777778,2.3709394572025055,0.9118997912317328,1015.0,71.5292459478506,-0.20788177339901479,-152.0,-92.11538461538461,6,26,9,1,-243.0,282.0,-445.0,195.0,2,-445.0,-0.023645320197044337,404.0,False,38.75,36.40625
3,500,36,81.0,30.555555555555557,2.3385445444794746,1.0289595995709688,1058.0,63.96614268440145,0.07655954631379962,-152.0,-111.88,6,25,9,2,23.0,348.0,-545.0,255.0,3,-545.0,0.13137996219281664,596.0,False,34.0625,33.895833333333336
3,600,36,552.0,36.11111111111111,2.0949864011905373,1.1841227484989993,815.0,42.472173403632105,0.6773006134969325,-184.0,-130.34782608695653,6,23,9,4,-18.0,643.0,-165.0,92.0,2,-165.0,0.04539877300613497,982.0,False,28.875,27.5625
3,700,36,1281.0,41.66666666666667,1.9715105162523903,1.4082217973231357,798.0,49.01719901719901,1.605263157894737,-184.0,-149.42857142857142,5,21,6,9,-170.0,688.0,-185.0,948.0,2,-185.0,0.32456140350877194,830.0,False,19.75,26.9375
3,800,36,1002.0,44.44444444444444,1.6195780466214225,1.2956624372971377,1155.0,54.96607032695867,0.8675324675324675,-190.0,-169.45,7,20,5,11,-270.0,877.0,-593.0,988.0,2,-593.0,0.26277056277056277,730.0,False,32.1875,28.770833333333332
3,900,36,1234.0,47.22222222222222,1.504404341658144,1.346045989904655,1301.0,64.46977205153618,0.9485011529592621,-209.0,-187.68421052631578,7,19,4,13,-372.0,768.0,-673.0,1511.0,2,-673.0,0.15219062259800153,628.0,False,34.375,31.375
3,1000,36,1711.0,50.0,1.4609375,1.4609375,1256.0,65.54568527918782,1.3622611464968153,-214.0,-206.22222222222223,6,18,4,14,-457.0,767.0,-170.0,1571.0,2,-457.0,0.2376592356687898,543.0,False,27.5625,27.041666666666668
3,1100,36,2069.0,52.77777777777778,1.3683133389882998,1.5292913788692761,1396.0,49.50354609929078,1.4820916905444126,-257.0,-229.94117647058823,6,17,3,16,-41.0,741.0,-230.0,1599.0,2,-230.0,0.2507163323782235,959.0,False,19.1875,24.479166666666668
3,1200,36,1871.0,52.77777777777778,1.2989021322015806,1.451714147754708,1536.0,58.46973734297678,1.2180989583333333,-281.0,-243.64705882352942,6,16,2,18,-169.0,772.0,-446.0,1714.0,2,-446.0,0.1962890625,831.0,False,26.6875,17.625
3,1300,36,2436.0,55.55555555555556,1.2702702702702702,1.587837837837838,923.0,51.49625935162094,2.639219934994583,-281.0,-259.0,3,15,1,20,-222.0,802.0,187.0,1669.0,3,-222.0,0.5357529794149513,778.0,False,7.0,13.354166666666666
3,1400,36,2384.0,55.55555555555556,1.251836057806207,1.5647950722577588,1043.0,49.97217584863662,2.2857142857142856,-315.0,-263.8125,3,14,1,21,-101.0,769.0,87.0,1629.0,3,-101.0,0.4103547459252157,899.0,False,6.375,9.166666666666666
3,1500,36,2202.0,55.55555555555556,1.194182143656299,1.4927276795703737,1163.0,52.3223279238948,1.8933791917454859,-315.0,-279.3125,3,14,1,21,-148.0,774.0,-13.0,1589.0,2,-148.0,0.3271711092003439,852.0,False,14.125,10.25
4,400,36,536.0,27.77777777777778,3.1818789144050106,1.2237995824634655,690.0,42.56631708821715,0.7768115942028986,-152.0,-92.11538461538461,6,26,9,1,-41.0,507.0,-365.0,435.0,2,-365.0,0.2855072463768116,931.0,False,27.4375,32.5625
4,500,36,-4.0,27.77777777777778,2.5964162646450726,0.9986216402481047,1338.0,73.0349344978166,-0.0029895366218236174,-152.0,-111.61538461538461,10,26,5,5,37.0,112.0,-445.0,292.0,3,-445.0,0.055680119581464876,494.0,False,37.6875,35.5
4,600,36,222.0,33.33333333333333,2.1421709894332372,1.0710854947166186,1543.0,70.6825469537334,0.14387556707712248,-184.0,-130.125,9,24,4,8,-82.0,885.0,-913.0,332.0,2,-913.0,0.08101101749837979,640.0,False,41.375,39.291666666666664
4,700,36,761.0,38.88888888888889,1.935686001479483,1.231800182759671,1511.0,73.92367906066536,0.5036399735274653,-184.0,-149.22727272727272,7,22,3,11,-170.0,776.0,-1073.0,1228.0,2,-1073.0,0.20052945069490405,533.0,False,38.8125,37.25
4,800,36,1254.0,44.44444444444444,1.7125258188256125,1.3700206550604899,1208.0,56.08170844939647,1.0380794701986755,-190.0,-169.45,7,20,3,13,-270.0,906.0,-690.0,1308.0,2,-690.0,0.2632450331125828,730.0,False,31.5625,34.354166666666664
4,900,36,1538.0,47.22222222222222,1.5996832832964931,1.4312955692652833,1394.0,64.92780624126688,1.103299856527977,-209.0,-187.68421052631578,7,19,2,15,-372.0,961.0,-830.0,1779.0,2,-830.0,0.21126255380200862,628.0,False,32.6875,29.3125
4,1000,36,2030.0,50.0,1.546875,1.546875,1256.0,65.54568527918782,1.6162420382165605,-214.0,-206.22222222222223,6,18,1,17,-457.0,979.0,-206.0,1714.0,2,-457.0,0.30772292993630573,543.0,False,23.6875,24.208333333333332
4,1100,36,2274.0,52.77777777777778,1.415236094841863,1.5817344589409057,1396.0,47.003367003367,1.6289398280802292,-257.0,-229.94117647058823,6,17,1,18,-41.0,987.0,-326.0,1654.0,2,-326.0,0.33882521489971346,959.0,False,16.25,20.916666666666668
4,1200,36,2096.0,52.77777777777778,1.347505654527434,1.5060357315306616,1536.0,53.76268813440672,1.3645833333333333,-281.0,-243.64705882352942,6,16,1,19,-169.0,1002.0,-446.0,1709.0,2,-446.0,0.2711588541666667,831.0,False,22.8125,15.666666666666666
4,1300,36,2321.0,55.55555555555556,1.248069498069498,1.5600868725868726,923.0,51.49625935162094,2.514626218851571,-281.0,-259.0,3,15,0,21,-222.0,687.0,187.0,1669.0,3,-222.0,0.4734561213434453,778.0,False,7.9375,12.8125
4,1400,36,2244.0,55.55555555555556,1.2253020611229566,1.5316275764036957,1043.0,49.97217584863662,2.1514860977948227,-315.0,-263.8125,3,14,0,22,-101.0,629.0,87.0,1629.0,3,-101.0,0.3432406519654842,899.0,False,7.6875,10.8125
4,1500,36,1996.0,55.55555555555556,1.1573058849854554,1.4466323562318193,1163.0,52.3223279238948,1.7162510748065347,-315.0,-279.3125,3,14,0,22,-148.0,568.0,-13.0,1589.0,2,-148.0,0.23860705073086844,852.0,False,16.8125,12.25
