data;lado;entrada;saida;motivo;pnl_pts
2021-10-07;V;7302.0000;7333.0000;stop;-31.0000
2021-10-18;C;7330.5000;7403.5000;alvo;73.0000
2021-10-22;V;7440.0000;7474.7500;stop;-34.7500
2021-10-28;C;7406.5000;7463.0000;alvo;56.5000
2021-11-19;V;7312.5000;7339.2500;stop;-26.7500
2021-12-30;V;7365.0000;7290.0000;alvo;75.0000
2022-01-21;C;7175.0000;7133.0000;stop;-42.0000
2022-01-25;V;7177.5000;7120.5000;alvo;57.0000
2022-02-17;C;6848.5000;6820.7500;stop;-27.7500
2022-02-24;C;6716.5000;6774.5000;alvo;58.0000
2022-03-10;C;6693.0000;6667.5000;stop;-25.5000
2022-04-22;C;6275.0000;6347.0000;alvo;72.0000
2022-05-03;V;6549.5000;6614.5000;stop;-65.0000
2022-05-05;C;6618.5000;6763.0000;alvo;144.5000
2022-05-24;C;6403.0000;6370.0000;stop;-33.0000
2022-06-17;C;6656.0000;6773.0000;alvo;117.0000
2022-06-30;C;6759.5000;6720.0000;stop;-39.5000
2022-07-07;V;6889.0000;6820.0000;alvo;69.0000
2022-07-11;C;6861.0000;6972.5000;alvo;111.5000
2022-08-11;C;6584.0000;6527.2500;stop;-56.7500
2022-08-18;V;6573.0000;6606.7500;stop;-33.7500
2022-08-30;C;6501.0000;6583.0000;alvo;82.0000
2022-09-06;C;6594.0000;6634.0000;alvo;40.0000
2022-09-13;C;6533.5000;6588.5000;alvo;55.0000
2022-09-23;C;6564.0000;6668.0000;alvo;104.0000
2022-10-11;C;6571.0000;6625.0000;alvo;54.0000
2022-10-21;C;6598.5000;6566.0000;stop;-32.5000
2022-10-27;V;6613.5000;6667.0000;stop;-53.5000
2022-11-03;C;6543.5000;6481.7500;stop;-61.7500
2022-11-07;C;6450.0000;6551.0000;alvo;101.0000
2022-11-22;C;6704.0000;6657.5000;stop;-46.5000
2022-11-25;C;6653.0000;6694.0000;alvo;41.0000
2022-12-26;C;6452.0000;6514.0000;alvo;62.0000
2023-01-20;V;6418.0000;6464.2500;stop;-46.2500
2023-01-31;V;6326.5000;6268.5000;alvo;58.0000
2023-02-03;C;6335.0000;6445.0000;alvo;110.0000
2023-02-24;C;6396.5000;6462.0000;alvo;65.5000
2023-03-16;V;6471.0000;6500.0000;stop;-29.0000
2023-04-06;C;6255.0000;6222.0000;stop;-33.0000
2023-05-08;C;6159.5000;6118.0000;stop;-41.5000
2023-05-16;C;6074.5000;6121.5000;alvo;47.0000
2023-10-16;V;6068.0000;6096.7500;stop;-28.7500
2023-11-20;V;5853.0000;5883.2500;stop;-30.2500
2023-12-01;V;5908.5000;5924.2500;stop;-15.7500
2023-12-04;C;5933.0000;5898.7500;stop;-34.2500
2023-12-12;V;5916.5000;5931.5000;stop;-15.0000
2023-12-15;C;5904.5000;5884.0000;stop;-20.5000
2024-01-05;C;5917.0000;5897.5000;stop;-19.5000
2024-01-15;C;5852.5000;5900.5000;alvo;48.0000
2024-01-25;C;5905.0000;5890.0000;stop;-15.0000
2024-02-06;V;5929.0000;5953.2500;stop;-24.2500
2024-02-09;V;5931.0000;5901.5000;alvo;29.5000
2024-03-25;V;5914.5000;5931.5000;stop;-17.0000
2024-04-08;V;5962.5000;5985.7500;stop;-23.2500
2024-04-15;V;6038.0000;6058.5000;stop;-20.5000
2024-05-02;V;6037.5000;6078.2500;stop;-40.7500
2024-05-10;V;6054.5000;6075.0000;stop;-20.5000
2024-05-23;V;6044.0000;6059.2500;stop;-15.2500
2024-06-06;V;6167.0000;6189.5000;stop;-22.5000
2024-06-25;C;6335.0000;6397.0000;alvo;62.0000
2024-07-05;C;6406.5000;6382.0000;stop;-24.5000
2024-08-08;C;6512.5000;6490.7500;stop;-21.7500
2024-08-20;C;6339.0000;6436.5000;alvo;97.5000
2024-08-23;V;6343.0000;6401.7500;stop;-58.7500
2024-09-24;V;6362.0000;6288.5000;alvo;73.5000
2024-09-27;C;6296.0000;6271.2500;stop;-24.7500
2024-11-04;V;6578.5000;6667.0000;stop;-88.5000
2024-12-06;C;6827.5000;6789.0000;stop;-38.5000
2024-12-23;C;6898.0000;6968.5000;alvo;70.5000
2025-01-10;C;6890.0000;6846.2500;stop;-43.7500
2025-01-20;V;6784.0000;6815.5000;stop;-31.5000
2025-02-03;C;6617.5000;6586.0000;stop;-31.5000
2025-02-13;C;6517.5000;6495.0000;stop;-22.5000
2025-03-06;V;6453.0000;6501.0000;stop;-48.0000
2025-03-25;V;6383.5000;6418.5000;stop;-35.0000
2025-04-04;C;6366.0000;6418.5000;alvo;52.5000
2025-05-08;V;6329.0000;6263.5000;alvo;65.5000
2025-05-29;V;6246.0000;6283.0000;stop;-37.0000
2025-06-26;V;6079.5000;6015.5000;alvo;64.0000
2025-07-08;V;5994.5000;6019.7500;stop;-25.2500
2025-07-29;V;6097.5000;6116.5000;stop;-19.0000
2025-08-15;V;5898.5000;5917.5000;stop;-19.0000
2025-08-26;C;5927.5000;5909.5000;stop;-18.0000
2025-08-29;C;5915.0000;5897.2500;stop;-17.7500
2025-09-08;C;5914.5000;5885.7500;stop;-28.7500
2025-10-07;C;5786.5000;5765.0000;stop;-21.5000
2025-11-04;C;5785.0000;5765.5000;stop;-19.5000
2025-12-30;V;5875.0000;5832.0000;alvo;43.0000
2026-02-06;V;5516.0000;5462.5000;alvo;53.5000
2026-02-12;C;5476.0000;5511.5000;alvo;35.5000
2026-03-05;C;5508.5000;5475.7500;stop;-32.7500
2026-03-06;V;5475.5000;5526.0000;stop;-50.5000
2026-04-02;C;5403.5000;5388.5000;stop;-15.0000
2026-04-23;C;5182.0000;5164.2500;stop;-17.7500
2026-05-18;V;5184.0000;5216.2500;stop;-32.2500
2026-05-25;V;5150.5000;5170.7500;stop;-20.2500
2026-05-28;V;5180.5000;5200.7500;stop;-20.2500
2026-06-25;V;5303.5000;5268.0000;alvo;35.5000
2026-07-02;V;5279.0000;5304.2500;stop;-25.2500
2026-07-13;C;5227.0000;5212.5000;stop;-14.5000
2026-07-23;C;5169.0000;5150.7500;stop;-18.2500
2026-08-10;C;5170.0000;5200.0000;alvo;30.0000
2026-08-14;V;5230.0000;5242.0000;stop;-12.0000
2026-08-31;V;5197.5000;5233.7500;stop;-36.2500
2026-09-08;V;5129.5000;5150.2500;stop;-20.7500
2026-09-15;V;5160.0000;5181.2500;stop;-21.2500
