data;dia_semana;grade_preabertura;grade_negociacao;grade_call;pre_hora_leilao;pre_preco_inicio;pre_preco_fechamento;pre_volume;pre_negocios;pregao_hora_inicio;pregao_hora_fim;pregao_preco_inicio;pregao_maxima;pregao_minima;pregao_preco_fechamento;pregao_volume;pregao_negocios;pos_hora_leilao;pos_preco_inicio;pos_preco_fechamento;pos_volume;pos_negocios;volume_total_dia;pos_leilao_preco_unico;fonte;observacao;callprev;gap;amp;amp_med20;gap_n;absgap;absgap_n;pre_vol;pre_neg;vol_por_neg;d_vol;d_neg;d_vpn;vol_rel20;hora_s;var;dir;absvar;pr_vol;pr_neg;m5_1;m5_3;m5_6;m5_12;gap_fechou;gap_min_fecha;gap_fechou_1h;max_1h;min_1h;extremo_1h;gap_dir_x_var;limpo;half
2026-04-06;seg;08:55;09:00-18:25;18:25;09:03:14.728;189200,0;189200,0;56203;81;09:03:14.733;18:24:59.579;189195,0;189990,0;188350,0;188865,0;15661285;2149412;18:31:14.516;188795,0;188795,0;20081;85;15737569;True;ticks;;;;1640,0;;;;;56203,0;81,0;693,8641975308642;;;;;194,728;-330,0;-1,0;330,0;15661285;2149412;150,0;180,0;460,0;110,0;;;;0,0;0,0;0,0;;True;H1
2026-04-07;ter;08:55;09:00-18:25;18:25;09:00:51.880;188160,0;188160,0;50025;106;09:00:51.883;18:24:59.888;188165,0;189530,0;186335,0;189470,0;19422103;2531097;18:31:15.325;189260,0;189260,0;22992;133;19495120;True;ticks;;188795,0;-635,0;3195,0;;;635,0;;50025,0;106,0;471,9339622641509;-0,10992295784922512;0,308641975308642;-0,3198467885451627;;51,88;1305,0;1,0;1305,0;19422103;2531097;450,0;-490,0;-680,0;-510,0;1,0;0,0;1,0;0,0;0,0;0,0;-1305,0;True;H1
2026-04-08;qua;08:55;09:00-18:25;18:25;09:03:04.568;194135,0;194135,0;58424;85;09:03:04.572;18:24:59.706;194130,0;195430,0;191570,0;192880,0;21364438;2543942;18:31:26.742;192400,0;192400,0;23243;75;21446105;True;ticks;;189260,0;4875,0;3860,0;;;4875,0;;58424,0;85,0;687,3411764705883;0,16789605197401292;-0,19811320754716977;0,45643507657935745;;184,568;-1250,0;-1,0;1250,0;21364438;2543942;85,0;-170,0;55,0;665,0;0,0;;0,0;0,0;0,0;0,0;-1250,0;True;H1
2026-04-09;qui;08:55;09:00-18:25;18:25;09:00:48.070;192085,0;192085,0;44704;30;09:00:48.072;18:24:59.967;192080,0;196095,0;192080,0;195925,0;19475295;2312673;18:31:27.888;196150,0;196150,0;25432;124;19545431;True;ticks;;192400,0;-315,0;4015,0;;;315,0;;44704,0;30,0;1490,1333333333334;-0,2348349993153499;-0,6470588235294117;1,1679675019398421;;48,07;3845,0;1,0;3845,0;19475295;2312673;735,0;575,0;1005,0;1720,0;1,0;0,0;1,0;0,0;1,0;1,0;-3845,0;True;H1
2026-04-10;sex;08:55;09:00-18:25;18:25;09:00:46.180;195925,0;195925,0;47583;32;09:00:46.183;18:24:59.851;195920,0;198165,0;195510,0;198150,0;17627863;2109070;18:31:21.421;198580,0;198580,0;23368;122;17698814;True;ticks;;196150,0;-225,0;2655,0;;;225,0;;47583,0;32,0;1486,96875;0,06440139584824633;0,06666666666666665;-0,0021236913922692002;;46,18;2230,0;1,0;2230,0;17627863;2109070;215,0;-35,0;-270,0;410,0;1,0;0,0;1,0;0,0;1,0;1,0;-2230,0;True;H1
2026-04-13;seg;08:55;09:00-18:25;18:25;09:03:32.648;196855,0;196855,0;54594;78;09:03:32.654;18:24:59.990;196855,0;198465,0;196295,0;197965,0;18064013;2094996;18:31:27.573;197915,0;197915,0;25522;110;18144129;True;ticks;;198580,0;-1725,0;2170,0;;;1725,0;;54594,0;78,0;699,9230769230769;0,14734253830149413;1,4375;-0,5292953689019511;;212,648;1110,0;1,0;1110,0;18064013;2094996;-405,0;170,0;-185,0;-100,0;0,0;;0,0;0,0;1,0;1,0;-1110,0;True;H1
2026-04-14;ter;08:55;09:00-18:25;18:25;09:00:57.277;198655,0;198655,0;47999;31;09:00:57.282;18:24:59.953;198665,0;199570,0;198105,0;198595,0;16017583;1962037;18:31:18.994;198470,0;198470,0;23089;75;16088671;True;ticks;;197915,0;740,0;1465,0;;;740,0;;47999,0;31,0;1548,3548387096773;-0,12080082060299668;-0,6025641025641026;1,2121785804182665;;57,277;-70,0;-1,0;70,0;16017583;1962037;200,0;-325,0;-255,0;60,0;0,0;;0,0;0,0;1,0;1,0;-70,0;True;H1
2026-04-15;qua;08:55;09:00-18:25;18:25;09:03:02.995;202885,0;202885,0;49613;57;09:03:02.997;18:24:59.837;202880,0;203495,0;201210,0;201780,0;14948343;1820073;18:31:14.861;201720,0;201720,0;23228;84;15021184;True;ticks;;198470,0;4415,0;2285,0;;;4415,0;;49613,0;57,0;870,4035087719299;0,033625700535427905;0,8387096774193548;-0,43785268918248654;;182,995;-1100,0;-1,0;1100,0;14948343;1820073;-510,0;-675,0;-960,0;-645,0;0,0;;0,0;0,0;0,0;0,0;-1100,0;False;H1
2026-04-16;qui;08:55;09:00-18:25;18:25;09:03:25.563;202065,0;202065,0;55221;56;09:03:25.566;18:24:59.883;202070,0;202975,0;200535,0;200770,0;16606418;1983121;18:31:23.778;200750,0;200750,0;23691;50;16685330;True;ticks;;201720,0;345,0;2440,0;;;345,0;;55221,0;56,0;986,0892857142857;0,11303489004897904;-0,01754385964912286;0,1329105130855679;;205,563;-1300,0;-1,0;1300,0;16606418;1983121;190,0;75,0;185,0;715,0;1,0;100,0;0,0;1,0;0,0;1,0;-1300,0;True;H1
2026-04-17;sex;08:55;09:00-18:25;18:25;09:03:16.873;201525,0;201525,0;52984;69;09:03:16.877;18:24:59.982;201530,0;203470,0;199345,0;199515,0;18253698;2082918;18:31:13.045;199650,0;199650,0;25248;100;18331930;True;ticks;;200750,0;775,0;4125,0;;;775,0;;52984,0;69,0;767,8840579710145;-0,040509950924467186;0,2321428571428572;-0,2212834384314516;;196,873;-2015,0;-1,0;2015,0;18253698;2082918;-175,0;-50,0;405,0;1425,0;1,0;150,0;0,0;0,0;0,0;0,0;-2015,0;True;H1
2026-04-20;seg;08:55;09:00-18:25;18:25;09:00:58.957;199660,0;199660,0;45174;25;09:00:58.965;18:24:59.733;199655,0;200785,0;199175,0;200195,0;14846665;1802348;18:31:20.121;200430,0;200430,0;18136;70;14909975;True;ticks;;199650,0;10,0;1610,0;2785,0;0,003590664272890485;10,0;0,003590664272890485;45174,0;25,0;1806,96;-0,14740298958176057;-0,6376811594202898;1,3531677487543408;0,8770884097506043;58,957;540,0;1,0;540,0;14846665;1802348;-50,0;435,0;270,0;525,0;1,0;0,0;1,0;0,0;0,0;0,0;540,0;True;H1
2026-04-22;qua;08:55;09:00-18:25;18:25;09:03:10.501;200550,0;200550,0;54371;58;09:03:10.510;18:24:59.955;200555,0;200660,0;196120,0;196200,0;17702419;2061513;18:31:24.272;196135,0;196135,0;30459;97;17787249;True;ticks;;200430,0;120,0;4540,0;2678,181818181818;0,044806517311608965;120,0;0,044806517311608965;54371,0;58,0;937,4310344827586;0,2035905609421349;1,3199999999999998;-0,4812109651111488;1,0868765617191405;190,501;-4355,0;-1,0;4355,0;17702419;2061513;-670,0;-1680,0;-1400,0;-1605,0;1,0;0,0;1,0;1,0;0,0;1,0;-4355,0;True;H1
2026-04-23;qui;08:55;09:00-18:25;18:25;09:03:18.048;196275,0;196275,0;53907;94;09:03:18.051;18:24:59.731;196270,0;197040,0;194425,0;194675,0;19285178;2252964;18:31:13.735;194520,0;194520,0;27032;120;19366117;True;ticks;;196135,0;140,0;2615,0;2833,3333333333335;0,04941176470588235;140,0;0,04941176470588235;53907,0;94,0;573,4787234042553;-0,008533961118978861;0,6206896551724137;-0,3882443589883061;1,0466464095370307;198,048;-1595,0;-1,0;1595,0;19285178;2252964;-95,0;235,0;200,0;115,0;1,0;0,0;1,0;0,0;0,0;0,0;-1595,0;True;H1
2026-04-24;sex;08:55;09:00-18:25;18:25;09:03:20.674;195330,0;195330,0;56313;64;09:03:20.679;18:24:59.506;195325,0;195430,0;193430,0;194350,0;16168339;1882523;18:31:14.502;194355,0;194355,0;26221;57;16250873;True;ticks;;194520,0;810,0;2000,0;2816,5384615384614;0,28758705448586647;810,0;0,28758705448586647;56313,0;64,0;879,890625;0,044632422505425984;-0,3191489361702128;0,5343038705548444;1,0628302883889476;200,674;-975,0;-1,0;975,0;16168339;1882523;-170,0;-185,0;-445,0;-685,0;1,0;35,0;1,0;1,0;0,0;1,0;-975,0;True;H1
2026-04-27;seg;08:55;09:00-18:25;18:25;09:00:45.479;194760,0;194760,0;46460;22;09:00:45.488;18:24:59.955;194770,0;195245,0;192600,0;192605,0;15876669;1847905;18:31:22.677;192755,0;192755,0;27985;112;15951114;True;ticks;;194355,0;405,0;2645,0;2758,214285714286;0,14683413181406188;405,0;0,14683413181406188;46460,0;22,0;2111,818181818182;-0,1749684797471277;-0,65625;1,4000916952810836;0,8692967602510969;45,479;-2165,0;-1,0;2165,0;15876669;1847905;190,0;-30,0;-390,0;-285,0;1,0;25,0;1,0;1,0;0,0;1,0;-2165,0;True;H1
2026-04-28;ter;08:55;09:00-18:25;18:25;09:03:18.578;192075,0;192075,0;55515;81;09:03:18.585;18:24:59.672;192070,0;192310,0;190550,0;191725,0;16791534;1868735;18:31:28.152;191890,0;191890,0;25949;66;16872998;True;ticks;;192755,0;-680,0;1760,0;2750,6666666666665;-0,24721279689772177;680,0;0,24721279689772177;55515,0;81,0;685,3703703703703;0,19489883770985794;2,6818181818181817;-0,6754595749430016;1,0477691378529368;198,578;-345,0;-1,0;345,0;16791534;1868735;-445,0;-575,0;-635,0;-615,0;0,0;;0,0;0,0;0,0;0,0;345,0;True;H1
2026-04-29;qua;08:55;09:00-18:25;18:25;09:02:51.632;191670,0;191670,0;57736;80;09:02:51.637;18:24:59.868;191665,0;191695,0;186865,0;186885,0;17203111;1845533;18:31:19.360;186900,0;186900,0;29181;66;17290028;True;ticks;;191890,0;-220,0;4830,0;2688,75;-0,08182240818224082;220,0;0,08182240818224082;57736,0;80,0;721,7;0,040007205259839695;-0,012345679012345734;0,05300729532558779;1,0802780402466063;171,632;-4780,0;-1,0;4780,0;17203111;1845533;-605,0;-595,0;-430,0;-960,0;0,0;;0,0;1,0;0,0;1,0;4780,0;True;H1
2026-04-30;qui;08:55;09:00-18:25;18:25;09:02:34.216;188500,0;188500,0;60289;71;09:02:34.220;18:24:59.693;188495,0;191035,0;188305,0;190085,0;15171605;1708260;18:31:28.467;189980,0;189980,0;24242;86;15256136;True;ticks;;186900,0;1600,0;2730,0;2814,705882352941;0,5684430512016719;1600,0;0,5684430512016719;60289,0;71,0;849,1408450704225;0,04421851184702774;-0,11250000000000004;0,17658423870087647;1,1183890774852987;154,216;1590,0;1,0;1590,0;15171605;1708260;325,0;465,0;505,0;415,0;0,0;;0,0;0,0;1,0;1,0;1590,0;True;H1
2026-05-04;seg;08:55;09:00-18:25;18:25;09:02:59.477;189490,0;189490,0;53012;60;09:02:59.482;18:24:59.931;189495,0;190870,0;188195,0;188535,0;17475961;1938299;18:31:12.751;188580,0;188580,0;26247;76;17555220;True;ticks;;189980,0;-490,0;2675,0;2810,0;-0,17437722419928825;490,0;0,17437722419928825;53012,0;60,0;883,5333333333333;-0,1207019522632653;-0,15492957746478875;0,04050268982180283;0,9791832135798593;179,477;-960,0;-1,0;960,0;17475961;1938299;565,0;905,0;885,0;790,0;1,0;0,0;1,0;1,0;0,0;1,0;960,0;True;H1
2026-05-05;ter;08:55;09:00-18:25;18:25;09:02:57.647;189525,0;189525,0;55716;60;09:02:57.651;18:24:59.817;189520,0;190245,0;188040,0;189400,0;17192270;1897217;18:31:22.915;189400,0;189400,0;24839;82;17272825;True;ticks;;188580,0;945,0;2205,0;2802,8947368421054;0,33715144117923196;945,0;0,33715144117923196;55716,0;60,0;928,6;0,05100731909756284;0,0;0,05100731909756284;1,0335577939785185;177,647;-120,0;-1,0;120,0;17192270;1897217;-745,0;-1270,0;-810,0;-1365,0;1,0;5,0;1,0;0,0;1,0;1,0;-120,0;True;H1
2026-05-06;qua;08:55;09:00-18:25;18:25;09:02:54.681;191440,0;191440,0;62860;62;09:02:54.688;18:24:59.866;191435,0;192560,0;189635,0;190010,0;18629107;2029154;18:31:23.942;190000,0;190000,0;22742;45;18714709;True;ticks+M1;"7 minuto(s) com ticks faltando na fonte (09:16-09:23); volume, maxima e minima do pregao completados pelo M1 (volume +371437); negocios NAO completados";189400,0;2040,0;2925,0;2773,0;0,7356653443923549;2040,0;0,7356653443923549;62860,0;62,0;1013,8709677419355;0,12822169574269515;0,03333333333333344;0,09182744749293081;1,1610853543656143;174,681;-1425,0;-1,0;1425,0;18629107;2029154;15,0;-35,0;970,0;-45,0;0,0;;0,0;1,0;0,0;1,0;-1425,0;True;H1
2026-05-07;qui;08:55;09:00-18:25;18:25;09:02:57.693;190300,0;190300,0;49217;59;09:02:57.696;18:24:59.764;190295,0;190575,0;185180,0;185230,0;19943780;2149247;18:31:23.766;185260,0;185260,0;26960;67;20019957;True;ticks;;190000,0;300,0;5395,0;2837,25;0,10573618821041501;300,0;0,10573618821041501;49217,0;59,0;834,1864406779661;-0,21703786191536745;-0,048387096774193505;-0,17722622777547092;0,9090858715528547;177,693;-5065,0;-1,0;5065,0;19943780;2149247;-305,0;-785,0;-790,0;-670,0;1,0;0,0;1,0;1,0;0,0;1,0;-5065,0;True;H1
2026-05-08;sex;08:55;09:00-18:25;18:25;09:00:47.564;186000,0;186000,0;48523;26;09:00:47.575;18:24:59.904;185995,0;188255,0;185800,0;187150,0;16691393;1920847;18:31:12.684;187190,0;187190,0;6465;107;16746381;True;ticks;;185260,0;740,0;2455,0;2947,25;0,25108151666808043;740,0;0,25108151666808043;48523,0;26,0;1866,2692307692307;-0,014100818822764483;-0,5593220338983051;1,2372327572868036;0,896267016383753;47,564;1155,0;1,0;1155,0;16691393;1920847;15,0;720,0;915,0;1735,0;0,0;;0,0;0,0;1,0;1,0;1155,0;True;H1
2026-05-11;seg;08:55;09:00-18:25;18:25;09:00:47.980;187400,0;187400,0;33949;58;09:00:47.991;18:24:59.668;187390,0;187400,0;183940,0;184870,0;18070421;2060786;18:31:20.936;184600,0;184600,0;22438;145;18126808;True;ticks;;187190,0;210,0;3460,0;2877,0;0,072992700729927;210,0;0,072992700729927;33949,0;58,0;585,3275862068965;-0,300352410197226;1,2307692307692308;-0,6863648735366876;0,6350414799988776;47,98;-2520,0;-1,0;2520,0;18070421;2060786;-1475,0;-1475,0;-1170,0;-1470,0;1,0;0,0;1,0;0,0;0,0;0,0;-2520,0;True;H1
2026-05-12;ter;08:55;09:00-18:25;18:25;09:00:50.798;183800,0;183800,0;45177;31;09:00:50.802;18:24:59.963;183795,0;184090,0;182145,0;182725,0;18000449;2063896;18:31:20.348;182770,0;182770,0;20656;77;18066282;True;ticks;;184600,0;-800,0;1945,0;2849,25;-0,28077564271299466;800,0;0,28077564271299466;45177,0;31,0;1457,3225806451612;0,33073139120445383;-0,4655172413793104;1,489755506124462;0,8450696321514417;50,798;-1070,0;-1,0;1070,0;18000449;2063896;-430,0;-255,0;-385,0;-250,0;0,0;;0,0;0,0;0,0;0,0;1070,0;True;H1
2026-05-13;qua;08:55;09:00-18:25;18:25;09:00:53.628;182750,0;182750,0;37618;34;09:00:53.632;18:24:59.970;182760,0;182900,0;178790,0;179050,0;19085050;2080320;18:31:18.233;179105,0;179105,0;22018;51;19144686;True;ticks;;182770,0;-20,0;4110,0;2813,75;-0,007107952021323856;20,0;0,007107952021323856;37618,0;34,0;1106,4117647058824;-0,16731965380614033;0,09677419354838701;-0,24079144905853955;0,7036728738577802;53,628;-3710,0;-1,0;3710,0;19085050;2080320;-970,0;-465,0;-840,0;-685,0;1,0;0,0;1,0;1,0;0,0;1,0;3710,0;True;H1
2026-05-14;qui;08:55;09:00-18:25;18:25;09:03:27.509;179055,0;179055,0;55751;75;09:03:27.513;18:24:59.897;179065,0;181550,0;179060,0;180670,0;16654692;1810397;18:31:14.873;180675,0;180675,0;18923;142;16729366;True;ticks;;179105,0;-50,0;2490,0;2910,75;-0,017177703341063298;50,0;0,017177703341063298;55751,0;75,0;743,3466666666667;0,4820298793130948;1,2058823529411766;-0,32814645471139703;1,0519453564285444;207,509;1605,0;1,0;1605,0;16654692;1810397;1015,0;1080,0;1325,0;1615,0;1,0;0,0;1,0;0,0;0,0;0,0;-1605,0;True;H1
2026-05-15;sex;08:55;09:00-18:25;18:25;09:00:45.315;179000,0;179000,0;37717;39;09:00:45.323;18:24:59.873;179005,0;179425,0;177220,0;179240,0;17041041;1931314;18:31:28.888;179360,0;179360,0;18563;76;17097321;True;ticks;;180675,0;-1675,0;2205,0;2962,0;-0,5654962862930453;1675,0;0,5654962862930453;37717,0;39,0;967,1025641025641;-0,3234740184032573;-0,48;0,3010115030706588;0,7055247430297702;45,315;235,0;1,0;235,0;17041041;1931314;-930,0;-625,0;-860,0;-1500,0;0,0;;0,0;0,0;0,0;0,0;-235,0;True;H1
2026-05-18;seg;08:55;09:00-18:25;18:25;09:00:55.555;179000,0;179000,0;47966;27;09:00:55.560;18:24:59.898;178995,0;179550,0;177580,0;179465,0;17714552;1995502;18:31:16.662;179530,0;179530,0;20980;89;17783498;True;ticks;;179360,0;-360,0;1970,0;2958,0;-0,12170385395537525;360,0;0,12170385395537525;47966,0;27,0;1776,5185185185185;0,2717342312485087;-0,3076923076923077;0,8369494451367347;0,8972399667037664;55,555;470,0;1,0;470,0;17714552;1995502;-520,0;-760,0;-545,0;-600,0;1,0;0,0;1,0;1,0;0,0;1,0;-470,0;True;H1
2026-05-19;ter;08:55;09:00-18:25;18:25;09:03:07.880;178560,0;178560,0;56982;82;09:03:07.885;18:24:59.885;178570,0;178700,0;175200,0;176475,0;20176946;2052322;18:31:12.305;176465,0;176465,0;18180;93;20252108;True;ticks;;179530,0;-970,0;3500,0;2934,5;-0,3305503492928949;970,0;0,3305503492928949;56982,0;82,0;694,9024390243902;0,1879664762540132;2,037037037037037;-0,6088403065992883;1,0751726480244537;187,88;-2095,0;-1,0;2095,0;20176946;2052322;-395,0;-1175,0;-955,0;-2040,0;0,0;;0,0;1,0;0,0;1,0;2095,0;True;H1
2026-05-20;qua;08:55;09:00-18:25;18:25;09:00:50.736;176465,0;176465,0;49385;33;09:00:50.742;18:24:59.732;176460,0;179945,0;176180,0;178530,0;17465428;1857829;18:31:18.355;178650,0;178650,0;19029;85;17533842;True;ticks;;176465,0;0,0;3765,0;2903,25;0,0;0,0;0,0;49385,0;33,0;1496,5151515151515;-0,13332280369239413;-0,5975609756097561;1,1535615180976873;0,9237834248356233;50,736;2070,0;1,0;2070,0;17465428;1857829;785,0;335,0;460,0;340,0;;;;0,0;1,0;1,0;0,0;True;H1
2026-05-21;qui;08:55;09:00-18:25;18:25;09:00:48.342;178060,0;178060,0;49918;27;09:00:48.344;18:24:59.823;178055,0;180355,0;177305,0;178965,0;18127655;1971408;18:31:19.084;178700,0;178700,0;19442;87;18197015;True;ticks;;178650,0;-590,0;3050,0;3011,0;-0,1959481899701096;590,0;0,1959481899701096;49918,0;27,0;1848,8148148148148;0,010792750835273868;-0,18181818181818177;0,23541336213200137;0,93375358916563;48,342;910,0;1,0;910,0;18127655;1971408;235,0;-110,0;-330,0;-190,0;1,0;0,0;1,0;0,0;0,0;0,0;-910,0;True;H1
2026-05-22;sex;08:55;09:00-18:25;18:25;09:00:45.960;178495,0;178495,0;47087;27;09:00:45.963;18:24:59.618;178490,0;178910,0;176310,0;177730,0;15679534;1754794;18:31:22.324;177745,0;177745,0;18109;65;15744730;True;ticks;;178700,0;-205,0;2600,0;2936,5;-0,06981099948918781;205,0;0,06981099948918781;47087,0;27,0;1743,962962962963;-0,05671300933530987;0,0;-0,05671300933530987;0,9149324783833673;45,96;-760,0;-1,0;760,0;15679534;1754794;-165,0;65,0;-180,0;-475,0;1,0;0,0;1,0;1,0;0,0;1,0;760,0;True;H1
2026-05-25;seg;08:55;09:00-18:25;18:25;09:00:56.211;179270,0;179270,0;48396;50;09:00:56.220;18:24:59.867;179275,0;180275,0;177845,0;179425,0;12060174;1515793;18:31:19.209;179290,0;179290,0;17878;78;12126448;True;ticks;;177745,0;1525,0;2430,0;2935,75;0,5194584007493827;1525,0;0,5194584007493827;48396,0;50,0;967,92;0,027799604986514348;0,8518518518518519;-0,44498821330728233;0,9747137548714541;56,211;150,0;1,0;150,0;12060174;1515793;840,0;655,0;-130,0;-615,0;0,0;;0,0;1,0;0,0;1,0;150,0;True;H1
2026-05-26;ter;08:55;09:00-18:25;18:25;09:00:45.032;178910,0;178910,0;46640;28;09:00:45.035;18:24:59.854;178905,0;179235,0;176765,0;177705,0;16130667;1814958;18:31:18.030;177725,0;177725,0;18728;65;16196035;True;ticks;;179290,0;-380,0;2470,0;2957,25;-0,12849775974300448;380,0;0,12849775974300448;46640,0;28,0;1665,7142857142858;-0,0362839904124308;-0,43999999999999995;0,720921445692088;0,9460254355895418;45,032;-1200,0;-1,0;1200,0;16130667;1814958;-335,0;-225,0;265,0;-270,0;0,0;;0,0;1,0;0,0;1,0;1200,0;True;H1
2026-05-27;qua;08:55;09:00-18:25;18:25;09:00:47.879;177360,0;177360,0;49546;27;09:00:47.882;18:24:59.530;177355,0;179655,0;176650,0;176790,0;17829116;1947765;18:31:20.832;176875,0;176875,0;19342;51;17898004;True;ticks;;177725,0;-365,0;3005,0;2948,5;-0,123791758521282;365,0;0,123791758521282;49546,0;27,0;1835,037037037037;0,06230703259005144;-0,0357142857142857;0,10165173750079393;1,004969473235837;47,879;-565,0;-1,0;565,0;17829116;1947765;885,0;1010,0;2035,0;1580,0;1,0;0,0;1,0;1,0;0,0;1,0;565,0;True;H1
2026-05-28;qui;08:55;09:00-18:25;18:25;09:03:19.614;175870,0;175870,0;60112;69;09:03:19.638;18:24:59.815;175865,0;177990,0;175450,0;175640,0;16801214;1834200;18:31:27.757;175550,0;175550,0;16934;64;16878260;True;ticks;;176875,0;-1005,0;2540,0;3010,75;-0,3338038694677406;1005,0;0,3338038694677406;60112,0;69,0;871,1884057971015;0,21325636781980384;1,5555555555555554;-0,5252475082444246;1,219285612867893;199,614;-225,0;-1,0;225,0;16801214;1834200;25,0;310,0;1185,0;1250,0;1,0;25,0;1,0;0,0;0,0;0,0;225,0;True;H1
2026-05-29;sex;08:55;09:00-18:25;18:25;09:03:04.165;176000,0;176000,0;56357;74;09:03:04.168;18:24:59.781;175995,0;176370,0;173675,0;174730,0;18283119;1967048;18:31:13.672;174755,0;174755,0;20213;40;18359689;True;ticks;;175550,0;450,0;2695,0;2896,25;0,15537332757876565;450,0;0,15537332757876565;56357,0;74,0;761,581081081081;-0,062466728772957114;0,07246376811594213;-0,12581357142343308;1,1431208291921056;184,165;-1265,0;-1,0;1265,0;18283119;1967048;215,0;-65,0;-400,0;-260,0;1,0;30,0;1,0;1,0;0,0;1,0;-1265,0;True;H1
2026-06-01;seg;08:55;09:00-18:25;18:25;09:00:52.321;175280,0;175280,0;48183;60;09:00:52.327;18:24:59.808;175285,0;176325,0;172645,0;172850,0;16921638;1891642;18:31:28.371;172855,0;172855,0;21411;118;16991232;True;ticks;;174755,0;525,0;3680,0;2894,5;0,18137847642079807;525,0;0,18137847642079807;48183,0;60,0;803,05;-0,1450396578952038;-0,18918918918918914;0,0544510885959153;0,977322975193201;52,321;-2435,0;-1,0;2435,0;16921638;1891642;505,0;335,0;-175,0;-260,0;1,0;65,0;0,0;1,0;0,0;1,0;-2435,0;True;H1
2026-06-02;ter;08:55;09:00-18:25;18:25;09:03:06.063;173200,0;173200,0;58841;63;09:03:06.069;18:24:59.849;173205,0;175855,0;173105,0;175215,0;18628877;2026491;18:31:25.057;175230,0;175230,0;20725;56;18708443;True;ticks;;172855,0;345,0;2750,0;2944,75;0,11715765345105697;345,0;0,11715765345105697;58841,0;63,0;933,984126984127;0,2211983479650499;0,050000000000000044;0,1630460456809999;1,2040311029261306;186,063;2010,0;1,0;2010,0;18628877;2026491;220,0;725,0;960,0;770,0;0,0;;0,0;0,0;1,0;1,0;2010,0;True;H1
2026-06-03;qua;08:55;09:00-18:25;18:25;09:02:49.324;174615,0;174615,0;58172;57;09:02:49.327;18:24:59.685;174610,0;174685,0;170640,0;170675,0;18914600;2045170;18:31:28.762;170725,0;170725,0;22108;90;18994880;True;ticks;;175230,0;-615,0;4045,0;2972,0;-0,2069313593539704;615,0;0,2069313593539704;58172,0;57,0;1020,561403508772;-0,011369623221903047;-0,09523809523809523;0,0926967322284229;1,1903417229384081;169,324;-3935,0;-1,0;3935,0;18914600;2045170;-950,0;-1370,0;-2120,0;-2280,0;0,0;;0,0;1,0;0,0;1,0;3935,0;True;H1
2026-06-05;sex;08:55;09:00-18:25;18:25;09:00:55.795;171095,0;171095,0;44531;39;09:00:55.797;18:24:59.794;171090,0;171675,0;169075,0;169495,0;17919613;2078433;18:31:23.647;169520,0;169520,0;19695;50;17983839;True;ticks;;170725,0;370,0;2600,0;3028,0;0,12219286657859973;370,0;0,12219286657859973;44531,0;39,0;1141,820512820513;-0,23449425840610605;-0,3157894736842105;0,11881608386799902;0,9112134233681195;55,795;-1595,0;-1,0;1595,0;17919613;2078433;-20,0;-65,0;65,0;-210,0;1,0;30,0;1,0;1,0;0,0;1,0;-1595,0;True;H1
2026-06-08;seg;08:55;09:00-18:25;18:25;09:03:49.759;170360,0;170360,0;59553;71;09:03:49.763;18:24:59.930;170365,0;170375,0;168635,0;169210,0;17210865;1951242;18:31:23.447;169265,0;169265,0;18811;79;17289229;True;ticks;;169520,0;840,0;1740,0;2888,25;0,29083354972734354;840,0;0,29083354972734354;59553,0;71,0;838,7746478873239;0,33733803417843755;0,8205128205128205;-0,26540586854987247;1,228923121369391;229,759;-1155,0;-1,0;1155,0;17210865;1951242;-320,0;-515,0;-230,0;-790,0;1,0;5,0;1,0;1,0;0,0;1,0;-1155,0;True;H1
2026-06-09;ter;08:55;09:00-18:25;18:25;09:03:07.396;169970,0;169970,0;55464;64;09:03:07.400;18:24:59.703;169975,0;171205,0;168710,0;170025,0;21187654;2283159;18:31:28.396;170060,0;170060,0;18526;63;21261644;True;ticks;;169265,0;705,0;2495,0;2852,5;0,24715162138475022;705,0;0,24715162138475022;55464,0;64,0;866,625;-0,06866152838647932;-0,09859154929577463;0,033203616946249515;1,1344535236906965;187,396;50,0;1,0;50,0;21187654;2283159;270,0;-30,0;-40,0;425,0;1,0;275,0;0,0;0,0;0,0;0,0;50,0;True;H1
2026-06-10;qua;08:55;09:00-18:25;18:25;09:02:52.943;169265,0;169265,0;59988;53;09:02:52.947;18:24:59.833;169275,0;169900,0;168390,0;168670,0;16337913;1864633;18:31:19.085;168750,0;168750,0;13983;63;16411884;True;ticks;;170060,0;-795,0;1510,0;2804,25;-0,283498261567264;795,0;0,283498261567264;59988,0;53,0;1131,8490566037735;0,08156642146257043;-0,171875;0,3060424712000849;1,2127240197713558;172,943;-605,0;-1,0;605,0;16337913;1864633;-560,0;-225,0;-25,0;-10,0;0,0;;0,0;1,0;0,0;1,0;605,0;True;H1
2026-06-11;qui;08:55;09:00-18:25;18:25;09:02:48.037;169900,0;169900,0;62771;73;09:02:48.040;18:24:59.867;169905,0;172370,0;168505,0;171885,0;19974307;2241449;18:31:27.098;171825,0;171825,0;22980;95;20060058;True;ticks;;168750,0;1150,0;3865,0;2782,5;0,4132973944294699;1150,0;0,4132973944294699;62771,0;73,0;859,8767123287671;0,046392611855704535;0,37735849056603765;-0,24029029550202274;1,2621853132791765;168,037;1980,0;1,0;1980,0;19974307;2241449;-30,0;160,0;-450,0;-840,0;1,0;60,0;0,0;0,0;0,0;0,0;1980,0;True;H1
2026-06-12;sex;08:55;09:00-18:25;18:25;09:03:23.586;171895,0;171895,0;56153;54;09:03:23.597;18:24:59.885;171900,0;172800,0;169890,0;171190,0;18241012;1940852;18:31:12.653;171160,0;171160,0;15307;42;18312472;True;ticks;;171825,0;70,0;2910,0;2770,25;0,025268477574226154;70,0;0,025268477574226154;56153,0;54,0;1039,8703703703704;-0,10543085182648038;-0,26027397260273977;0,2093249595679063;1,0657038203867832;203,586;-710,0;-1,0;710,0;18241012;1940852;-995,0;-1300,0;-1695,0;-1570,0;1,0;0,0;1,0;0,0;0,0;0,0;-710,0;True;H1
2026-06-15;seg;08:55;09:00-18:25;18:25;09:00:48.188;171700,0;171700,0;47758;26;09:00:48.219;18:24:59.864;171720,0;174465,0;170355,0;170425,0;16904240;1878867;18:31:21.445;170370,0;170370,0;23855;116;16975853;True;ticks;;171160,0;540,0;4110,0;2791,25;0,19346171070309;540,0;0,19346171070309;47758,0;26,0;1836,8461538461538;-0,1495022527736719;-0,5185185185185186;0,7664183980854504;0,9063786984494505;48,188;-1295,0;-1,0;1295,0;16904240;1878867;360,0;990,0;1555,0;1995,0;1,0;355,0;0,0;0,0;0,0;0,0;-1295,0;True;H1
2026-06-16;ter;08:55;09:00-18:25;18:25;09:00:58.507;170975,0;170975,0;48458;34;09:00:58.511;18:24:59.943;170970,0;170975,0;169075,0;169360,0;16490046;1886469;18:31:25.561;169470,0;169470,0;21052;67;16559556;True;ticks;;170370,0;605,0;1900,0;2886,5;0,2095963970206132;605,0;0,2095963970206132;48458,0;34,0;1425,235294117647;0,014657230202269833;0,3076923076923077;-0,2240856474923819;0,9196636996830578;58,507;-1610,0;-1,0;1610,0;16490046;1886469;-735,0;-1200,0;-590,0;-1425,0;1,0;0,0;1,0;0,0;0,0;0,0;-1610,0;True;H1
2026-06-17;qua;08:55;09:00-18:25;18:25;09:02:56.799;172820,0;172820,0;55381;53;09:02:56.802;18:24:59.995;172815,0;175330,0;171160,0;171520,0;19585149;2123113;18:31:28.152;171480,0;171480,0;19717;45;19660247;True;ticks;;169470,0;3350,0;4170,0;2883,0;1,1619840443981964;3350,0;1,1619840443981964;55381,0;53,0;1044,9245283018868;0,1428659870403235;0,5588235294117647;-0,2668406875590378;1,0510523618834335;176,799;-1295,0;-1,0;1295,0;19585149;2123113;-220,0;275,0;555,0;985,0;0,0;;0,0;0,0;0,0;0,0;-1295,0;False;H1
2026-06-18;qui;08:55;09:00-18:25;18:25;09:03:03.739;171800,0;171800,0;62028;58;09:03:03.742;18:24:59.847;171795,0;172890,0;170230,0;171870,0;16803599;1836745;18:31:19.170;172015,0;172015,0;21252;63;16886879;True;ticks;;171480,0;320,0;2660,0;2916,5;0,10972055546031202;320,0;0,10972055546031202;62028,0;58,0;1069,448275862069;0,12002311261985166;0,09433962264150941;0,023469396014692112;1,1781308464467848;183,739;75,0;1,0;75,0;16803599;1836745;-1180,0;-650,0;-605,0;-475,0;1,0;0,0;1,0;0,0;1,0;1,0;75,0;True;H1
2026-06-19;sex;08:55;09:00-18:25;18:25;09:03:21.560;171700,0;171700,0;52930;78;09:03:21.565;18:24:59.987;171705,0;171945,0;170730,0;171640,0;11744327;1470775;18:31:16.393;171645,0;171645,0;19101;62;11816358;True;ticks;;172015,0;-315,0;1215,0;2861,25;-0,11009174311926606;315,0;0,11009174311926606;52930,0;78,0;678,5897435897435;-0,1466756948474882;0,3448275862068966;-0,36547679873274774;0,9550272903604132;201,56;-65,0;-1,0;65,0;11744327;1470775;-270,0;-550,0;-810,0;-250,0;0,0;;0,0;0,0;0,0;0,0;65,0;True;H1
2026-06-22;seg;08:55;09:00-18:25;18:25;09:00:52.411;171590,0;171590,0;47467;26;09:00:52.414;18:24:58.816;171585,0;173890,0;170210,0;173490,0;16037609;1802486;18:31:16.459;173490,0;173490,0;21520;96;16106596;True;ticks;;171645,0;-55,0;3680,0;2769,5;-0,019859180357465245;55,0;0,019859180357465245;47467,0;26,0;1825,6538461538462;-0,10321178915548834;-0,6666666666666667;1,690364632533535;0,8564572150299968;52,411;1905,0;1,0;1905,0;16037609;1802486;-1120,0;-700,0;-410,0;-200,0;1,0;60,0;0,0;0,0;1,0;1,0;-1905,0;True;H1
2026-06-23;ter;08:55;09:00-18:25;18:25;09:03:04.752;172205,0;172205,0;56338;112;09:03:04.756;18:24:59.628;172215,0;174940,0;171400,0;174810,0;16604689;1887541;18:31:14.809;174800,0;174800,0;21811;97;16682838;True;ticks;;173490,0;-1285,0;3540,0;2823,5;-0,4551089073844519;1285,0;0,4551089073844519;56338,0;112,0;503,01785714285717;0,18688773252996826;3,3076923076923075;-0,7244724906626859;1,0165185619558843;184,752;2595,0;1,0;2595,0;16604689;1887541;-195,0;-395,0;-515,0;-530,0;1,0;135,0;0,0;0,0;0,0;0,0;-2595,0;True;H1
2026-06-24;qua;08:55;09:00-18:25;18:25;09:03:18.171;174500,0;174500,0;57535;61;09:03:18.175;18:24:59.814;174505,0;174685,0;172210,0;174215,0;17045317;1915084;18:31:19.669;174250,0;174250,0;20539;53;17123391;True;ticks;;174800,0;-300,0;2475,0;2879,0;-0,10420284821118445;300,0;0,10420284821118445;57535,0;61,0;943,1967213114754;0,02124676062338038;-0,4553571428571429;0,8750760195052227;1,0309361477194334;198,171;-290,0;-1,0;290,0;17045317;1915084;-360,0;-1395,0;-1430,0;-1525,0;0,0;;0,0;1,0;0,0;1,0;290,0;True;H1
2026-06-25;qui;08:55;09:00-18:25;18:25;09:03:07.914;174310,0;174310,0;58135;112;09:03:07.920;18:24:58.883;174315,0;176275,0;173755,0;174760,0;15677664;1904835;18:31:22.215;174650,0;174650,0;20557;57;15756356;True;ticks;;174250,0;60,0;2520,0;2879,25;0,02083876009377442;60,0;0,02083876009377442;58135,0;112,0;519,0625;0,010428434865733971;0,8360655737704918;-0,44967737029634136;1,0335937986150003;187,914;445,0;1,0;445,0;15677664;1904835;-260,0;200,0;400,0;165,0;1,0;0,0;1,0;0,0;1,0;1,0;445,0;True;H1
2026-06-26;sex;08:55;09:00-18:25;18:25;09:00:47.877;174000,0;174000,0;48222;28;09:00:47.879;18:24:59.896;174010,0;176920,0;173765,0;176250,0;17259707;1928173;18:31:19.244;176290,0;176290,0;21228;61;17329157;True;ticks;;174650,0;-650,0;3155,0;2855,0;-0,2276707530647986;650,0;0,2276707530647986;48222,0;28,0;1722,2142857142858;-0,17051690031822486;-0,75;2,317932398727101;0,8557966191933981;47,877;2240,0;1,0;2240,0;17259707;1928173;425,0;1075,0;1015,0;575,0;1,0;5,0;1,0;0,0;1,0;1,0;-2240,0;True;H1
2026-06-29;seg;08:55;09:00-18:25;18:25;09:02:58.218;177200,0;177200,0;47102;60;09:02:58.224;18:24:59.862;177200,0;177205,0;174980,0;175800,0;13083561;1554614;18:31:13.749;175760,0;175760,0;20328;60;13150991;True;ticks;;176290,0;910,0;2225,0;2885,75;0,31534263189812006;910,0;0,31534263189812006;47102,0;60,0;785,0333333333333;-0,02322591348347225;1,1428571428571428;-0,5441720929589537;0,8374358837595897;178,218;-1400,0;-1,0;1400,0;13083561;1554614;-610,0;-875,0;-1415,0;-890,0;1,0;5,0;1,0;1,0;0,0;1,0;-1400,0;True;H1
2026-06-30;ter;08:55;09:00-18:25;18:25;09:03:09.613;175910,0;175910,0;54174;54;09:03:09.616;18:24:59.853;175905,0;176140,0;173025,0;174600,0;17423279;1937260;18:31:13.746;174590,0;174590,0;19689;48;17497142;True;ticks;;175760,0;150,0;3115,0;2862,25;0,0524063236963927;150,0;0,0524063236963927;54174,0;54,0;1003,2222222222222;0,1501422444906797;-0,09999999999999998;0,2779358272118664;0,9707123466855407;189,613;-1305,0;-1,0;1305,0;17423279;1937260;-90,0;-975,0;-1140,0;-1230,0;1,0;0,0;1,0;1,0;0,0;1,0;-1305,0;True;H1
2026-07-01;qua;08:55;09:00-18:25;18:25;09:00:48.861;174005,0;174005,0;45867;26;09:00:48.864;18:24:59.303;174000,0;174685,0;172050,0;174515,0;15628451;1933196;18:31:25.142;174530,0;174530,0;21307;48;15695625;True;ticks;;174590,0;-585,0;2635,0;2834,0;-0,20642201834862386;585,0;0,20642201834862386;45867,0;26,0;1764,1153846153845;-0,1533392402259386;-0,5185185185185186;0,7584492702999737;0,821864052966842;48,861;515,0;1,0;515,0;15628451;1933196;-1165,0;-765,0;-1310,0;-1615,0;1,0;270,0;0,0;0,0;0,0;0,0;-515,0;True;H2
2026-07-02;qui;08:55;09:00-18:25;18:25;09:00:47.876;174560,0;174560,0;47564;28;09:00:47.888;18:24:59.484;174555,0;177055,0;173910,0;175135,0;17022166;2018586;18:31:17.236;175175,0;175175,0;20984;42;17090714;True;ticks;;174530,0;30,0;3145,0;2828,25;0,010607265977194379;30,0;0,010607265977194379;47564,0;28,0;1698,7142857142858;0,03699827762879626;0,07692307692307687;-0,03707302791611766;0,8582074067391402;47,876;580,0;1,0;580,0;17022166;2018586;175,0;75,0;420,0;1190,0;1,0;0,0;1,0;0,0;1,0;1,0;580,0;True;H2
2026-07-03;sex;08:55;09:00-18:25;18:25;09:02:55.075;175725,0;175725,0;57389;54;09:02:55.078;18:24:59.512;175730,0;177175,0;175300,0;176785,0;12575128;1557222;18:31:23.496;176910,0;176910,0;21017;87;12653534;True;ticks;;175175,0;550,0;1875,0;2783,25;0,19761070690739244;550,0;0,19761070690739244;57389,0;54,0;1062,7592592592594;0,20656378773862594;0,9285714285714286;-0,37437433228367545;1,0476746839487017;175,075;1055,0;1,0;1055,0;12575128;1557222;80,0;735,0;920,0;595,0;0,0;;0,0;0,0;0,0;0,0;1055,0;True;H2
2026-07-06;seg;08:55;09:00-18:25;18:25;09:00:51.677;176600,0;176600,0;48341;30;09:00:51.682;18:24:59.619;176605,0;176835,0;173855,0;174495,0;15911628;1784460;18:31:26.000;174535,0;174535,0;20937;74;15980906;True;ticks;;176910,0;-310,0;2980,0;2747,0;-0,11285038223516564;310,0;0,11285038223516564;48341,0;30,0;1611,3666666666666;-0,15766087577758803;-0,4444444444444444;0,5162104236003413;0,8722269836257838;51,677;-2110,0;-1,0;2110,0;15911628;1784460;-1050,0;-1130,0;-1330,0;-1495,0;0,0;;0,0;1,0;0,0;1,0;2110,0;True;H2
2026-07-07;ter;08:55;09:00-18:25;18:25;09:03:09.339;174370,0;174370,0;57068;78;09:03:09.343;18:24:59.624;174365,0;175795,0;173545,0;173655,0;18140098;1996183;18:31:18.649;173600,0;173600,0;20274;82;18217440;True;ticks;;174535,0;-165,0;2250,0;2809,0;-0,058739765040939834;165,0;0,058739765040939834;57068,0;78,0;731,6410256410256;0,180529984898947;1,6;-0,5459500058080973;1,0418146136643696;189,339;-710,0;-1,0;710,0;18140098;1996183;705,0;1240,0;1125,0;765,0;1,0;0,0;1,0;0,0;0,0;0,0;710,0;True;H2
2026-07-08;qua;08:55;09:00-18:25;18:25;09:00:58.558;172230,0;172230,0;15787;49;09:00:58.560;18:24:59.578;172245,0;173885,0;172005,0;172705,0;15932526;1828696;18:31:24.127;172665,0;172665,0;4519;62;15952832;True;ticks;;173600,0;-1370,0;1880,0;2796,75;-0,4898542951640297;1370,0;0,4898542951640297;15787,0;49,0;322,18367346938777;-0,7233651082918624;-0,3717948717948718;-0,5596424172809237;0,28820227283099814;58,558;460,0;1,0;460,0;15932526;1828696;1405,0;1115,0;1460,0;1320,0;1,0;0,0;1,0;1,0;0,0;1,0;-460,0;True;H2
2026-07-09;qui;08:55;09:00-18:25;18:25;09:00:55.018;173025,0;173025,0;40430;29;09:00:55.022;18:24:59.854;173030,0;175420,0;172460,0;175390,0;15326875;1283430;18:31:19.883;175490,0;175490,0;10284;36;15377589;True;ticks;;172665,0;360,0;2960,0;2815,25;0,12787496669922743;360,0;0,12787496669922743;40430,0;29,0;1394,1379310344828;1,5609678849686452;-0,40816326530612246;3,327152633222883;0,7549671347475351;55,018;2360,0;1,0;2360,0;15326875;1283430;0,0;450,0;615,0;120,0;1,0;0,0;1,0;0,0;1,0;1,0;2360,0;True;H2
2026-07-10;sex;08:55;09:00-18:25;18:25;09:00:51.501;175900,0;175900,0;43265;17;09:00:51.506;18:24:59.871;175905,0;180670,0;175900,0;180605,0;18036712;1398299;18:31:20.586;180515,0;180515,0;8686;27;18088663;True;ticks;;175490,0;410,0;4770,0;2770,0;0,148014440433213;410,0;0,148014440433213;43265,0;17,0;2545,0;0,07012119713084353;-0,4137931034482759;0,8255008656937917;0,8534540576794097;51,501;4700,0;1,0;4700,0;18036712;1398299;865,0;1725,0;1580,0;2410,0;0,0;;0,0;0,0;0,0;0,0;4700,0;True;H2
2026-07-13;seg;08:55;09:00-18:25;18:25;09:03:10.735;179670,0;179670,0;57649;26;09:03:10.741;18:24:59.731;179670,0;180245,0;176990,0;177140,0;16668714;1377661;18:31:19.533;177400,0;177400,0;24483;28;16750846;True;ticks;;180515,0;-845,0;3255,0;2863,0;-0,29514495284666437;845,0;0,29514495284666437;57649,0;26,0;2217,269230769231;0,33246272968912516;0,5294117647058822;-0,12877436904941808;1,1911073461502701;190,735;-2530,0;-1,0;2530,0;16668714;1377661;25,0;5,0;185,0;475,0;0,0;;0,0;0,0;0,0;0,0;2530,0;True;H2
2026-07-14;ter;08:55;09:00-18:25;18:25;09:02:54.687;178140,0;178140,0;57511;29;09:02:54.690;18:24:59.600;178145,0;179220,0;177285,0;178285,0;16129913;1401833;18:31:19.030;178200,0;178200,0;21709;29;16209133;True;ticks;;177400,0;740,0;1935,0;2820,25;0,26238808616257425;740,0;0,26238808616257425;57511,0;29,0;1983,1379310344828;-0,002393796943572335;0,11538461538461542;-0,10559443863906492;1,1344735077129444;174,687;140,0;1,0;140,0;16129913;1401833;-50,0;-525,0;-600,0;90,0;1,0;5,0;1,0;1,0;1,0;1,0;140,0;True;H2
2026-07-15;qua;08:55;09:00-18:25;18:25;09:02:42.348;178050,0;178050,0;60612;19;09:02:42.351;18:24:59.771;178045,0;178665,0;176980,0;177795,0;15027801;1297044;18:31:23.808;177920,0;177920,0;20750;81;15109163;True;ticks;;178200,0;-150,0;1685,0;2822,0;-0,05315379163713678;150,0;0,05315379163713678;60612,0;19,0;3190,1052631578946;0,05392011962928822;-0,3448275862068966;0,6086149194341768;1,1318344786375858;162,348;-250,0;-1,0;250,0;15027801;1297044;-530,0;-190,0;-30,0;380,0;1,0;30,0;1,0;1,0;1,0;1,0;250,0;True;H2
2026-07-16;qui;08:55;09:00-18:25;18:25;09:02:34.017;177505,0;177505,0;56859;26;09:02:34.020;18:24:59.987;177510,0;178765,0;175100,0;175145,0;16211399;1339912;18:31:21.169;175255,0;175255,0;22031;68;16290289;True;ticks;;177920,0;-415,0;3665,0;2697,75;-0,153831896951163;415,0;0,153831896951163;56859,0;26,0;2186,8846153846152;-0,06191843199366465;0,368421052631579;-0,3144788541492165;1,0617530624439797;154,017;-2365,0;-1,0;2365,0;16211399;1339912;1080,0;530,0;195,0;-205,0;1,0;0,0;1,0;1,0;0,0;1,0;2365,0;True;H2
2026-07-17;sex;08:55;09:00-18:25;18:25;09:03:06.943;174550,0;174550,0;58296;28;09:03:06.948;18:24:59.972;174545,0;176065,0;174515,0;175095,0;15257564;1337769;18:31:22.070;175070,0;175070,0;20720;20;15336580;True;ticks;;175255,0;-705,0;1550,0;2748,0;-0,25655021834061137;705,0;0,25655021834061137;58296,0;28,0;2082,0;0,02527304384530149;0,07692307692307687;-0,047960745000791394;1,0885867941440095;186,943;550,0;1,0;550,0;15257564;1337769;760,0;770,0;510,0;750,0;1,0;0,0;1,0;0,0;1,0;1,0;-550,0;True;H2
2026-07-20;seg;08:55;09:00-18:25;18:25;09:02:46.627;175580,0;175580,0;59662;51;09:02:46.632;18:24:59.873;175570,0;175955,0;174530,0;174610,0;14518849;1631988;18:31:23.691;174665,0;174665,0;21103;101;14599614;True;ticks;;175070,0;510,0;1425,0;2764,75;0,18446514151369925;510,0;0,18446514151369925;59662,0;51,0;1169,8431372549019;0,023432139426375675;0,8214285714285714;-0,43811568815806823;1,0797379470102795;166,627;-960,0;-1,0;960,0;14518849;1631988;-435,0;-385,0;-380,0;-310,0;1,0;0,0;1,0;0,0;0,0;0,0;-960,0;True;H2
2026-07-21;ter;08:55;09:00-18:25;18:25;09:02:37.814;175245,0;175245,0;59713;28;09:02:37.818;18:24:59.996;175240,0;175345,0;173500,0;174650,0;14521544;1269510;18:31:15.557;174690,0;174690,0;21030;30;14602287;True;ticks;;174665,0;580,0;1845,0;2652,0;0,2187028657616893;580,0;0,2187028657616893;59713,0;28,0;2132,6071428571427;0,0008548154604270941;-0,4509803921568627;0,8229855567314921;1,0550279601049497;157,814;-590,0;-1,0;590,0;14521544;1269510;-445,0;-190,0;-610,0;-575,0;1,0;0,0;1,0;1,0;0,0;1,0;-590,0;True;H2
2026-07-22;qua;08:55;09:00-18:25;18:25;09:03:10.066;174250,0;174250,0;61629;32;09:03:10.070;18:24:59.993;174245,0;179230,0;174245,0;178880,0;18362021;1464721;18:31:16.237;178775,0;178775,0;25200;42;18448850;True;ticks;;174690,0;-440,0;4985,0;2567,25;-0,17138961924237997;440,0;0,17138961924237997;61629,0;32,0;1925,90625;0,03208681526635737;0,1428571428571428;-0,09692403664193716;1,0819033240583882;190,066;4635,0;1,0;4635,0;18362021;1464721;910,0;1295,0;1000,0;1400,0;1,0;0,0;1,0;0,0;1,0;1,0;-4635,0;True;H2
2026-07-23;qui;08:55;09:00-18:25;18:25;09:02:39.215;178400,0;178400,0;57931;34;09:02:39.222;18:24:59.995;178395,0;179125,0;177400,0;177830,0;15291472;1351551;18:31:25.184;178025,0;178025,0;19886;30;15369289;True;ticks;;178775,0;-375,0;1725,0;2692,75;-0,13926283539132855;375,0;0,13926283539132855;57931,0;34,0;1703,8529411764705;-0,060004218793100694;0,0625;-0,11529808827585952;1,0169845602886058;159,215;-565,0;-1,0;565,0;15291472;1351551;-110,0;30,0;-25,0;-120,0;1,0;5,0;1,0;0,0;0,0;0,0;565,0;True;H2
2026-07-24;sex;08:55;09:00-18:25;18:25;09:03:48.819;177860,0;177860,0;54353;29;09:03:48.824;18:24:59.724;177855,0;177875,0;174765,0;174825,0;13914058;1192964;18:31:17.011;174700,0;174700,0;22334;38;13990745;True;ticks;;178025,0;-165,0;3110,0;2653,0;-0,06219374293252921;165,0;0,06219374293252921;54353,0;29,0;1874,2413793103449;-0,06176313200186434;-0,1470588235294118;0,10000184523919375;0,9541724086476427;228,819;-3030,0;-1,0;3030,0;13914058;1192964;-825,0;-1305,0;-1420,0;-1560,0;0,0;;0,0;1,0;0,0;1,0;3030,0;True;H2
2026-07-27;seg;08:55;09:00-18:25;18:25;09:03:27.200;175440,0;175440,0;55325;32;09:03:27.209;18:24:59.750;175445,0;176870,0;175065,0;176770,0;13851961;1192613;18:31:24.410;176760,0;176760,0;21108;22;13928394;True;ticks;;174700,0;740,0;1805,0;2650,75;0,27916627369612373;740,0;0,27916627369612373;55325,0;32,0;1728,90625;0,01788309752911532;0,10344827586206895;-0,07754344286423931;0,9712359668910794;207,2;1325,0;1,0;1325,0;13851961;1192613;535,0;280,0;290,0;395,0;0,0;;0,0;0,0;0,0;0,0;1325,0;True;H2
2026-07-28;ter;08:55;09:00-18:25;18:25;09:00:51.361;177010,0;177010,0;48485;19;09:00:51.365;18:24:59.541;177015,0;179625,0;177015,0;177795,0;16172161;1380581;18:31:12.242;177645,0;177645,0;19399;61;16240045;True;ticks;;176760,0;250,0;2610,0;2629,75;0,09506607091928891;250,0;0,09506607091928891;48485,0;19,0;2551,842105263158;-0,1236330772706733;-0,40625;0,47598639617570826;0,8511590755483774;51,361;780,0;1,0;780,0;16172161;1380581;1335,0;1830,0;2260,0;2100,0;0,0;;0,0;0,0;1,0;1,0;780,0;True;H2
2026-07-29;qua;08:55;09:00-18:25;18:25;09:00:53.938;177985,0;177985,0;38257;15;09:00:53.945;18:24:59.986;177980,0;178565,0;174065,0;174130,0;17786523;1452685;18:31:26.208;174000,0;174000,0;22003;50;17846783;True;ticks;;177645,0;340,0;4500,0;2604,5;0,13054329045882127;340,0;0,13054329045882127;38257,0;15,0;2550,4666666666667;-0,21095184077549756;-0,21052631578947367;-0,0005389983156303124;0,6716055017686764;53,938;-3850,0;-1,0;3850,0;17786523;1452685;-160,0;-305,0;-355,0;-95,0;1,0;0,0;1,0;1,0;0,0;1,0;-3850,0;True;H2
2026-07-30;qui;08:55;09:00-18:25;18:25;09:00:56.540;174995,0;174995,0;41023;24;09:00:56.544;18:24:59.946;174990,0;178220,0;174510,0;177665,0;14719892;1271149;18:31:12.602;177600,0;177600,0;22031;30;14782946;True;ticks;;174000,0;995,0;3710,0;2697,75;0,36882587341302936;995,0;0,36882587341302936;41023,0;24,0;1709,2916666666667;0,07230049402723693;0,6000000000000001;-0,329812191232977;0,7201629113379621;56,54;2675,0;1,0;2675,0;14719892;1271149;270,0;375,0;460,0;185,0;0,0;;0,0;0,0;1,0;1,0;2675,0;True;H2
2026-07-31;sex;08:55;09:00-18:25;18:25;;;;0;0;12:34:07.968;18:24:59.999;177470,0;179495,0;176985,0;178615,0;8761390;805521;18:31:13.451;178725,0;178725,0;14107;41;8775497;True;ticks;"sem negocios na fonte antes de 12:34:07; abertura nao classificada como leilao";177600,0;;2510,0;2726,0;;;;;;;;;;;;1145,0;1,0;1145,0;8761390;805521;275,0;1365,0;1185,0;1380,0;;;;0,0;0,0;0,0;;False;H2
2026-08-03;seg;08:55;09:00-18:25;18:25;09:03:04.430;179590,0;179590,0;64470;23;09:03:04.433;18:24:59.897;179585,0;179715,0;177410,0;178610,0;14561959;1245811;18:31:26.435;178650,0;178650,0;21074;56;14647503;True;ticks;;178725,0;865,0;2305,0;2757,75;0,3136614994107515;865,0;0,3136614994107515;64470,0;23,0;2803,0434782608695;;;;1,1338574368173904;184,43;-975,0;-1,0;975,0;14561959;1245811;-525,0;-890,0;-615,0;-45,0;1,0;5,0;1,0;1,0;0,0;1,0;-975,0;True;H2
2026-08-04;ter;08:55;09:00-18:25;18:25;09:02:49.580;179225,0;179225,0;60664;22;09:02:49.584;18:24:59.510;179215,0;181930,0;178020,0;178235,0;17296544;1415214;18:31:26.764;178360,0;178360,0;23626;59;17380834;True;ticks;;178650,0;575,0;3910,0;2724,0;0,21108663729809105;575,0;0,21108663729809105;60664,0;22,0;2757,4545454545455;-0,059035210175275354;-0,04347826086956519;-0,016264083365060578;1,0630125464358309;169,58;-980,0;-1,0;980,0;17296544;1415214;420,0;1070,0;1345,0;1480,0;1,0;265,0;0,0;0,0;0,0;0,0;-980,0;True;H2
2026-08-05;qua;08:55;09:00-18:25;18:25;09:03:05.043;178990,0;178990,0;60488;25;09:03:05.046;18:24:59.999;178985,0;180720,0;178030,0;178215,0;16070459;1367931;18:31:15.900;178230,0;178230,0;22300;21;16153247;True;ticks;;178360,0;630,0;2690,0;2807,0;0,22443890274314215;630,0;0,22443890274314215;60488,0;25,0;2419,52;-0,0029012264275353195;0,13636363636363646;-0,12255307925623105;1,0517640103632349;185,043;-770,0;-1,0;770,0;16070459;1367931;215,0;80,0;495,0;650,0;1,0;420,0;0,0;0,0;0,0;0,0;-770,0;True;H2
2026-08-06;qui;08:55;09:00-18:25;18:25;09:02:48.305;178400,0;178400,0;59906;25;09:02:48.308;18:24:59.807;178405,0;178435,0;175550,0;175750,0;16306493;1408515;18:31:25.383;175825,0;175825,0;22652;37;16389051;True;ticks;;178230,0;170,0;2885,0;2847,5;0,05970149253731343;170,0;0,05970149253731343;59906,0;25,0;2396,24;-0,009621743155667217;0,0;-0,009621743155667328;1,0391507224756718;168,305;-2655,0;-1,0;2655,0;16306493;1408515;-950,0;-1220,0;-1565,0;-1400,0;1,0;0,0;1,0;1,0;0,0;1,0;-2655,0;True;H2
2026-08-07;sex;08:55;09:00-18:25;18:25;09:03:08.153;176420,0;176420,0;61957;29;09:03:08.156;18:24:59.850;176415,0;176825,0;172275,0;172620,0;16537496;1351994;18:31:25.243;172670,0;172670,0;24587;31;16624040;True;ticks;;175825,0;595,0;4550,0;2843,75;0,20923076923076922;595,0;0,20923076923076922;61957,0;29,0;2136,448275862069;0,034236971254966164;0,15999999999999992;-0,10841640409054643;1,0694964699383749;188,153;-3795,0;-1,0;3795,0;16537496;1351994;-165,0;-570,0;-960,0;-235,0;1,0;5,0;1,0;1,0;0,0;1,0;-3795,0;True;H2
2026-08-10;seg;08:55;09:00-18:25;18:25;09:02:55.348;173025,0;173025,0;60467;25;09:02:55.354;18:24:59.972;173025,0;173700,0;171670,0;172265,0;15177454;1263827;18:31:17.213;172250,0;172250,0;21276;39;15259197;True;ticks+M1;"8 minuto(s) com ticks faltando na fonte (10:00-10:08); volume, maxima e minima do pregao completados pelo M1 (volume +405264); negocios NAO completados";172670,0;355,0;2030,0;2832,75;0,12531991880681317;355,0;0,12531991880681317;60467,0;25,0;2418,68;-0,024048937166099016;-0,13793103448275867;0,13210323288732506;1,0372409770824755;175,348;-760,0;-1,0;760,0;15177454;1263827;280,0;-35,0;-65,0;-125,0;1,0;15,0;1,0;1,0;0,0;1,0;-760,0;True;H2
2026-08-11;ter;08:55;09:00-18:25;18:25;09:03:02.575;172325,0;172325,0;59279;27;09:03:02.578;18:24:59.728;172330,0;172505,0;167565,0;168215,0;16465816;1401867;18:31:20.215;168300,0;168300,0;20070;31;16545165;True;ticks;;172250,0;75,0;4940,0;2771,5;0,027061158217571712;75,0;0,027061158217571712;59279,0;27,0;2195,5185185185187;-0,019647080225577596;0,08000000000000007;-0,0922658150236828;0,9935805035030673;182,575;-4115,0;-1,0;4115,0;16465816;1401867;-535,0;-280,0;-320,0;-295,0;1,0;0,0;1,0;1,0;0,0;1,0;-4115,0;True;H2
2026-08-12;qua;08:55;09:00-18:25;18:25;09:00:46.669;172260,0;172260,0;44595;20;09:00:46.671;18:24:59.995;172215,0;172230,0;170225,0;170330,0;14976355;1398882;18:31:25.955;170430,0;170430,0;15326;33;15036276;True;ticks;;168300,0;3960,0;2005,0;2921,75;1,3553521006246256;3960,0;1,3553521006246256;44595,0;20,0;2229,75;-0,24770998161237534;-0,2592592592592593;0,015591524823293179;0,7474606952499078;46,669;-1885,0;-1,0;1885,0;14976355;1398882;-760,0;-560,0;-690,0;-360,0;0,0;;0,0;0,0;0,0;0,0;-1885,0;False;H2
2026-08-13;qui;08:55;09:00-18:25;18:25;09:03:02.040;170665,0;170665,0;55633;37;09:03:02.044;18:24:59.981;170670,0;171865,0;169370,0;170785,0;15868313;1476427;18:31:27.900;170775,0;170775,0;19018;44;15942964;True;ticks;;170430,0;235,0;2495,0;2937,75;0,0799931920687601;235,0;0,0799931920687601;55633,0;37,0;1503,5945945945946;0,24751653772844495;0,8500000000000001;-0,3256667363630028;0,9384942391065976;182,04;115,0;1,0;115,0;15868313;1476427;-875,0;-910,0;-965,0;-465,0;1,0;0,0;1,0;0,0;1,0;1,0;115,0;True;H2
2026-08-14;sex;08:55;09:00-18:25;18:25;09:00:59.356;171100,0;171100,0;52496;17;09:00:59.359;18:24:59.223;171095,0;171240,0;167975,0;170000,0;16509662;1450077;18:31:24.764;169975,0;169975,0;20303;25;16582461;True;ticks;;170775,0;325,0;3265,0;2879,25;0,11287661717461145;325,0;0,11287661717461145;52496,0;17,0;3088,0;-0,05638739597001785;-0,5405405405405406;1,053745079359373;0,8855749928305133;59,356;-1095,0;-1,0;1095,0;16509662;1450077;-695,0;-1105,0;-1340,0;-1670,0;1,0;0,0;1,0;1,0;0,0;1,0;-1095,0;True;H2
2026-08-17;seg;08:55;09:00-18:25;18:25;09:03:01.918;170245,0;170245,0;58950;33;09:03:01.922;18:24:59.858;170250,0;171170,0;169385,0;170175,0;15314950;1401859;18:31:27.735;169975,0;169975,0;19376;47;15393276;True;ticks;;169975,0;270,0;1785,0;2965,0;0,09106239460370995;270,0;0,09106239460370995;58950,0;33,0;1786,3636363636363;0,12294270039622068;0,9411764705882353;-0,421514366462553;0,9944499738524604;181,918;-75,0;-1,0;75,0;15314950;1401859;-120,0;-590,0;-660,0;-595,0;1,0;5,0;1,0;0,0;1,0;1,0;-75,0;True;H2
2026-08-18;ter;08:55;09:00-18:25;18:25;09:02:56.430;169640,0;169640,0;60485;23;09:02:56.434;18:24:59.876;169635,0;171500,0;168555,0;169510,0;15624180;1384265;18:31:22.655;169640,0;169640,0;19821;72;15704486;True;ticks;;169975,0;-335,0;2945,0;2983,0;-0,11230305062018102;335,0;0,11230305062018102;60485,0;23,0;2629,782608695652;0,026039016115352087;-0,303030303030303;0,47214293616550496;1,026039016115352;176,43;-125,0;-1,0;125,0;15624180;1384265;55,0;85,0;210,0;530,0;1,0;5,0;1,0;0,0;1,0;1,0;125,0;True;H2
2026-08-19;qua;08:55;09:00-18:25;18:25;09:00:33.900;169635,0;169635,0;49463;18;09:00:33.910;18:24:59.859;169630,0;173530,0;168680,0;171150,0;16777994;1595782;18:31:28.369;171035,0;171035,0;24039;36;16851496;True;ticks;;169640,0;-5,0;4850,0;3038,0;-0,0016458196181698486;5,0;0,0016458196181698486;49463,0;18,0;2747,9444444444443;-0,18222699842936263;-0,21739130434782605;0,04493216867359218;0,8390670059372349;33,9;1520,0;1,0;1520,0;16777994;1595782;110,0;850,0;1020,0;1940,0;1,0;0,0;1,0;0,0;1,0;1,0;-1520,0;True;H2
2026-08-20;qui;08:55;09:00-18:25;18:25;09:00:48.544;170650,0;170650,0;55491;14;09:00:48.549;18:24:59.850;170645,0;172770,0;169310,0;170990,0;16953621;1548300;18:31:17.125;170990,0;170990,0;18179;38;17027291;True;ticks;;171035,0;-385,0;3460,0;3031,25;-0,12701030927835052;385,0;0,12701030927835052;55491,0;14,0;3963,6428571428573;0,12186887168186322;-0,2222222222222222;0,4424028350195386;0,9578809273100758;48,544;345,0;1,0;345,0;16953621;1548300;-1040,0;-1115,0;-875,0;-580,0;1,0;95,0;0,0;0,0;1,0;1,0;-345,0;True;H2
2026-08-21;sex;08:55;09:00-18:25;18:25;09:00:53.145;172250,0;172250,0;55555;21;09:00:53.148;18:24:59.674;172240,0;175010,0;171025,0;174045,0;16721647;1525886;18:31:22.953;174035,0;174035,0;20113;33;16797315;True;ticks;;170990,0;1260,0;3985,0;3118,0;0,4041051956382296;1260,0;0,4041051956382296;55555,0;21,0;2645,4761904761904;0,0011533401812906519;0,5;-0,33256443987913964;0,9985979544514946;53,145;1805,0;1,0;1805,0;16721647;1525886;-620,0;-1125,0;-855,0;-215,0;0,0;;0,0;0,0;1,0;1,0;1805,0;True;H2
2026-08-24;seg;08:55;09:00-18:25;18:25;09:00:45.016;173480,0;173480,0;53982;17;09:00:45.032;18:24:59.954;173500,0;176065,0;172000,0;174625,0;17522003;1516209;18:31:19.394;174715,0;174715,0;20140;55;17596125;True;ticks;;174035,0;-555,0;4065,0;3161,75;-0,17553570016604728;555,0;0,17553570016604728;53982,0;17,0;3175,4117647058824;-0,028314283142831465;-0,19047619047619047;0,20031765023532588;0,9703233692233028;45,016;1125,0;1,0;1125,0;17522003;1516209;-590,0;-1100,0;-835,0;-1075,0;1,0;110,0;0,0;0,0;0,0;0,0;-1125,0;True;H2
2026-08-25;ter;08:55;09:00-18:25;18:25;09:00:32.897;174565,0;174565,0;50006;27;09:00:32.899;18:24:59.739;174570,0;177775,0;173875,0;177565,0;18671510;1700206;18:31:21.929;177465,0;177465,0;23296;40;18744812;True;ticks;;174715,0;-150,0;3900,0;3274,75;-0,04580502328422017;150,0;0,04580502328422017;50006,0;27,0;1852,0740740740741;-0,07365418102330401;0,588235294117647;-0,416745225088747;0,8988549961353872;32,897;2995,0;1,0;2995,0;18671510;1700206;235,0;200,0;-135,0;-310,0;1,0;0,0;1,0;0,0;0,0;0,0;-2995,0;True;H2
2026-08-26;qua;08:55;09:00-18:25;18:25;09:03:00.117;178005,0;178005,0;65960;62;09:03:00.120;18:24:59.833;178010,0;179135,0;176910,0;177895,0;16927775;1557764;18:31:23.649;177900,0;177900,0;20655;35;17014390;True;ticks;;177465,0;540,0;2225,0;3339,25;0,16171295949689302;540,0;0,16171295949689302;65960,0;62,0;1063,8709677419354;0,31904171499420064;1,2962962962962963;-0,4255786079863966;1,185627235633527;180,117;-115,0;-1,0;115,0;16927775;1557764;595,0;760,0;320,0;-580,0;1,0;40,0;1,0;0,0;0,0;0,0;-115,0;True;H2
2026-08-27;qui;08:55;09:00-18:25;18:25;09:03:15.800;177670,0;177670,0;65402;34;09:03:15.806;18:24:59.797;177675,0;178280,0;176105,0;177715,0;16302052;1503958;18:31:17.725;177725,0;177725,0;18852;28;16386306;True;ticks;;177900,0;-230,0;2175,0;3225,5;-0,07130677414354364;230,0;0,07130677414354364;65402,0;34,0;1923,5882352941176;-0,008459672528805307;-0,4516129032258065;0,8081029500945316;1,109448685326548;195,8;40,0;1,0;40,0;16302052;1503958;-320,0;-230,0;-765,0;-830,0;1,0;0,0;1,0;0,0;0,0;0,0;-40,0;True;H2
2026-08-28;sex;08:55;09:00-18:25;18:25;09:02:40.405;177645,0;177645,0;61153;48;09:02:40.409;18:24:59.875;177640,0;179220,0;176425,0;177735,0;15705795;1446902;18:31:27.489;177640,0;177640,0;20608;39;15787556;True;ticks;;177725,0;-80,0;2795,0;3148,75;-0,02540690750297737;80,0;0,02540690750297737;61153,0;48,0;1274,0208333333333;-0,06496743218861811;0,41176470588235303;-0,3376852644669378;1,0316132188464717;160,405;95,0;1,0;95,0;15705795;1446902;410,0;965,0;1355,0;485,0;1,0;0,0;1,0;1,0;0,0;1,0;-95,0;True;H2
2026-08-31;seg;08:55;09:00-18:25;18:25;09:03:00.233;178625,0;178625,0;64728;40;09:03:00.237;18:24:59.771;178620,0;181230,0;178610,0;180045,0;15926726;1525549;18:31:23.321;180075,0;180075,0;18633;32;16010087;True;ticks;;177640,0;985,0;2620,0;3163,0;0,31141321530192856;985,0;0,31141321530192856;64728,0;40,0;1618,2;0,058459928376367376;-0,16666666666666663;0,2701519140516411;1,0861769517976256;180,233;1425,0;1,0;1425,0;15926726;1525549;1550,0;1505,0;1215,0;1230,0;0,0;;0,0;0,0;1,0;1,0;1425,0;True;H2
2026-09-01;ter;08:55;09:00-18:25;18:25;09:02:54.487;179390,0;179390,0;66675;59;09:02:54.490;18:24:59.746;179385,0;183670,0;179000,0;182330,0;19049754;1713680;18:31:24.857;182390,0;182390,0;19896;44;19136325;True;ticks;;180075,0;-685,0;4670,0;3178,75;-0,2154935116004719;685,0;0,2154935116004719;66675,0;59,0;1130,084745762712;0,03007971820541333;0,4750000000000001;-0,301640869013279;1,118848848428913;174,487;2945,0;1,0;2945,0;19049754;1713680;590,0;945,0;1095,0;1815,0;1,0;0,0;1,0;0,0;1,0;1,0;-2945,0;True;H2
2026-09-02;qua;08:55;09:00-18:25;18:25;09:03:19.355;182050,0;182050,0;65270;29;09:03:19.360;18:24:59.286;182045,0;188930,0;181970,0;187940,0;20546383;1820666;18:31:22.620;187900,0;187900,0;18586;35;20630239;True;ticks;;182390,0;-340,0;6960,0;3216,75;-0,10569674360767856;340,0;0,10569674360767856;65270,0;29,0;2250,689655172414;-0,021072365954255767;-0,5084745762711864;0,9916113934034108;1,0952720560473215;199,355;5895,0;1,0;5895,0;20546383;1820666;925,0;665,0;825,0;970,0;1,0;0,0;1,0;0,0;1,0;1,0;-5895,0;True;H2
2026-09-03;qui;08:55;09:00-18:25;18:25;09:02:47.019;189480,0;189480,0;70635;66;09:02:47.023;18:24:59.772;189485,0;191480,0;187215,0;187850,0;18617437;1774775;18:31:27.506;187695,0;187695,0;19268;40;18707340;True;ticks;;187900,0;1580,0;4265,0;3430,25;0,4606078274178267;1580,0;0,4606078274178267;70635,0;66,0;1070,2272727272727;0,0821970277309636;1,2758620689655173;-0,5244891847848796;1,1853001636111926;167,019;-1635,0;-1,0;1635,0;18617437;1774775;280,0;30,0;795,0;1080,0;1,0;250,0;0,0;0,0;0,0;0,0;-1635,0;True;H2
2026-09-04;sex;08:55;09:00-18:25;18:25;09:02:59.474;187870,0;187870,0;68190;34;09:02:59.480;18:24:58.796;187865,0;188990,0;185520,0;187610,0;16855121;1629636;18:31:28.842;187600,0;187600,0;12500;42;16935811;True;ticks;;187695,0;175,0;3470,0;3499,25;0,05001071658212474;175,0;0,05001071658212474;68190,0;34,0;2005,5882352941176;-0,034614567848800126;-0,48484848484848486;0,8739834859405642;1,1389106943029412;179,474;-255,0;-1,0;255,0;16855121;1629636;145,0;-145,0;-475,0;-830,0;1,0;0,0;1,0;0,0;0,0;0,0;-255,0;True;H2
2026-09-08;ter;08:55;09:00-18:25;18:25;09:02:37.524;190480,0;190480,0;62706;32;09:02:37.530;18:24:59.980;190480,0;191930,0;188735,0;190060,0;18715699;1778654;18:31:23.740;190025,0;190025,0;18841;26;18797246;True;ticks;;187600,0;2880,0;3195,0;3445,25;0,8359335316740439;2880,0;0,8359335316740439;62706,0;32,0;1959,5625;-0,08042234931808179;-0,05882352941176472;-0,02294874615046194;1,047316820603611;157,524;-420,0;-1,0;420,0;18715699;1778654;-445,0;-1075,0;-1535,0;-255,0;0,0;;0,0;0,0;1,0;1,0;-420,0;True;H2
2026-09-09;qua;08:55;09:00-18:25;18:25;09:03:02.042;189550,0;189550,0;66439;31;09:03:02.045;18:24:59.638;189545,0;189750,0;186895,0;188500,0;19769827;1775776;18:31:27.549;188550,0;188550,0;19993;40;19856259;True;ticks;;190025,0;-475,0;2855,0;3503,5;-0,13557870700727845;475,0;0,13557870700727845;66439,0;31,0;2143,1935483870966;0,05953178324243291;-0,03125;0,09371022786315653;1,1094986807387863;182,042;-1045,0;-1,0;1045,0;19769827;1775776;-195,0;-710,0;-740,0;-675,0;0,0;;0,0;1,0;0,0;1,0;1045,0;True;H2
2026-09-10;qui;08:55;09:00-18:25;18:25;09:03:00.560;187500,0;187500,0;67863;35;09:03:00.563;18:24:59.371;187495,0;190780,0;186275,0;190345,0;19649600;1881143;18:31:27.229;190465,0;190465,0;19408;34;19736871;True;ticks;;188550,0;-1050,0;4505,0;3399,25;-0,308891667279547;1050,0;0,308891667279547;67863,0;35,0;1938,942857142857;0,02143319435873514;0,12903225806451624;-0,0953020278536918;1,1158190696986139;180,56;2850,0;1,0;2850,0;19649600;1881143;200,0;-775,0;-285,0;-295,0;1,0;140,0;0,0;0,0;1,0;1,0;-2850,0;True;H2
2026-09-11;sex;08:55;09:00-18:25;18:25;09:03:14.466;191060,0;191060,0;63572;50;09:03:14.471;18:24:59.975;191065,0;191345,0;188075,0;188600,0;16863456;1736038;18:31:20.300;188720,0;188720,0;17412;45;16944440;True;ticks;;190465,0;595,0;3270,0;3524,25;0,16883024757040505;595,0;0,16883024757040505;63572,0;50,0;1271,44;-0,063230331697685;0,4285714285714286;-0,34426123218837945;1,026522093671029;194,466;-2465,0;-1,0;2465,0;16863456;1736038;-455,0;-1350,0;-1650,0;-1120,0;1,0;5,0;1,0;1,0;0,0;1,0;-2465,0;True;H2
2026-09-14;seg;08:55;09:00-18:25;18:25;09:03:00.951;186900,0;186900,0;59634;52;09:03:00.957;18:24:59.935;186900,0;188260,0;185040,0;187350,0;18915292;1783151;18:31:25.360;187250,0;187250,0;21890;33;18996816;True;ticks;;188720,0;-1820,0;3220,0;3563,0;-0,5108055009823183;1820,0;0,5108055009823183;59634,0;52,0;1146,8076923076924;-0,06194551060215192;0,040000000000000036;-0,09802452942514606;0,9444875591947924;180,951;450,0;1,0;450,0;18915292;1783151;-135,0;-1480,0;-1620,0;-1060,0;0,0;;0,0;0,0;1,0;1,0;-450,0;True;H2
2026-09-15;ter;08:55;09:00-18:25;18:25;09:03:03.989;186910,0;186910,0;65732;36;09:03:03.992;18:24:59.873;186915,0;189555,0;186775,0;188505,0;17555710;1664606;18:31:19.003;188510,0;188510,0;20341;55;17641783;True;ticks;;187250,0;-340,0;2780,0;3560,75;-0,0954855016499333;340,0;0,0954855016499333;65732,0;36,0;1825,888888888889;0,10225710165341928;-0,3076923076923077;0,5921491468327165;1,041068119545764;183,989;1590,0;1,0;1590,0;17555710;1664606;1260,0;1015,0;1235,0;1215,0;1,0;0,0;1,0;0,0;0,0;0,0;-1590,0;True;H2
2026-09-16;qua;08:55;09:00-18:25;18:25;09:02:54.390;189320,0;189320,0;66888;36;09:02:54.396;18:24:59.853;189315,0;189730,0;186410,0;187375,0;18449889;1796878;18:31:28.813;187600,0;187600,0;17988;41;18534765;True;ticks;;188510,0;810,0;3320,0;3610,5;0,22434565849605317;810,0;0,22434565849605317;66888,0;36,0;1858,0;0,017586563621980078;0,0;0,017586563621980078;1,0426812159002339;174,39;-1940,0;-1,0;1940,0;18449889;1796878;-680,0;-515,0;-790,0;-1385,0;1,0;0,0;1,0;1,0;0,0;1,0;-1940,0;True;H2
2026-09-17;qui;08:55;09:00-18:25;18:25;09:02:57.005;188810,0;188810,0;66079;46;09:02:57.008;18:24:59.979;188815,0;189085,0;184465,0;188095,0;17982126;1708399;18:31:15.503;188280,0;188280,0;23471;29;18071676;True;ticks;;187600,0;1210,0;4620,0;3629,25;0,3334022180891369;1210,0;0,3334022180891369;66079,0;46,0;1436,5;-0,012094845114220765;0,2777777777777777;-0,22685683530678147;1,016615640240619;177,005;-720,0;-1,0;720,0;17982126;1708399;-180,0;25,0;130,0;-930,0;1,0;60,0;0,0;1,0;0,0;1,0;-720,0;True;H2
2026-09-18;sex;08:55;09:00-18:25;18:25;09:03:01.890;187905,0;187905,0;63114;38;09:03:01.893;18:24:59.730;187910,0;188730,0;185880,0;187035,0;15949100;1531250;18:31:26.515;187135,0;187135,0;23237;34;16035451;True;ticks;;188280,0;-375,0;2850,0;3617,75;-0,10365558703614125;375,0;0,10365558703614125;63114,0;38,0;1660,8947368421052;-0,04487053375505079;-0,17391304347826086;0,15620935387546475;0,9659911840333048;181,89;-875,0;-1,0;875,0;15949100;1531250;500,0;300,0;-600,0;-1590,0;1,0;0,0;1,0;1,0;0,0;1,0;875,0;True;H2
2026-09-21;seg;08:55;09:00-18:25;18:25;09:02:48.661;187980,0;187980,0;71123;43;09:02:48.664;18:24:59.990;187985,0;189225,0;186840,0;187895,0;16971278;1660125;18:31:21.548;188035,0;188035,0;21638;32;17064039;True;ticks;;187135,0;845,0;2385,0;3587,25;0,23555648477245802;845,0;0,23555648477245802;71123,0;43,0;1654,0232558139535;0,12689736033209753;0,13157894736842102;-0,004137216450704528;1,0885729153912085;168,661;-90,0;-1,0;90,0;16971278;1660125;45,0;1045,0;245,0;145,0;1,0;110,0;0,0;1,0;0,0;1,0;-90,0;True;H2
2026-09-22;ter;08:55;09:00-18:25;18:25;09:02:41.717;187225,0;187225,0;74327;36;09:02:41.721;18:24:59.734;187230,0;189145,0;186195,0;188645,0;17399268;1654183;18:31:23.027;188560,0;188560,0;23286;20;17496881;True;ticks;;188035,0;-810,0;2950,0;3507,25;-0,23095017463824935;810,0;0,23095017463824935;74327,0;36,0;2064,6388888888887;0,045048718417389555;-0,16279069767441856;0,2482526358874375;1,1336037945917916;161,717;1415,0;1,0;1415,0;17399268;1654183;215,0;-350,0;-330,0;-660,0;1,0;350,0;0,0;0,0;0,0;0,0;-1415,0;True;H2
2026-09-23;qua;08:55;09:00-18:25;18:25;09:02:49.409;187900,0;187900,0;75178;38;09:02:49.412;18:24:59.892;187905,0;190140,0;186365,0;186780,0;19733118;1883699;18:31:19.172;186680,0;186680,0;23129;41;19831425;True;ticks;;188560,0;-660,0;3775,0;3451,5;-0,1912212081703607;660,0;0,1912212081703607;75178,0;38,0;1978,3684210526317;0,01144940600320199;0,05555555555555558;-0,0417847732601242;1,1417246301977342;169,409;-1125,0;-1,0;1125,0;19733118;1883699;-835,0;-1020,0;-1160,0;-1105,0;1,0;80,0;0,0;0,0;1,0;1,0;1125,0;True;H2
2026-09-24;qui;08:55;09:00-18:25;18:25;09:02:00.000;186575,0;186575,0;53915;0;09:02:00.000;18:24:59.295;186575,0;187555,0;184725,0;184950,0;19504892;1736877;18:31:25.011;184980,0;184980,0;20872;36;19579679;True;ticks+M1;"ticks da fonte so comecam as 09:14:00; leilao de abertura lido da 1a barra M1 (09:02): preco=open da barra, hora=minuto da barra (sem segundos), volume=53915 ESTIMADO (excesso sobre a mediana das 5 barras seguintes); negocios do leilao desconhecidos (excesso de tick_volume 0: o M1 nao traz o numero de negocios; fica 0); preco do 1o negocio continuo desconhecido: igual ao do leilao; pregao ate 09:14 vem do M1; 12 minuto(s) com ticks faltando na fonte (09:02-09:14); volume, maxima e minima do pregao completados pelo M1 (volume +937380); negocios NAO completados";186680,0;-105,0;2830,0;3445,25;-0,030476743342282852;105,0;0,030476743342282852;53915,0;;;-0,2828354039745671;;;0,8166526556547686;120,0;-1625,0;-1,0;1625,0;19504892;1736877;-300,0;-670,0;455,0;670,0;1,0;0,0;1,0;0,0;0,0;0,0;1625,0;False;H2
2026-09-25;sex;08:55;09:00-18:25;18:25;09:02:58.476;185320,0;185320,0;72093;37;09:02:58.479;18:24:59.821;185325,0;185400,0;183125,0;184760,0;17208208;1597164;18:31:21.706;184700,0;184700,0;21694;41;17301995;True;ticks;;184980,0;340,0;2275,0;3475,5;0,09782765069774134;340,0;0,09782765069774134;72093,0;37,0;1948,4594594594594;0,33716034498748026;;;1,0938844254273163;178,476;-565,0;-1,0;565,0;17208208;1597164;-1185,0;-955,0;-710,0;-940,0;1,0;0,0;1,0;1,0;0,0;1,0;-565,0;True;H2
2026-09-28;seg;08:55;09:00-18:25;18:25;09:02:40.095;183500,0;183500,0;62381;37;09:03:40.090;18:24:59.532;183500,0;185195,0;182735,0;183950,0;17393795;1691106;18:31:26.736;183855,0;183855,0;21931;22;17478107;True;ticks;;184700,0;-1200,0;2460,0;3480,5;-0,344778049130872;1200,0;0,344778049130872;62381,0;37,0;1685,972972972973;-0,13471488216609107;0,0;-0,13471488216609107;0,9414721019031377;160,095;450,0;1,0;450,0;17393795;1691106;-170,0;285,0;595,0;125,0;1,0;145,0;0,0;0,0;1,0;1,0;-450,0;True;H2
2026-09-29;ter;08:55;09:00-18:25;18:25;09:02:42.355;184790,0;184790,0;66988;36;09:02:42.358;18:24:59.801;184795,0;185115,0;182330,0;184780,0;16820534;1629166;18:31:18.655;184950,0;184950,0;23874;34;16911396;True;ticks;;183855,0;935,0;2785,0;3463,75;0,26993865030674846;935,0;0,26993865030674846;66988,0;36,0;1860,7777777777778;0,07385261537968302;-0,027027027027026973;0,10368185469578539;1,0110022789356918;162,355;-15,0;-1,0;15,0;16820534;1629166;-885,0;-615,0;-965,0;-1675,0;1,0;0,0;1,0;1,0;0,0;1,0;-15,0;True;H2
2026-09-30;qua;08:55;09:00-18:25;18:25;09:02:44.469;184700,0;184700,0;60850;27;09:02:44.473;18:24:59.750;184695,0;188860,0;184500,0;187690,0;20751641;1951787;18:31:28.454;187700,0;187700,0;20919;44;20833410;True;ticks;;184950,0;-250,0;4360,0;3472,0;-0,07200460829493087;250,0;0,07200460829493087;60850,0;27,0;2253,703703703704;-0,09162835134650982;-0,25;0,21116219820465365;0,9142539477440389;164,469;2995,0;1,0;2995,0;20751641;1951787;510,0;1840,0;2855,0;3140,0;1,0;0,0;1,0;1,0;1,0;1,0;-2995,0;True;H2
2026-10-01;qui;08:55;09:00-18:25;18:25;09:00:33.050;187250,0;187250,0;41864;17;09:00:33.051;18:24:59.948;187240,0;189365,0;185400,0;187800,0;20790513;2027120;18:31:26.117;187760,0;187760,0;22355;48;20854732;True;ticks;;187700,0;-450,0;3965,0;3456,5;-0,13018949804715754;450,0;0,13018949804715754;41864,0;17,0;2462,5882352941176;-0,312013147082991;-0,37037037037037035;0,09268500169172;0,6318236013220846;33,05;560,0;1,0;560,0;20790513;2027120;1565,0;615,0;930,0;780,0;1,0;0,0;1,0;1,0;0,0;1,0;-560,0;True;H2
2026-10-02;sex;08:55;09:00-18:25;18:25;09:02:42.344;187800,0;187800,0;62200;44;09:02:42.346;18:24:59.814;187795,0;194020,0;186690,0;193350,0;23584841;2278065;18:31:26.375;193000,0;193000,0;31046;48;23678087;True;ticks;;187760,0;40,0;7330,0;3306,75;0,01209646934301051;40,0;0,01209646934301051;62200,0;44,0;1413,6363636363637;0,48576342442193776;1,5882352941176472;-0,42595504056425126;0,9387403975309014;162,344;5555,0;1,0;5555,0;23584841;2278065;1205,0;1725,0;2215,0;3420,0;1,0;0,0;1,0;0,0;0,0;0,0;5555,0;True;H2
2026-10-05;seg;08:55;09:00-18:25;18:25;09:04:16.727;210775,0;210775,0;49315;52;09:04:16.732;18:24:59.804;210755,0;211115,0;206290,0;207790,0;21837309;3038493;18:31:28.633;207685,0;207685,0;22867;40;21909491;True;ticks;;193000,0;17775,0;4825,0;3460,0;5,13728323699422;17775,0;5,13728323699422;49315,0;52,0;948,3653846153846;-0,2071543408360128;0,18181818181818188;-0,3291305960920109;0,7482683539310073;256,727;-2965,0;-1,0;2965,0;21837309;3038493;-1605,0;-1885,0;-2570,0;-2370,0;0,0;;0,0;1,0;0,0;1,0;-2965,0;False;H2
