x,n_disparou,pnl_medio_real,pnl_medio_sim,maxdd_sim
0.1,289,0.6277601626016263,0.39556504065040654,24.965500000000063
0.2,289,0.6277601626016263,0.3877601626016261,25.065500000000057
0.3,289,0.6277601626016263,0.3799552845528456,25.16550000000005
0.4,289,0.6277601626016263,0.3721504065040651,25.26550000000006
0.5,287,0.6277601626016263,0.36597154471544724,25.365500000000054
0.6,276,0.6277601626016263,0.3591422764227644,25.465500000000063
0.7,276,0.6277601626016263,0.35068699186991886,25.565500000000057
0.8,276,0.6277601626016263,0.3422317073170733,25.66550000000005
0.9,276,0.6277601626016263,0.3337764227642278,25.76550000000006
1.0,276,0.6277601626016263,0.3253211382113822,25.94100000000006
