reg,stop,alvo,ext,trades,pts,rs,win,pf,pior_dia,dd
13,1.5,2.0,nenhuma,57,8265.0,1539.0,59.64912280701754,2.073970690858339,-325.0,492.0
0,1.5,2.0,nenhuma,78,13365.0,2517.0,58.97435897435898,1.7471059661620658,-316.0,493.0
0,1.5,2.0,BE100p,180,8980.0,1436.0,20.555555555555554,1.45645263827082,-291.0,513.0
13,1.5,2.0,BE100p,105,3230.0,436.0,24.761904761904763,1.2408839779005525,-331.0,545.0
0,1.5,2.0,BE200p,128,5075.0,759.0,25.78125,1.2216058394160585,-296.0,818.0
13,1.5,2.0,BE200p,74,4590.0,770.0,33.78378378378378,1.455621301775148,-142.0,334.0
0,1.5,2.0,BE0.5L,137,8175.0,1361.0,26.277372262773724,1.407119353873766,-294.0,699.0
0,1.5,2.0,BE400p,101,4840.0,766.0,39.603960396039604,1.2071389940508384,-368.0,1114.0
13,1.5,2.0,BE400p,61,6340.0,1146.0,50.81967213114754,1.6979293544457978,-325.0,492.0
0,1.5,2.0,BE1.0L,96,8035.0,1415.0,37.5,1.3971372438955936,-329.0,752.0
13,1.5,2.0,BE0.5L,91,5630.0,944.0,29.67032967032967,1.6020408163265305,-142.0,334.0
0,1.5,2.0,BE1.5L,84,11130.0,2058.0,51.19047619047619,1.5672546857772878,-316.0,758.0
13,1.5,2.0,BE1.0L,64,5645.0,1001.0,40.625,1.6323436512950096,-325.0,535.0
13,1.5,2.0,BE1.5L,60,7625.0,1405.0,53.333333333333336,1.9366666666666668,-325.0,522.0
0,1.5,2.0,tempo30,152,4105.0,517.0,50.6578947368421,1.1207097828624795,-415.0,706.0
13,1.5,2.0,tempo30,100,3885.0,577.0,50.0,1.2885,-189.0,496.0
0,1.5,2.0,tempo60,123,5940.0,942.0,52.84552845528455,1.209379862191598,-207.0,584.0
13,1.5,2.0,tempo60,82,5440.0,924.0,56.09756097560976,1.4762886597938145,-305.0,464.0
0,1.5,2.0,tempo120,99,11650.0,2132.0,56.56565656565656,1.5721953837895868,-306.0,583.0
13,1.5,2.0,tempo120,67,8930.0,1652.0,59.70149253731343,2.1020680453635756,-324.0,504.0
0,1.5,2.0,tempo180,88,11685.0,2161.0,55.68181818181818,1.6104519774011299,-316.0,493.0
0,1.5,2.0,zera16h,60,11185.0,2117.0,61.66666666666667,1.7193340129119945,-341.0,472.0
13,1.5,2.0,zera16h,38,6095.0,1143.0,63.1578947368421,2.1452905811623246,-286.0,506.0
13,1.5,2.0,tempo180,60,8075.0,1495.0,56.666666666666664,1.9583333333333333,-325.0,492.0
0,1.5,2.0,zera17h,67,11750.0,2216.0,58.2089552238806,1.6925,-366.0,494.0
13,1.5,2.0,zera17h,46,7700.0,1448.0,58.69565217391305,2.1696284329563813,-299.0,555.0
0,3.0,2.0,nenhuma,59,10825.0,2047.0,66.10169491525424,1.6498412698412699,-444.0,972.0
13,3.0,2.0,nenhuma,47,10765.0,2059.0,70.2127659574468,3.1470281543274243,-130.0,312.0
0,3.0,2.0,BE100p,164,6105.0,893.0,19.51219512195122,1.2958913187541419,-418.0,979.0
13,3.0,2.0,BE100p,95,5125.0,835.0,25.263157894736842,1.6579984239558707,-218.0,440.0
0,3.0,2.0,BE200p,108,1950.0,174.0,26.851851851851855,1.0507732710825795,-414.0,1283.0
13,3.0,2.0,BE200p,63,6470.0,1168.0,38.095238095238095,1.9782244556113904,-218.0,277.0
0,3.0,2.0,BE400p,84,-4495.0,-1067.0,39.285714285714285,0.7731717687074829,-446.0,1395.0
13,3.0,2.0,BE400p,52,8945.0,1685.0,59.61538461538461,2.4488392089423905,-142.0,314.0
0,3.0,2.0,BE0.5L,117,2710.0,308.0,23.931623931623932,1.0864440078585462,-448.0,1100.0
13,3.0,2.0,BE0.5L,82,6185.0,1073.0,28.04878048780488,1.8681229773462784,-218.0,324.0
0,3.0,2.0,BE1.0L,78,5420.0,928.0,41.02564102564102,1.2716627634660422,-457.0,976.0
13,3.0,2.0,BE1.0L,54,8105.0,1513.0,48.148148148148145,2.3593890386343217,-130.0,330.0
0,3.0,2.0,BE1.5L,64,10235.0,1919.0,60.9375,1.5968895800933125,-444.0,972.0
13,3.0,2.0,BE1.5L,50,10370.0,1974.0,66.0,2.9371933267909713,-123.0,314.0
0,3.0,2.0,tempo30,152,3495.0,395.0,51.973684210526315,1.0892655367231638,-470.0,790.0
13,3.0,2.0,tempo30,100,4635.0,727.0,52.0,1.3887700534759357,-168.0,452.0
0,3.0,2.0,tempo60,118,3870.0,538.0,53.38983050847458,1.1182937554969217,-446.0,786.0
13,3.0,2.0,tempo60,79,6385.0,1119.0,56.9620253164557,1.6933085501858736,-211.0,499.0
0,3.0,2.0,tempo120,89,7675.0,1357.0,61.79775280898876,1.3360574541852401,-601.0,804.0
13,3.0,2.0,tempo120,62,11170.0,2110.0,67.74193548387096,2.8672566371681416,-125.0,328.0
13,3.0,2.0,tempo180,52,10015.0,1899.0,61.53846153846154,2.634251290877797,-130.0,398.0
0,3.0,2.0,zera16h,46,9675.0,1843.0,69.56521739130434,1.674597364568082,-469.0,887.0
0,3.0,2.0,tempo180,75,10075.0,1865.0,60.0,1.5747303543913713,-444.0,1097.0
13,3.0,2.0,zera16h,33,7560.0,1446.0,72.72727272727273,3.1202346041055717,-181.0,411.0
0,3.0,2.0,zera17h,52,9940.0,1884.0,67.3076923076923,1.6337033299697274,-494.0,897.0
13,3.0,2.0,zera17h,39,10480.0,2018.0,74.35897435897436,3.4944375772558716,-167.0,350.0
0,4.5,2.0,nenhuma,47,13310.0,2568.0,70.2127659574468,2.208470588235294,-676.0,849.0
13,4.5,2.0,nenhuma,44,10600.0,2032.0,68.18181818181817,3.536828963795256,-71.0,299.0
13,4.5,2.0,BE100p,89,5540.0,930.0,24.719101123595504,1.8732394366197183,-142.0,386.0
0,4.5,2.0,BE100p,142,5930.0,902.0,18.30985915492958,1.3537254901960785,-537.0,1116.0
13,4.5,2.0,BE200p,58,6790.0,1242.0,37.93103448275862,2.228486646884273,-142.0,213.0
0,4.5,2.0,BE200p,89,-555.0,-289.0,22.47191011235955,0.907431133888533,-676.0,1332.0
0,4.5,2.0,BE400p,64,-4160.0,-960.0,34.375,0.7357555739058629,-676.0,1504.0
0,4.5,2.0,BE0.5L,90,-625.0,-305.0,22.22222222222222,0.9125824018343365,-676.0,1384.0
13,4.5,2.0,BE0.5L,75,6505.0,1151.0,28.000000000000004,2.0972354623450906,-142.0,270.0
13,4.5,2.0,BE400p,48,8735.0,1651.0,58.333333333333336,2.646061814556331,-142.0,299.0
0,4.5,2.0,BE1.0L,63,7515.0,1377.0,42.857142857142854,1.5620408163265307,-676.0,1026.0
13,4.5,2.0,BE1.0L,49,7950.0,1492.0,46.93877551020408,2.568874868559411,-71.0,299.0
0,4.5,2.0,BE1.5L,52,12720.0,2440.0,63.46153846153846,2.1141552511415527,-676.0,849.0
13,4.5,2.0,BE1.5L,46,10160.0,1940.0,65.21739130434783,3.258440046565774,-71.0,299.0
0,4.5,2.0,tempo30,152,4625.0,621.0,51.973684210526315,1.1478923553226958,-470.0,799.0
13,4.5,2.0,tempo30,100,4580.0,716.0,52.0,1.380648591174907,-168.0,452.0
0,4.5,2.0,tempo60,116,4050.0,578.0,52.58620689655172,1.134512450546893,-506.0,807.0
13,4.5,2.0,tempo60,77,4645.0,775.0,55.84415584415584,1.4420992584141472,-255.0,719.0
13,4.5,2.0,tempo120,60,11095.0,2099.0,68.33333333333333,2.9971455756422456,-48.0,304.0
0,4.5,2.0,tempo180,70,11050.0,2070.0,60.0,1.7675194660734148,-693.0,1521.0
0,4.5,2.0,tempo120,85,9370.0,1704.0,62.35294117647059,1.4886722110696875,-589.0,824.0
0,4.5,2.0,zera16h,38,12020.0,2328.0,73.68421052631578,2.213764337851929,-655.0,981.0
13,4.5,2.0,tempo180,51,9855.0,1869.0,58.82352941176471,2.786806883365201,-97.0,386.0
13,4.5,2.0,zera16h,31,8025.0,1543.0,70.96774193548387,3.770197486535009,-91.0,333.0
0,4.5,2.0,zera17h,43,12680.0,2450.0,72.09302325581395,2.244286439817166,-642.0,994.0
13,4.5,2.0,zera17h,37,10950.0,2116.0,75.67567567567568,4.374800637958533,-106.0,336.0
0,4.5,3.0,nenhuma,34,10715.0,2075.0,64.70588235294117,2.0117016089712334,-676.0,896.0
13,4.5,3.0,nenhuma,29,9925.0,1927.0,68.96551724137932,4.38664323374341,-71.0,299.0
0,4.5,3.0,BE100p,126,2910.0,330.0,12.698412698412698,1.1404255319148937,-537.0,1316.0
13,4.5,3.0,BE100p,77,4830.0,812.0,20.77922077922078,1.7852998065764023,-142.0,386.0
0,4.5,3.0,BE200p,82,-4370.0,-1038.0,13.414634146341465,0.6731738035264484,-676.0,1966.0
13,4.5,3.0,BE200p,47,4505.0,807.0,27.659574468085108,1.8243105209397343,-142.0,382.0
13,4.5,3.0,BE400p,36,6210.0,1170.0,47.22222222222222,2.246006389776358,-142.0,299.0
0,4.5,3.0,BE0.5L,80,-5105.0,-1181.0,11.25,0.6665725578769057,-676.0,1737.0
0,4.5,3.0,BE400p,57,-9485.0,-2011.0,19.298245614035086,0.45530877573131096,-676.0,2408.0
13,4.5,3.0,BE0.5L,59,4510.0,784.0,22.033898305084744,1.8287526427061311,-142.0,384.0
0,4.5,3.0,BE1.0L,53,1825.0,259.0,28.30188679245283,1.093198992443325,-676.0,1237.0
13,4.5,3.0,BE1.0L,39,6430.0,1208.0,38.46153846153847,2.3665158371040724,-134.0,299.0
0,4.5,3.0,BE1.5L,43,7265.0,1367.0,46.51162790697674,1.5532173209227034,-676.0,959.0
13,4.5,3.0,BE1.5L,34,7635.0,1459.0,55.88235294117647,2.8352201257861633,-134.0,299.0
0,4.5,3.0,tempo30,152,3485.0,393.0,51.31578947368421,1.0935714285714286,-470.0,791.0
0,4.5,3.0,tempo60,113,4440.0,662.0,52.21238938053098,1.157319391634981,-506.0,728.0
13,4.5,3.0,tempo60,75,4635.0,777.0,54.666666666666664,1.4402266288951842,-255.0,686.0
13,4.5,3.0,tempo30,100,3870.0,574.0,51.0,1.3049946865037194,-168.0,452.0
13,4.5,3.0,tempo120,55,7230.0,1336.0,61.81818181818181,2.0679456434852117,-174.0,351.0
0,4.5,3.0,tempo180,59,10080.0,1898.0,54.23728813559322,1.7021827598964114,-693.0,1642.0
0,4.5,3.0,tempo120,79,7595.0,1361.0,55.69620253164557,1.3814461883408071,-589.0,739.0
0,4.5,3.0,zera16h,30,9420.0,1824.0,63.33333333333333,1.9020771513353116,-655.0,1149.0
13,4.5,3.0,zera16h,27,5235.0,993.0,62.96296296296296,2.341891891891892,-128.0,388.0
0,4.5,3.0,zera17h,32,9845.0,1905.0,62.5,1.9477611940298507,-642.0,1075.0
13,4.5,3.0,tempo180,43,7710.0,1456.0,48.837209302325576,2.5010309278350515,-97.0,386.0
13,4.5,3.0,zera17h,28,9170.0,1778.0,71.42857142857143,4.049742710120069,-106.0,336.0
