X;Y;n;rho;p_perm;rho_H1;rho_H2;rotulo;q_BH;estavel;abs_rho;q_BH_familia
preg_vpn[D];preg_vpn[D-1];126;0,815295088113986;9,999000099990002e-05;0,43166507736319176;0,679657976104134;preditivo OPERAVEL (preg_vpn[D-1] -> preg_vpn[D]);0,0005448173131404808;True;0,815295088113986;0,0006272100062721
preg_neg[D];preg_neg[D-1];126;0,7912980877390327;9,999000099990002e-05;0,30400812082807843;0,7521853647364202;preditivo OPERAVEL (preg_neg[D-1] -> preg_neg[D]);0,0005448173131404808;True;0,7912980877390327;0,0006272100062721
preg_neg[D-1];preg_vpn[D];126;-0,7628436445444319;9,999000099990002e-05;-0,14300655203174506;-0,6909951521166545;preditivo OPERAVEL (preg_neg[D-1] -> preg_vpn[D]);0,0005448173131404808;True;0,7628436445444319;0,0006272100062721
preg_neg[D];preg_vpn[D-1];126;-0,7279820022497188;9,999000099990002e-05;-0,340613368605617;-0,6480131312745733;preditivo OPERAVEL (preg_vpn[D-1] -> preg_neg[D]);0,0005448173131404808;True;0,7279820022497188;0,0006272100062721
pre_vpn[D];preg_vpn[D];125;0,6875514592933948;9,999000099990002e-05;0,1065458796025716;0,5782486170545874;preditivo OPERAVEL (pre_vpn[D] -> preg_vpn[D]);0,0005448173131404808;True;0,6875514592933948;0,0006272100062721
pre_vpn[D];preg_neg[D];125;-0,6096528417818741;9,999000099990002e-05;-0,18199883109292816;-0,4017743450579272;preditivo OPERAVEL (pre_vpn[D] -> preg_neg[D]);0,0005448173131404808;True;0,6096528417818741;0,0006272100062721
pre_vpn[D-1];preg_vpn[D];124;0,606709677419355;9,999000099990002e-05;0,029253437509612724;0,38127544097693356;preditivo OPERAVEL (pre_vpn[D-1] -> preg_vpn[D]);0,0005448173131404808;True;0,606709677419355;0,0006272100062721
preg_vpn[D];pos_neg[D-1];126;-0,6052075052175097;9,999000099990002e-05;-0,20408289391572845;-0,09800440727570682;preditivo OPERAVEL (pos_neg[D-1] -> preg_vpn[D]);0,0005448173131404808;True;0,6052075052175097;0,0006272100062721
preg_neg[D];pos_neg[D-1];126;0,5786330000263813;9,999000099990002e-05;0,2680184062867346;0,16367805431802088;preditivo OPERAVEL (pos_neg[D-1] -> preg_neg[D]);0,0005448173131404808;True;0,5786330000263813;0,0006272100062721
pre_vpn[D-1];preg_neg[D];124;-0,5255704169944926;9,999000099990002e-05;-0,085237934110554;-0,22266986744598688;preditivo OPERAVEL (pre_vpn[D-1] -> preg_neg[D]);0,0005448173131404808;True;0,5255704169944926;0,0006272100062721
pre_neg[D];preg_vpn[D];125;-0,5176217116841727;9,999000099990002e-05;-0,006812966325809463;-0,5836764482482787;preditivo OPERAVEL (pre_neg[D] -> preg_vpn[D]);0,0005448173131404808;True;0,5176217116841727;0,0006272100062721
pre_neg[D];preg_neg[D];125;0,517566391831834;9,999000099990002e-05;0,2000322001496246;0,46221993893849017;preditivo OPERAVEL (pre_neg[D] -> preg_neg[D]);0,0005448173131404808;True;0,517566391831834;0,0006272100062721
preg_vol[D-1];d_preg_vol[D];126;-0,5136887889013875;9,999000099990002e-05;-0,6261343012704176;-0,4454326831316562;preditivo OPERAVEL (preg_vol[D-1] -> d_preg_vol[D]);0,0005448173131404808;True;0,5136887889013875;0,0006272100062721
preg_vpn[D];pos_vpn[D-1];126;0,4845444319460067;9,999000099990002e-05;0,1094158540711803;-0,03404970034736802;preditivo OPERAVEL (pos_vpn[D-1] -> preg_vpn[D]);0,0005448173131404808;False;0,4845444319460067;0,0006272100062721
preg_neg[D];pos_vpn[D-1];126;-0,48419647544057004;9,999000099990002e-05;-0,28081454366483133;-0,06412948047486353;preditivo OPERAVEL (pos_vpn[D-1] -> preg_neg[D]);0,0005448173131404808;True;0,48419647544057004;0,0006272100062721
pre_neg[D-1];preg_vpn[D];124;-0,4777367783670761;9,999000099990002e-05;0,03262643358816986;-0,40537728984459015;preditivo OPERAVEL (pre_neg[D-1] -> preg_vpn[D]);0,0005448173131404808;False;0,4777367783670761;0,0006272100062721
pre_neg[D-1];preg_neg[D];124;0,45474783675728336;9,999000099990002e-05;0,06202100347185119;0,34350006580338033;preditivo OPERAVEL (pre_neg[D-1] -> preg_neg[D]);0,0005448173131404808;True;0,45474783675728336;0,0006272100062721
preg_rng[D-1];d_preg_vol[D];126;-0,4372725882290102;9,999000099990002e-05;-0,5403451574505445;-0,3919914494026033;preditivo OPERAVEL (preg_rng[D-1] -> d_preg_vol[D]);0,0005448173131404808;True;0,4372725882290102;0,0006272100062721
pre_vol[D];preg_vpn[D];126;0,39573153355830526;9,999000099990002e-05;0,2878433664523671;-0,17595179184292445;preditivo OPERAVEL (pre_vol[D] -> preg_vpn[D]);0,0005448173131404808;False;0,39573153355830526;0,0006272100062721
preg_vol[D];preg_vol[D-1];126;0,3791976002999625;9,999000099990002e-05;0,13525485250238395;0,5072718250181318;preditivo OPERAVEL (preg_vol[D-1] -> preg_vol[D]);0,0005448173131404808;True;0,3791976002999625;0,0006272100062721
preg_vol[D-1];preg_neg[D];126;0,3701987251593552;9,999000099990002e-05;0,09120551231966534;0,5442226209107912;preditivo OPERAVEL (preg_vol[D-1] -> preg_neg[D]);0,0005448173131404808;True;0,3701987251593552;0,0006272100062721
preg_vol[D];preg_neg[D-1];126;0,3636835395575554;9,999000099990002e-05;0,23941062475006922;0,47123716456082754;preditivo OPERAVEL (preg_neg[D-1] -> preg_vol[D]);0,0005448173131404808;True;0,3636835395575554;0,0006272100062721
pre_vol[D-1];preg_vpn[D];125;0,31586482334869426;0,0004999500049995;0,15647974407087267;-0,23477532125468917;preditivo OPERAVEL (pre_vol[D-1] -> preg_vpn[D]);0,002623194470676389;False;0,31586482334869426;0,0029997000299970002
d_preg_vol[D];d_preg_vol[D-1];125;-0,28901382488479266;0,0016998300169983002;-0,3530593725693545;-0,22571286788563572;preditivo OPERAVEL (d_preg_vol[D-1] -> d_preg_vol[D]);0,008117165811508736;True;0,28901382488479266;0,009774022597740226
pre_vol[D];preg_neg[D];126;-0,2548511436070491;0,004399560043995601;0,04278199883109293;0,20500438981562774;preditivo OPERAVEL (pre_vol[D] -> preg_neg[D]);0,020105516330087423;True;0,2548511436070491;0,024285571442855716
pre_neg[D];preg_vol[D];125;0,24113616301983012;0,007899210078992101;0,17345285941932073;0,18078511034862574;preditivo OPERAVEL (pre_neg[D] -> preg_vol[D]);0,035338571406017295;True;0,24113616301983012;0,041926576573111926
preg_neg[D-1];d_preg_vol[D];126;-0,23735133108361461;0,0086991300869913;-0,43166507736319176;-0,23785166240409203;preditivo OPERAVEL (preg_neg[D-1] -> d_preg_vol[D]);0,03851177382261774;True;0,23735133108361461;0,044462220444622204
preg_rng[D];pos_vol[D-1];126;-0,22738064707038466;0,010798920107989201;-0,2130310398716209;-0,2338267151566103;preditivo OPERAVEL (pos_vol[D-1] -> preg_rng[D]);0,046359000463590004;True;0,22738064707038466;0,05322324910366106
gap[D];preg_ret[D];125;-0,22353053228260858;0,013998600139986002;-0,23921369575069193;-0,2289617051972258;preditivo OPERAVEL (gap[D] -> preg_ret[D]);0,05949405059494051;True;0,22353053228260858;0,06661402825234718
preg_vol[D-1];preg_vpn[D];126;-0,2173018372703412;0,016298370162983702;0,10578609000584455;-0,3989006374775737;preditivo OPERAVEL (preg_vol[D-1] -> preg_vpn[D]);0,06790987567909876;False;0,2173018372703412;0,07497250274972503
pre_vol[D-1];preg_rng[D];125;0,21097647898955854;0,018198180181981802;0,23773341171521822;0,1769494772128662;preditivo OPERAVEL (pre_vol[D-1] -> preg_rng[D]);0,07436756324367563;True;0,21097647898955854;0,08101125371333835
preg_vol[D];d_preg_vol[D-1];125;0,1932288786482335;0,027997200279972004;0,10824474980554837;0,26262549146848874;preditivo OPERAVEL (d_preg_vol[D-1] -> preg_vol[D]);0,10916339558704681;True;0,1932288786482335;0,12073792620737926
preg_vol[D];preg_vpn[D-1];126;-0,19365279340082486;0,0292970702929707;-0,13826940231935772;-0,29281978852540363;preditivo OPERAVEL (preg_vpn[D-1] -> preg_vol[D]);0,11319322613193225;True;0,19365279340082486;0,12251502122515022
pre_hora_min[D];preg_ret[D];126;-0,19130981909168118;0,032896710328967106;-0,11282660430294922;-0,22798001096843099;preditivo OPERAVEL (pre_hora_min[D] -> preg_ret[D]);0,12595587288118038;True;0,19130981909168118;0,12903574507414123
pre_vol[D-1];preg_neg[D];125;-0,19100460829493082;0,0336966303369663;0,05275462179704083;0,353220528374172;preditivo OPERAVEL (pre_vol[D-1] -> preg_neg[D]);0,12786667761795248;True;0,19100460829493082;0,12903574507414123
d_preg_vol[D];pos_vol[D-1];126;-0,1879207917824262;0,0344965503449655;-0,21351010489402936;-0,1520226745753327;preditivo OPERAVEL (pos_vol[D-1] -> d_preg_vol[D]);0,12897833023715172;True;0,1879207917824262;0,12903574507414123
preg_ret[D-1];preg_rng[D];126;0,19030670632831018;0,034596540345965404;0,037900695274194915;0,2762418286192034;preditivo OPERAVEL (preg_ret[D-1] -> preg_rng[D]);0,12897833023715172;True;0,19030670632831018;0,12903574507414123
preg_vpn[D-1];d_preg_vol[D];126;-0,18616572928383956;0,036996300369963;-0,5041988372450706;-0,14543650036263694;preditivo OPERAVEL (preg_vpn[D-1] -> d_preg_vol[D]);0,13554679014857135;True;0,18616572928383956;0,13435498555407616
preg_vpn[D];pos_vol[D-1];126;-0,17812700131553794;0,044495550444955505;-0,2266141683841398;-0,036989321196107317;preditivo OPERAVEL (pos_vol[D-1] -> preg_vpn[D]);0,1575884078258841;True;0,17812700131553794;0,15744579388215024
d_preg_vol[D];pos_vpn[D-1];126;-0,1733453318335208;0,0524947505249475;-0,18662524224061033;-0,21544451654769628;preditivo OPERAVEL (pos_vpn[D-1] -> d_preg_vol[D]);0,18138430059433078;True;0,1733453318335208;0,18110688931106889
preg_ret[D];d_pos_vol[D-1];125;0,1686239510495415;0,056394360563943605;0,12150380819863714;0,17408980300115762;preditivo OPERAVEL (d_pos_vol[D-1] -> preg_ret[D]);0,19021907333076216;True;0,1686239510495415;0,18981516482498093
pre_vpn[D];preg_rng[D];125;0,17141531694464146;0,05829417058294171;-0,025016073454385376;0,17720488466757123;preditivo OPERAVEL (pre_vpn[D] -> preg_rng[D]);0,19355486326367363;False;0,17141531694464146;0,19029259864711204
pre_vol[D-1];preg_vol[D];125;0,16772964669738863;0,05929407059294071;0,13347073118213418;0,39975257402825454;preditivo OPERAVEL (pre_vol[D-1] -> preg_vol[D]);0,19534868218604498;True;0,16772964669738863;0,19029259864711204
pre_vpn[D-1];preg_rng[D];124;0,17034675496871363;0,0634936506349365;-0,040668163857080546;0,21970566746686152;preditivo OPERAVEL (pre_vpn[D-1] -> preg_rng[D]);0,2075753963065232;False;0,17034675496871363;0,19913917699139178
pre_neg[D-1];preg_vol[D];124;0,1665108371405544;0,06679332066793321;0,09021516683672251;0,10835825830579175;preditivo OPERAVEL (pre_neg[D-1] -> preg_vol[D]);0,2166958876631421;True;0,1665108371405544;0,2042795720427957
preg_ret[D];preg_rng[D-1];126;0,1661874614770255;0,0680931906809319;0,2617055314103702;0,042162523279197145;preditivo OPERAVEL (preg_rng[D-1] -> preg_ret[D]);0,21886909053455555;True;0,1661874614770255;0,2042795720427957
pre_vpn[D];preg_vol[D];125;-0,15748079877112137;0,0770922907709229;-0,1235534774985389;-0,024026719549107612;preditivo OPERAVEL (pre_vpn[D] -> preg_vol[D]);0,23571383868807363;True;0,15748079877112137;0,22635608779547575
gap[D];preg_vol[D];125;-0,15570063603772125;0,08359164083591641;-0,048111974211029154;-0,21375904267651183;preditivo OPERAVEL (gap[D] -> preg_vol[D]);0,252262007841769;True;0,15570063603772125;0,23570296031621327
d_pre_vol[D];preg_rng[D];124;-0,154928779603522;0,0836916308369163;-0,17417786971164148;-0,13633232439202592;preditivo OPERAVEL (d_pre_vol[D] -> preg_rng[D]);0,252262007841769;True;0,154928779603522;0,23570296031621327
preg_vol[D];pos_vpn[D-1];126;-0,14815448068991377;0,09109089091090891;-0,21418684056722756;-0,04729549185021185;preditivo OPERAVEL (pos_vpn[D-1] -> preg_vol[D]);0,2700250808252508;True;0,14815448068991377;0,24756347894622302
preg_rng[D];pos_neg[D-1];126;-0,15159920089600099;0,09149085091490851;-0,2902660082489704;0,16333431321689798;preditivo OPERAVEL (pos_neg[D-1] -> preg_rng[D]);0,2700250808252508;False;0,15159920089600099;0,24756347894622302
preg_vol[D];pos_neg[D-1];126;0,14745280313207923;0,09599040095990401;0,14854699409394495;0,0757185258862388;preditivo OPERAVEL (pos_neg[D-1] -> preg_vol[D]);0,27752326808135513;True;0,14745280313207923;0,25474375639359137
d_preg_vol[D];d_pos_vol[D-1];125;-0,14568356374807986;0,1045895410458954;-0,23962924552761217;-0,041989540787113026;preditivo OPERAVEL (d_pos_vol[D-1] -> d_preg_vol[D]);0,2983258721107755;True;0,14568356374807986;0,2723274842327088
gap[D];d_preg_vol[D];125;-0,1423699653503029;0,1136886311368863;-0,1134815043890579;-0,15064105798776956;preditivo OPERAVEL (gap[D] -> d_preg_vol[D]);0,31787939627089923;True;0,1423699653503029;0,2905376129053761
d_pre_vol[D];preg_ret[D];124;0,14068873057546302;0,11918808119188082;0,0917927895106389;0,2159341176546839;preditivo OPERAVEL (d_pre_vol[D] -> preg_ret[D]);0,33107800331078;True;0,14068873057546302;0,29642392903566783
d_pre_vol[D-1];preg_rng[D];123;0,14078398558876482;0,1202879712028797;0,2827510215313516;0,06727898966704939;preditivo OPERAVEL (d_pre_vol[D-1] -> preg_rng[D]);0,33196355689106416;True;0,14078398558876482;0,29642392903566783
pre_hora_min[D];preg_rng[D];126;-0,1367787213995386;0,12618738126187382;-0,1960669926492689;-0,09325722187636927;preditivo OPERAVEL (pre_hora_min[D] -> preg_rng[D]);0,3437797245916434;True;0,1367787213995386;0,3055062914761156
pre_neg[D];preg_ret[D];125;-0,13127355773926136;0,141985801419858;-0,05801424982170564;-0,008429521174120286;preditivo OPERAVEL (pre_neg[D] -> preg_ret[D]);0,3779465803419658;True;0,13127355773926136;0,3328040077348198
pre_neg[D];preg_rng[D];125;-0,13321184145383783;0,14228577142285773;0,02611302377864238;-0,15730435416283245;preditivo OPERAVEL (pre_neg[D] -> preg_rng[D]);0,3779465803419658;False;0,13321184145383783;0,3328040077348198
preg_neg[D];pos_vol[D-1];126;0,12764023643094435;0,1546845315468453;0,02057891660770864;-0,049032799872445666;preditivo OPERAVEL (pos_vol[D-1] -> preg_neg[D]);0,40832873234415684;False;0,12764023643094435;0,3557744225577442
preg_ret[D-1];preg_vol[D];126;0,12328099387858213;0,16678332166783322;-0,004368155533012977;0,2607243404227402;preditivo OPERAVEL (preg_ret[D-1] -> preg_vol[D]);0,4340267192792916;False;0,12328099387858213;0,3773130883632948
pre_vpn[D];preg_ret[D];125;0,12237725179747815;0,17228277172282772;0,13460358286235122;-0,0667592138688785;preditivo OPERAVEL (pre_vpn[D] -> preg_ret[D]);0,441085409531336;False;0,12237725179747815;0,38204929507049296
gap[D-1];d_preg_vol[D];124;0,12187322974500583;0,1770822917708229;0,09045682164022062;0,14668994797563836;preditivo OPERAVEL (gap[D-1] -> d_preg_vol[D]);0,448228986625147;True;0,12187322974500583;0,38204929507049296
d_pre_vol[D-1];preg_vol[D];123;0,1225509796081567;0,17718228177182282;0,3119652579725175;-0,02031103225133076;preditivo OPERAVEL (d_pre_vol[D-1] -> preg_vol[D]);0,448228986625147;False;0,1225509796081567;0,38204929507049296
pre_vol[D];preg_vol[D];126;0,1164124484439445;0,20087991200879912;0,14395090590298074;0,29559422140633734;preditivo OPERAVEL (pre_vol[D] -> preg_vol[D]);0,49926293920315573;True;0,1164124484439445;0,4264835054956043
preg_rng[D];d_pos_vol[D-1];125;-0,11291365652817997;0,2094790520947905;-0,2732222732128948;0,00877963125548727;preditivo OPERAVEL (d_pos_vol[D-1] -> preg_rng[D]);0,5087348408016341;False;0,11291365652817997;0,4372309037752941
preg_neg[D];d_preg_vol[D-1];125;0,11176036866359446;0,21227877212278773;0,023463831993777547;0,22594190174447454;preditivo OPERAVEL (d_preg_vol[D-1] -> preg_neg[D]);0,5097089161140383;True;0,11176036866359446;0,4372309037752941
gap[D-1];preg_ret[D];124;-0,1107451516135773;0,2233776622337766;-0,17074237933108874;-0,07792700211750267;preditivo OPERAVEL (gap[D-1] -> preg_ret[D]);0,5274194802741948;True;0,1107451516135773;0,45332525570972315
pre_neg[D-1];preg_rng[D];124;-0,10874233696709147;0,23467653234676533;0,1019638781190672;-0,14134412486928608;preditivo OPERAVEL (pre_neg[D-1] -> preg_rng[D]);0,5407297108127026;False;0,10874233696709147;0,4629339882913117
d_preg_vol[D];pos_ret[D-1];126;0,10586726856817284;0,23537646235376464;-0,07050207560137117;0,2581255381787682;preditivo OPERAVEL (pos_ret[D-1] -> d_preg_vol[D]);0,5407297108127026;False;0,10586726856817284;0,4629339882913117
preg_rng[D];preg_vpn[D-1];126;0,10608001296617169;0,23817618238176183;-0,01655028150915986;-0,053441233729052934;preditivo OPERAVEL (preg_vpn[D-1] -> preg_rng[D]);0,54421977157123;True;0,10608001296617169;0,4629339882913117
d_pre_vol[D-1];preg_ret[D];123;-0,10732043933673353;0,24297570242975702;-0,17656781730226062;-0,03678228106221511;preditivo OPERAVEL (d_pre_vol[D-1] -> preg_ret[D]);0,5492801783651422;True;0,10732043933673353;0,4657034296570343
d_preg_vol[D];pos_neg[D-1];126;0,09942189004673661;0,2692730726927307;0,07101210902419738;0,1457462268761096;preditivo OPERAVEL (pos_neg[D-1] -> d_preg_vol[D]);0,5977735559777355;True;0,09942189004673661;0,509036767556121
preg_rng[D-1];preg_vol[D];126;0,09499626542884546;0,280971902809719;-0,12243516804174023;0,2548001679581631;preditivo OPERAVEL (preg_rng[D-1] -> preg_vol[D]);0,6092502994598499;False;0,09499626542884546;0,5239746295640706
pre_vpn[D-1];preg_vol[D];124;-0,09376553894571203;0,3006699330066993;-0,07951644160078748;0,056925164387850974;preditivo OPERAVEL (pre_vpn[D-1] -> preg_vol[D]);0,6380551265261823;False;0,09376553894571203;0,5438806768673782
pre_hora_min[D-1];preg_vol[D];125;-0,09148919152199436;0,3016698330166983;-0,039152323228971976;-0,13575528646575646;preditivo OPERAVEL (pre_hora_min[D-1] -> preg_vol[D]);0,6380551265261823;True;0,09148919152199436;0,5438806768673782
preg_ret[D-1];d_preg_vol[D];126;0,09205428829008537;0,30346965303469653;0,08954718842676603;0,0850503412096435;preditivo OPERAVEL (preg_ret[D-1] -> d_preg_vol[D]);0,6380551265261823;True;0,09205428829008537;0,5438806768673782
gap[D];preg_neg[D];125;-0,0907308980734818;0,31466853314668536;0,00695224179775741;-0,22579196862254772;preditivo OPERAVEL (gap[D] -> preg_neg[D]);0,6460585825475424;False;0,0907308980734818;0,556721250951828
preg_rng[D];pos_vpn[D-1];126;0,08616226367040823;0,3468653134686531;0,17347032979582241;-0,20471809749207923;preditivo OPERAVEL (pos_vpn[D-1] -> preg_rng[D]);0,6852439756024398;False;0,08616226367040823;0,5986876312368763
pre_hora_min[D-1];preg_ret[D];125;-0,08581802563405208;0,34706529347065296;-0,017776070920508993;-0,1982094492919117;preditivo OPERAVEL (pre_hora_min[D-1] -> preg_ret[D]);0,6852439756024398;True;0,08581802563405208;0,5986876312368763
pre_vol[D-1];preg_ret[D];125;-0,08143621696407144;0,3701629837016298;0,0008613264431293194;-0,21602530215505422;preditivo OPERAVEL (pre_vol[D-1] -> preg_ret[D]);0,708645351681048;False;0,08143621696407144;0,6306480463064804
gap[D-1];preg_vpn[D];124;0,0794265752265962;0,38396160383961603;-0,010954641961445567;0,25744075892174;preditivo OPERAVEL (gap[D-1] -> preg_vpn[D]);0,7220516886364461;False;0,0794265752265962;0,644592683588784
d_pre_vol[D-1];d_preg_vol[D];123;0,07842024480530366;0,39166083391660833;0,1442831215970962;-0,017472080158647325;preditivo OPERAVEL (d_pre_vol[D-1] -> d_preg_vol[D]);0,7281804570634639;False;0,07842024480530366;0,644592683588784
preg_rng[D];d_preg_vol[D-1];125;0,07804999439769307;0,39236076392360764;0,034484993914415195;0,10818032599152574;preditivo OPERAVEL (d_preg_vol[D-1] -> preg_rng[D]);0,7281804570634639;True;0,07804999439769307;0,644592683588784
preg_vpn[D];pos_ret[D-1];126;0,06971395644489205;0,43595640435956406;0,11490822797709295;0,03786808775678755;preditivo OPERAVEL (pos_ret[D-1] -> preg_vpn[D]);0,7526847315268472;True;0,06971395644489205;0,7077880447249393
preg_ret[D];pos_vol[D-1];126;-0,06686604594205321;0,45355464453554645;-0,04961855545598543;-0,04090319133437084;preditivo OPERAVEL (pos_vol[D-1] -> preg_ret[D]);0,763915703291331;True;0,06686604594205321;0,7277969877430862
gap[D-1];preg_neg[D];124;-0,06484232394474626;0,46765323467653236;0,041841546663391196;-0,22231978103612943;preditivo OPERAVEL (gap[D-1] -> preg_neg[D]);0,7763774403809619;False;0,06484232394474626;0,7416758324167584
d_pre_vol[D-1];preg_neg[D];123;0,06525776786059766;0,47295270472952705;0,20644283121597098;0,05479595031833838;preditivo OPERAVEL (d_pre_vol[D-1] -> preg_neg[D]);0,7785418369359974;True;0,06525776786059766;0,7416758324167584
preg_rng[D-1];preg_vpn[D];126;0,059354292969167506;0,49945005499450057;-0,01528901470269972;-0,14146658014276442;preditivo OPERAVEL (preg_rng[D-1] -> preg_vpn[D]);0,7871906536283642;True;0,059354292969167506;0,7728743609155568
preg_rng[D];preg_vol[D-1];126;0,06024219263656903;0,5044495550444955;-0,060879195365478374;0,18299805321219983;preditivo OPERAVEL (preg_vol[D-1] -> preg_rng[D]);0,7882024297570243;False;0,06024219263656903;0,7728743609155568
preg_rng[D];preg_neg[D-1];126;-0,05875736042250235;0,5096490350964904;-0,08730427309107003;0,12677024086727487;preditivo OPERAVEL (preg_neg[D-1] -> preg_rng[D]);0,7905140142920015;False;0,05875736042250235;0,7728743609155568
pre_hora_min[D-1];preg_rng[D];125;-0,05633790004642412;0,5333466653334666;0,12819173118862653;-0,20260493421958947;preditivo OPERAVEL (pre_hora_min[D-1] -> preg_rng[D]);0,815368103477422;False;0,05633790004642412;0,8000199980002
preg_ret[D];preg_vpn[D-1];126;0,05484621373487748;0,5461453854614539;0,014242647970316961;-0,13786324384139473;preditivo OPERAVEL (preg_vpn[D-1] -> preg_ret[D]);0,8281378267867164;False;0,05484621373487748;0,8038430199533239
pre_vol[D];preg_rng[D];126;0,055004784463315526;0,5475452454754525;0,04935998605660853;0,02286694867906457;preditivo OPERAVEL (pre_vol[D] -> preg_rng[D]);0,8281378267867164;True;0,055004784463315526;0,8038430199533239
d_pre_vol[D];preg_vpn[D];124;0,05228009441384737;0,5641435856414359;0,09489679780983729;0,0746268656716418;preditivo OPERAVEL (d_pre_vol[D] -> preg_vpn[D]);0,8285245300973259;True;0,05228009441384737;0,8135436456354364
preg_ret[D];pos_neg[D-1];126;-0,050473943638024495;0,565943405659434;0,1631974925332453;0,05414077345782837;preditivo OPERAVEL (pos_neg[D-1] -> preg_ret[D]);0,8285245300973259;True;0,050473943638024495;0,8135436456354364
preg_ret[D];preg_ret[D-1];126;0,05068364120685622;0,5724427557244276;0,025963638600916723;0,06666221297551106;preditivo OPERAVEL (preg_ret[D-1] -> preg_ret[D]);0,8285245300973259;True;0,05068364120685622;0,8144030957728969
preg_vol[D];pos_vol[D-1];126;-0,04975785490497524;0,5794420557944205;-0,11064628256790428;-0,05792703293611234;preditivo OPERAVEL (pos_vol[D-1] -> preg_vol[D]);0,8285245300973259;True;0,04975785490497524;0,8159490173431636
preg_ret[D];pos_ret[D-1];126;0,04565765017806437;0,6085391460853915;0,04197633756241027;0,01166821182747951;preditivo OPERAVEL (pos_ret[D-1] -> preg_ret[D]);0,8449800181272196;True;0,04565765017806437;0,8338695542210485
pre_hora_min[D-1];d_preg_vol[D];125;-0,045544851120095355;0,6098390160983902;0,015051482750760452;-0,06551225557721109;preditivo OPERAVEL (pre_hora_min[D-1] -> d_preg_vol[D]);0,8449800181272196;False;0,045544851120095355;0,8338695542210485
preg_neg[D];pos_ret[D-1];126;-0,045341678800030934;0,6125387461253875;-0,021326031598319604;-0,008383303341013483;preditivo OPERAVEL (pos_ret[D-1] -> preg_neg[D]);0,8449800181272196;True;0,045341678800030934;0,8338695542210485
pre_vpn[D];d_preg_vol[D];124;0,04604248623131391;0,6163383661633837;-0,13765418807099575;0,2778624360713913;preditivo OPERAVEL (pre_vpn[D] -> d_preg_vol[D]);0,8449800181272196;False;0,04604248623131391;0,8338695542210485
pre_vol[D];d_preg_vol[D];125;0,04369278033794161;0,6228377162283771;0,09711156910394046;0,015404262111900392;preditivo OPERAVEL (pre_vol[D] -> d_preg_vol[D]);0,8511447890580716;True;0,04369278033794161;0,8344816003836509
pre_vpn[D-1];preg_ret[D];124;-0,04078421252637598;0,642935706429357;-0,19998154309941804;-0,14149131599609266;preditivo OPERAVEL (pre_vpn[D-1] -> preg_ret[D]);0,8683972872554013;True;0,04078421252637598;0,8531262258389545
preg_ret[D];preg_neg[D-1];126;-0,037646028351165664;0,6738326167383262;0,07604282026484563;0,11327957250431643;preditivo OPERAVEL (preg_neg[D-1] -> preg_ret[D]);0,8838853768944093;True;0,037646028351165664;0,885608581998943
gap[D-1];preg_vol[D];124;-0,0366589035241666;0,6855314468553144;0,018311753574605752;-0,07816413089655497;preditivo OPERAVEL (gap[D-1] -> preg_vol[D]);0,8900857634601281;False;0,0366589035241666;0,886689108866891
pre_vol[D];preg_ret[D];126;0,03564223975048208;0,6875312468753124;0,059119202807324474;-0,05555278414923988;preditivo OPERAVEL (pre_vol[D] -> preg_ret[D]);0,8900857634601281;False;0,03564223975048208;0,886689108866891
pre_hora_min[D-1];preg_vpn[D];125;-0,03582496959436419;0,6939306069393061;-0,01729843211846089;-0,06619093220415356;preditivo OPERAVEL (pre_hora_min[D-1] -> preg_vpn[D]);0,8931787544137152;True;0,03582496959436419;0,886689108866891
gap[D];preg_vpn[D];125;-0,03237580265130541;0,7139286071392861;-0,13415365699123924;0,030750810750980646;preditivo OPERAVEL (gap[D] -> preg_vpn[D]);0,9003550683507316;False;0,03237580265130541;0,9038729154607476
preg_rng[D-1];preg_neg[D];126;-0,03263931176012084;0,7239276072392761;-0,16310333189882079;0,19047982593426727;preditivo OPERAVEL (preg_rng[D-1] -> preg_neg[D]);0,9075788586333107;False;0,03263931176012084;0,9082000890820009
preg_vpn[D];d_pos_vol[D-1];125;-0,029210445468509958;0,7426257374262574;-0,1606818771065595;0,007329083482841546;preditivo OPERAVEL (d_pos_vol[D-1] -> preg_vpn[D]);0,917045976561764;False;0,029210445468509958;0,9232644303137254
preg_ret[D-1];preg_vpn[D];126;0,02766308155015534;0,7552244775522448;-0,067521840809602;-0,12289926998404273;preditivo OPERAVEL (preg_ret[D-1] -> preg_vpn[D]);0,9181002803674435;True;0,02766308155015534;0,9305444455554445
preg_rng[D];pos_ret[D-1];126;0,027505414597580564;0,7638236176382361;-0,046886303273414066;0,07787496816549654;preditivo OPERAVEL (pos_ret[D-1] -> preg_rng[D]);0,9181002803674435;False;0,027505414597580564;0,9328111436643945
pre_hora_min[D];preg_vpn[D];126;0,025686301515180525;0,7771222877712228;0,022573433491523198;0,0879077065803789;preditivo OPERAVEL (pre_hora_min[D] -> preg_vpn[D]);0,9251455806800272;True;0,025686301515180525;0,9360063993600639
d_pre_vol[D];preg_neg[D];124;-0,02395594020456331;0,7957204279572043;0,023778030699191;-0,15056883415092373;preditivo OPERAVEL (d_pre_vol[D] -> preg_neg[D]);0,9349065093490652;False;0,02395594020456331;0,9360063993600639
pre_vol[D-1];d_preg_vol[D];125;0,023317972350230434;0,7968203179682032;-0,05201636469900643;0,10200335222284301;preditivo OPERAVEL (pre_vol[D-1] -> d_preg_vol[D]);0,9349065093490652;False;0,023317972350230434;0,9360063993600639
gap[D];preg_rng[D];125;-0,02203781422616867;0,8061193880611939;0,05177585332325619;-0,060364180740893225;preditivo OPERAVEL (gap[D] -> preg_rng[D]);0,9349065093490652;False;0,02203781422616867;0,9360063993600639
preg_rng[D];preg_rng[D-1];126;0,021666811652023124;0,8071192880711929;-0,18089524688509456;0,14226819864870022;preditivo OPERAVEL (preg_rng[D-1] -> preg_rng[D]);0,9349065093490652;False;0,021666811652023124;0,9360063993600639
gap[D-1];preg_rng[D];124;0,021380924135003487;0,8107189281071893;-0,007859978933047402;0,05042654040735114;preditivo OPERAVEL (gap[D-1] -> preg_rng[D]);0,9349065093490652;False;0,021380924135003487;0,9360063993600639
preg_vol[D];d_pos_vol[D-1];125;0,021155145929339494;0,813918608139186;-0,08886440238527353;0,11486048020765734;preditivo OPERAVEL (d_pos_vol[D-1] -> preg_vol[D]);0,9349065093490652;False;0,021155145929339494;0,9360063993600639
pre_neg[D-1];d_preg_vol[D];124;-0,01946283717224581;0,8309169083091691;-0,013912403756464884;-0,051578280269327134;preditivo OPERAVEL (pre_neg[D-1] -> d_preg_vol[D]);0,9378217851038116;True;0,01946283717224581;0,9383061693830618
pre_hora_min[D-1];preg_neg[D];125;-0,01879136121715024;0,8354164583541646;-0,002616310907596398;-0,00986077216792879;preditivo OPERAVEL (pre_hora_min[D-1] -> preg_neg[D]);0,9378217851038116;True;0,01879136121715024;0,9383061693830618
pre_vpn[D-1];d_preg_vol[D];124;0,01844846577498033;0,8363163683631637;-0,04586422221538651;0,09191107400062624;preditivo OPERAVEL (pre_vpn[D-1] -> d_preg_vol[D]);0,9378217851038116;False;0,01844846577498033;0,9383061693830618
pre_hora_min[D];preg_vol[D];126;0,016463116039457507;0,8541145885411459;0,026491620133834215;-0,02451195814729911;preditivo OPERAVEL (pre_hora_min[D] -> preg_vol[D]);0,9468584391560845;False;0,016463116039457507;0,9442671732826717
d_pre_vol[D];d_preg_vol[D];124;0,016686073957513748;0,8553144685531446;0,1249192531299025;-0,08059701492537315;preditivo OPERAVEL (d_pre_vol[D] -> d_preg_vol[D]);0,9468584391560845;False;0,016686073957513748;0,9442671732826717
preg_ret[D];pos_vpn[D-1];126;0,013195607865878704;0,8852114788521148;-0,23225052305808433;-0,039318604778246315;preditivo OPERAVEL (pos_vpn[D-1] -> preg_ret[D]);0,9711497678162359;True;0,013195607865878704;0,956913399569134
pre_hora_min[D];d_preg_vol[D];125;-0,012064557768511676;0,8934106589341065;0,04857104249631901;-0,14226117729299737;preditivo OPERAVEL (pre_hora_min[D] -> d_preg_vol[D]);0,9711497678162359;False;0,012064557768511676;0,956913399569134
preg_ret[D];preg_vol[D-1];126;0,011278810087679919;0,8985101489851015;0,05583241050998981;0,029889774312006668;preditivo OPERAVEL (preg_vol[D-1] -> preg_ret[D]);0,9711497678162359;True;0,011278810087679919;0,956913399569134
preg_neg[D];d_pos_vol[D-1];125;0,010758832565284171;0,906009399060094;-0,03791807103966814;0,04202771309691949;preditivo OPERAVEL (d_pos_vol[D-1] -> preg_neg[D]);0,9711497678162359;False;0,010758832565284171;0,956913399569134
preg_ret[D];d_preg_vol[D-1];125;-0,010771336449726564;0,9095090490950904;-0,005185545295220576;-0,007749200747557285;preditivo OPERAVEL (d_preg_vol[D-1] -> preg_ret[D]);0,9711497678162359;True;0,010771336449726564;0,956913399569134
d_pre_vol[D-1];preg_vpn[D];123;0,01014432936502819;0,9139086091390861;0,3089188488462536;-0,08836238388477195;preditivo OPERAVEL (d_pre_vol[D-1] -> preg_vpn[D]);0,9711497678162359;False;0,01014432936502819;0,956913399569134
pre_hora_min[D];preg_neg[D];126;0,00905216349390259;0,9153084691530847;0,06356819224167283;-0,10557308358392917;preditivo OPERAVEL (pre_hora_min[D] -> preg_neg[D]);0,9711497678162359;False;0,00905216349390259;0,956913399569134
d_pre_vol[D];preg_vol[D];124;-0,007578284815106206;0,9338066193380662;0,048694207757851674;-0,06949170232752325;preditivo OPERAVEL (d_pre_vol[D] -> preg_vol[D]);0,9751219999951225;False;0,007578284815106206;0,9607928096079282
preg_vpn[D];d_preg_vol[D-1];125;0,0071459293394777424;0,9382061793820617;0,1348846253564947;-0,013627514600908499;preditivo OPERAVEL (d_preg_vol[D-1] -> preg_vpn[D]);0,9751219999951225;False;0,0071459293394777424;0,9607928096079282
preg_vol[D];pos_ret[D-1];126;-0,0070038039920100725;0,9399060093990601;0,006554754300782216;-0,005518848896475846;preditivo OPERAVEL (pos_ret[D-1] -> preg_vol[D]);0,9751219999951225;False;0,0070038039920100725;0,9607928096079282
preg_ret[D-1];preg_neg[D];126;0,0044875265668003;0,9576042395760423;0,025501415048364492;0,21379014180637715;preditivo OPERAVEL (preg_ret[D-1] -> preg_neg[D]);0,9852034120259472;True;0,0044875265668003;0,9699322038599059
pre_neg[D-1];preg_ret[D];124;0,004066096764329991;0,962903709629037;0,17726548217400098;0,009233728548323623;preditivo OPERAVEL (pre_neg[D-1] -> preg_ret[D]);0,9861062086562428;True;0,004066096764329991;0,9699322038599059
pre_neg[D];d_preg_vol[D];124;0,0005383605882326103;0,9964003599640036;0,1550063391981353;-0,21057475298291517;preditivo OPERAVEL (pre_neg[D] -> d_preg_vol[D]);0,9964003599640034;False;0,0005383605882326103;0,9964003599640036
