hora;media_contratos;mediana_contratos;media_share_%
09:00;309710,03937007877;311233,0;1,8285066395551928
09:05;343744,16535433073;343818,0;2,0206047922529025
09:10;258167,67716535434;245137,0;1,5115050256540086
09:15;251809,1811023622;252139,0;1,482851193593078
09:20;242610,74803149607;232399,0;1,4176303259933394
09:25;203548,9527559055;193266,0;1,1901035029742326
09:30;267186,18897637795;248097,0;1,5665515032121526
09:35;208296,81102362205;202164,0;1,2222368492654325
09:40;201824,55905511812;196683,0;1,1778796045731232
09:45;192185,40157480314;180308,0;1,1226337716533628
09:50;196369,58267716537;188710,0;1,154467645734461
09:55;188984,17322834645;178780,0;1,102711474176932
10:00;371503,6614173228;368203,0;2,187471813884568
10:05;310178,9842519685;309425,0;1,8250734233822248
10:10;331464,7401574803;337516,0;1,9402818483816604
10:15;348252,89763779525;341321,0;2,0402487071192734
10:20;311071,49606299214;308457,0;1,8208334936543078
10:25;298570,937007874;284172,0;1,7500680171187548
10:30;474674,6141732283;472673,0;2,7843203542245716
10:35;364933,86614173226;365977,0;2,1336692519876337
10:40;333212,3228346457;322423,0;1,9533403189364016
10:45;315495,4566929134;312918,0;1,8407684338099288
10:50;296550,84251968504;293413,0;1,734626329934535
10:55;240698,00787401575;234529,0;1,4099877252089734
11:00;293035,4566929134;286031,0;1,716614589369504
11:05;246654,8503937008;245722,0;1,4436818747156892
11:10;234223,76377952757;227457,0;1,3728295422894898
11:15;245122,3464566929;238733,0;1,4353560194186632
11:20;232576,22047244094;236827,0;1,3584621581673542
11:25;208869,09448818897;206767,0;1,2199711553214854
11:30;224132,92913385827;221975,0;1,3096310722681619
11:35;199941,27559055117;197603,0;1,16785213175187
11:40;194208,0157480315;187000,0;1,1299318104275846
11:45;198578,8188976378;195036,0;1,1544893840178583
11:50;188723,44881889762;182370,0;1,0972094419988643
11:55;170641,031496063;165635,0;0,9961028332981788
12:00;192987,64566929135;184587,0;1,1197604615181806
12:05;165201,51968503938;164248,0;0,9615758737033853
12:10;155297,27559055117;154199,0;0,9115781216917229
12:15;160612,99212598425;151533,0;0,9335548212857595
12:20;145866,73228346457;136616,0;0,8497723839214273
12:25;134283,0472440945;122855,0;0,782507161470874
12:30;141893,66141732284;128652,0;0,8315584287005511
12:35;133332,71653543308;115853,0;0,7905375061891904
12:40;117447,62992125984;111430,0;0,6917863122539009
12:45;121554,50393700787;104953,0;0,7154702285292392
12:50;116316,97637795276;104751,0;0,6898903688122981
12:55;106429,38582677166;98452,0;0,6293814743939865
13:00;129564,28346456694;123313,0;0,7632190744345065
13:05;110854,85826771654;103245,0;0,6534430659120026
13:10;103071,96850393701;98420,0;0,6054334296674974
13:15;108684,74803149606;98674,0;0,6370778455898356
13:20;109605,44881889764;106727,0;0,6426426569131212
13:25;102390,47244094488;92345,0;0,6030819227381449
13:30;118744,25984251969;108222,0;0,6986980973941901
13:35;108758,07086614173;97357,0;0,6400456062164768
13:40;111969,33858267717;105709,0;0,6542691513205919
13:45;115370,1811023622;109158,0;0,6756496775459259
13:50;105450,56692913386;99637,0;0,6197160211282521
13:55;109026,79527559056;99953,0;0,6390748765946601
14:00;126197,67716535433;119895,0;0,7358916371825277
14:05;108957,15748031496;101263,0;0,6368916611767014
14:10;110860,35433070867;103384,0;0,6512148911505345
14:15;116143,48818897638;104687,0;0,6781949147423096
14:20;108976,0;100690,0;0,6337169297336607
14:25;111179,11023622047;94303,0;0,6451409399446528
14:30;126434,25196850394;105965,0;0,7409244856367663
14:35;116175,85826771654;108805,0;0,67783210425198
14:40;109268,11023622047;98528,0;0,6376512856278301
14:45;112299,45669291339;103168,0;0,6578880000385199
14:50;105776,88976377953;94174,0;0,6196337126044827
14:55;107879,47244094488;94400,0;0,6284175073653813
15:00;145966,6535433071;128796,0;0,8519951958680315
15:05;112525,64566929133;104267,0;0,6559972082907101
15:10;104340,08661417323;93138,0;0,6140607871107042
15:15;106132,0157480315;96764,0;0,6179974242126216
15:20;100646,44881889764;89709,0;0,5862769163487945
15:25;95596,91338582677;89133,0;0,5564567195140923
15:30;124205,76377952757;113213,0;0,726444681415658
15:35;106540,0157480315;99774,0;0,6217750716674011
15:40;97204,03937007874;91190,0;0,5670092865836285
15:45;98525,8346456693;86626,0;0,5724056097587644
15:50;100652,20472440944;89617,0;0,5876581516441749
15:55;93867,52755905512;89240,0;0,5456275413536668
16:00;116813,28346456694;100369,0;0,6851410464326899
16:05;95950,97637795276;88195,0;0,5598936326748363
16:10;92458,69291338582;85852,0;0,5406099967782667
16:15;94129,31496062993;86542,0;0,5491025581217567
16:20;93916,88188976378;84562,0;0,5470112676030419
16:25;94981,12598425196;87461,0;0,5574688506808593
16:30;112580,54330708661;99310,0;0,6557689979010025
16:35;93532,21259842519;86486,0;0,5491286075972716
16:40;89701,85826771654;82281,0;0,531394413679719
16:45;90993,31496062993;84387,0;0,5355501557606379
16:50;104285,96062992126;95589,0;0,6109467147334483
16:55;98969,13385826771;96517,0;0,5832604004008272
17:00;102807,93700787402;94930,0;0,6097836885446152
17:05;79861,31496062993;75140,0;0,4682828376984695
17:10;65504,11023622047;60248,0;0,3846189084954546
17:15;54975,07874015748;50325,0;0,3225387426001408
17:20;43300,16535433071;39490,0;0,2539929041950953
17:25;38184,0;35740,0;0,22166547708928588
17:30;44429,00787401575;39636,0;0,26511781799198164
17:35;37518,503937007874;33045,0;0,2207664026475919
17:40;37859,629921259846;35842,0;0,22195284967458204
17:45;30408,574803149608;27902,0;0,1793701262088175
17:50;31305,92125984252;29680,0;0,18598912274620302
17:55;30324,0;28983,0;0,1802055258690487
18:00;31626,007874015748;28953,0;0,18732160901919354
18:05;27759,96062992126;24649,0;0,16403164799668507
18:10;29662,87401574803;27921,0;0,17560192205920516
18:15;28286,385826771653;27107,0;0,16765648535513786
18:20;13310,401574803149;12474,0;0,07849599896906603
18:25;0,0;0,0;0,0
