;media%;dp%;por_barra_%
09:00-10:00;16,79768232863822;2,8218111209839774;1,3998068607198517
10:00-11:00;23,42068971764283;3,2662081404721177;1,9517241431369026
11:00-12:00;15,4021320130447;2,2816364893657046;1,2835110010870583
12:00-13:00;9,907373142470515;1,590589908845488;0,8256144285392096
13:00-14:00;7,832351425455205;1,9375151380189397;0,6526959521212671
14:00-15:00;7,943398069455347;2,1554162357885986;0,6619498391212789
15:00-16:00;7,503704593768246;2,0922631276679318;0,6253087161473538
16:00-17:00;6,905276642364357;1,700764848976828;0,5754397201970297
17:00-18:00;3,514284403761285;0,8788232733411857;0,29285703364677373
18:00-18:25;0,7731076633992875;0,20738085510365392;0,12885127723321457
