f,w,t,n,NH,P2A,MFE15,MAE15,MFE30,MAE30,MFE60,MAE60,razao60,Eg1,Eg2
N2,desc,baixo,1938,0.38199254128929144,0.17109634551495018,235.0,250.0,330.0,330.0,445.0,475.0,1.1211596938240538,-18.048503611971103,-30.607843137254903
N2,desc,meio,1937,0.4256130790190736,0.20506776664702417,255.0,240.0,350.0,325.0,510.0,447.5,1.0555555555555556,-10.072276716572018,5.167785234899329
N2,desc,alto,1938,0.37731733914940024,0.1679212507237985,225.0,240.0,310.0,335.0,440.0,485.0,0.6884782608695652,-16.097523219814242,-27.63003095975232
N2,conf,baixo,525,0.3693516699410609,0.15942028985507245,192.5,210.0,270.0,310.0,375.0,405.0,0.8328158586099833,-14.401904761904762,-20.344761904761906
N2,conf,meio,571,0.36531365313653136,0.15728155339805824,215.0,200.0,285.0,285.0,405.0,400.0,0.7931034482758621,-19.84063047285464,-13.544658493870402
N2,conf,alto,673,0.3738019169329074,0.14731369150779897,175.0,220.0,220.0,300.0,330.0,425.0,0.5625644994840041,-27.900445765230312,-39.33432392273403
V2,desc,baixo,1938,0.38355437665782494,0.1726223199560198,235.0,250.0,330.0,335.0,440.0,475.0,1.1409007352941176,-19.249742002063982,-26.695562435500516
V2,desc,meio,1937,0.42349726775956287,0.20353982300884957,255.0,240.0,355.0,320.0,515.0,440.0,1.0683810637054354,-6.666494579246257,4.193082085699535
V2,desc,alto,1938,0.3779355543418897,0.16783216783216784,225.0,240.0,305.0,335.0,440.0,485.0,0.6686274509803921,-18.30030959752322,-30.568111455108358
V2,conf,baixo,525,0.37573385518590996,0.16082474226804125,195.0,210.0,280.0,305.0,380.0,412.5,0.8946508779093507,-15.211428571428572,-22.287619047619046
V2,conf,meio,569,0.36466165413533835,0.1550695825049702,205.0,200.0,255.0,290.0,370.0,402.5,0.7003367003367004,-22.671353251318102,-13.43585237258348
V2,conf,alto,675,0.36908517350157727,0.14821124361158433,175.0,215.0,225.0,300.0,345.0,415.0,0.6360655737704918,-24.86074074074074,-37.83851851851852
D3,desc,baixo,1429,0.3464100666173205,0.16323296354992076,265.0,260.0,350.0,335.0,500.0,455.0,0.9498849131617493,-20.5703289013296,-19.37368789363191
D3,desc,meio,1429,0.3690566037735849,0.13083333333333333,220.0,245.0,320.0,330.0,432.5,450.0,0.6526946107784432,-20.584324702589225,-24.086773967809656
D3,desc,alto,1429,0.45622775800711746,0.23979591836734693,245.0,235.0,325.0,330.0,460.0,460.0,1.2962962962962963,-10.251924422673198,-9.89853044086774
D3,conf,baixo,555,0.34942084942084944,0.14754098360655737,215.0,210.0,285.0,310.0,395.0,415.0,0.7003367003367004,-24.942342342342343,-29.852252252252253
D3,conf,meio,588,0.3516483516483517,0.12550607287449392,172.5,207.5,242.5,310.0,340.0,422.5,0.5357142857142857,-25.166666666666668,-40.88945578231292
D3,conf,alto,613,0.39700996677740863,0.1797945205479452,185.0,210.0,230.0,275.0,350.0,390.0,0.926829268292683,-15.3115823817292,-7.5464926590538335
S1,desc,baixo,1939,0.38395261173936457,0.17386363636363636,277.5,275.0,370.0,380.0,530.0,525.0,0.9384615384615385,-17.423929860752967,-24.914904589994844
S1,desc,meio,1934,0.3896457765667575,0.16695855224751896,230.0,230.0,310.0,310.0,450.0,450.0,0.8409090909090909,-13.375904860392968,-19.226473629782834
S1,desc,alto,1940,0.4110032362459547,0.2020489470688674,215.0,230.0,305.0,310.0,440.0,415.0,1.0275229357798166,-13.418041237113401,-8.948969072164948
S1,conf,baixo,586,0.33511586452762926,0.1638418079096045,190.0,240.0,265.0,335.0,377.5,462.5,0.7132628375214609,-20.540955631399317,-34.98634812286689
S1,conf,meio,707,0.4277016742770167,0.17696160267111852,235.0,210.0,295.0,285.0,410.0,385.0,0.7611940298507462,-1.3507779349363507,-10.876944837340877
S1,conf,alto,476,0.3289760348583878,0.11235955056179775,130.0,180.0,180.0,265.0,230.0,387.5,0.6631299734748011,-51.838235294117645,-35.0735294117647
E2,desc,baixo,1938,0.40495422724824987,0.1824561403508772,225.0,245.0,325.0,330.0,475.0,455.0,0.7416413373860182,-17.30546955624355,-17.73374613003096
E2,desc,meio,1937,0.40700808625336926,0.19525959367945825,250.0,235.0,325.0,335.0,470.0,470.0,1.1286186931348223,-14.1115126484254,-10.817759421786267
E2,desc,alto,1938,0.3724100327153762,0.16533180778032036,245.0,250.0,335.0,335.0,457.5,475.0,0.9484224250325946,-12.803405572755418,-24.526831785345717
E2,conf,baixo,590,0.38461538461538464,0.15369649805447472,175.0,230.0,225.0,325.0,320.0,425.0,0.6216216216216216,-32.76779661016949,-45.42033898305085
E2,conf,meio,517,0.3313253012048193,0.15546218487394958,175.0,215.0,230.0,315.0,315.0,430.0,0.6704545454545454,-28.26305609284333,-26.851063829787233
E2,conf,alto,662,0.3870967741935484,0.15384615384615385,220.0,185.0,287.5,270.0,430.0,375.0,0.8153846153846154,-5.622356495468278,-6.354984894259819
