f,lado,o,n,exc,z,lo,hi,w
N1,baixo,NH,205,0.04991171836278377,1.3597451743846403,-0.06713057844601636,0.15047605481894172,set
N1,baixo,P20,194,0.0417054064222411,1.3326157921867718,-0.057638270927838416,0.15396221279529318,set
N1,baixo,MFE30,210,-3.607438297769196,-0.1039430434784306,-94.41423734696485,109.90695641455683,set
N1,baixo,MAE30,210,-63.178109308881716,-1.795293648790312,-162.1560304740057,66.79374030053366,set
N1,baixo,E_g1,210,10.637824621560934,0.658563418963233,-41.70420514313346,51.99822029827773,set
N1,baixo,E_g2,210,9.1984939809648,0.41232853113422446,-50.008526736263086,61.89953515476544,set
N1,alto,NH,384,0.02762713439714022,1.1855258064977268,-0.027045094522324745,0.09521725379493898,set
N1,alto,P20,352,-0.007609135830989747,-0.38028972060016414,-0.06193863176850943,0.060602121660608826,set
N1,alto,MFE30,401,14.06357943678565,0.6362172260447916,-40.59142006079463,81.01072010800698,set
N1,alto,MAE30,401,-12.742811235185464,-0.49972340508595525,-138.498814043489,120.61137789713469,set
N1,alto,E_g1,403,-5.5478233188362385,-0.5812919313830045,-26.428331101377204,19.130488144916963,set
N1,alto,E_g2,403,-20.17112262493784,-1.5478717576410501,-51.046043470605944,15.079410895868808,set
N2,baixo,NH,310,-0.003967142935471829,-0.10300683032638815,-0.07372558770636094,0.06875651677657256,set
N2,baixo,P20,298,0.03512619587729087,1.1668548913348098,-0.038129200107179004,0.11769306907572857,set
N2,baixo,MFE30,310,5.667647444343475,0.15760214608844017,-70.21879685737312,94.04179014459643,set
N2,baixo,MAE30,310,9.961322828299412,0.2545916931045999,-89.08988562290432,144.31754996993521,set
N2,baixo,E_g1,310,13.49774630714106,0.9146624450224526,-19.941534429543985,47.759661063411656,set
N2,baixo,E_g2,310,17.985003838759887,0.8926530052743439,-21.257263610213172,63.55166738545997,set
N2,alto,NH,311,-0.02672323243777319,-1.096006409112445,-0.07768270835798244,0.03150662175765667,set
N2,alto,P20,278,-0.041708309249276335,-2.098731068362584,-0.09612297765636858,0.02571594369171857,set
N2,alto,MFE30,334,-53.487138558305936,-2.2694596187955884,-104.19786805104077,2.2585777411881054,set
N2,alto,MAE30,334,36.18756112994969,1.3736385098488708,-73.11080436669971,159.25476801016353,set
N2,alto,E_g1,336,-4.8943492966504865,-0.5164925682010822,-32.02262979575737,24.808191596676817,set
N2,alto,E_g2,336,-18.227626637465235,-1.3920821028646717,-56.00302383353222,26.45895240654226,set
V2,baixo,NH,320,0.015310547473292002,0.3748896634160508,-0.059038419601409264,0.09284490066699426,set
V2,baixo,P20,308,0.03892385139780446,1.2085387265559178,-0.030829692801631912,0.11911482966714518,set
V2,baixo,MFE30,323,13.753262438273936,0.37767178595137013,-68.75240973117474,112.52141835609322,set
V2,baixo,MAE30,323,-9.692450194083825,-0.23037599578985163,-108.9446423554136,126.50983352623807,set
V2,baixo,E_g1,323,15.300642474384814,1.0133115191804098,-15.07984706404781,46.244244837746045,set
V2,baixo,E_g2,323,25.121644025046752,1.2499812579740543,-16.36083632662199,74.15600440026127,set
V2,alto,NH,303,-0.007198914140880358,-0.30135043973299297,-0.06086214722535933,0.057608170357572826,set
V2,alto,P20,271,-0.028316842055568454,-1.4789617055239452,-0.07787427257893462,0.03350317950899378,set
V2,alto,MFE30,325,-38.03613421830804,-1.587339691343612,-87.31176494180143,13.892555117467927,set
V2,alto,MAE30,325,24.74912310251129,0.9365338903353848,-90.54744585602168,155.2029129960164,set
V2,alto,E_g1,327,3.343443930042283,0.35955581524254815,-25.788195748138477,34.18741387888324,set
V2,alto,E_g2,327,-6.442637205520429,-0.4958526580289606,-44.197792941487094,38.14549939144467,set
E1,baixo,NH,367,-0.0021944716959331166,-0.09400516860704773,-0.05640258417572031,0.056140887419732714,set
E1,baixo,P20,366,-0.03369155712384519,-1.834181834901621,-0.08827746161085187,0.03567734536114938,set
E1,baixo,MFE30,367,-30.45020644572839,-1.3178365455943262,-93.66926964927093,46.4148195601914,set
E1,baixo,MAE30,367,-12.734517800709302,-0.4641885886500128,-143.00988504342615,141.31685215017484,set
E1,baixo,E_g1,367,1.9797233842499873,0.21015078743210358,-23.302093685793782,31.700277154051346,set
E1,baixo,E_g2,367,8.492642413714028,0.6657459052670123,-20.01619521460938,38.78341637631869,set
E1,alto,NH,242,0.018125691296770177,0.6241578450707279,-0.06298332470890132,0.11202041461888868,set
E1,alto,P20,188,0.00500378528678945,0.1759268491790302,-0.06828418078688983,0.09880026243037807,set
E1,alto,MFE30,292,48.445583197632544,2.2505024324319973,-20.004607069472378,126.19197973528671,set
E1,alto,MAE30,292,8.44235669307377,0.35483172700638405,-53.98796282335712,73.69328725214706,set
E1,alto,E_g1,295,-1.6446869596474545,-0.1575503297426322,-23.712362676517017,18.74416589392625,set
E1,alto,E_g2,295,0.07463523019708962,0.0052313059787517146,-34.30734957616616,40.615371385437626,set
E2,baixo,NH,293,-0.0290951936625026,-0.8109420894147017,-0.09422009609215207,0.047154852170271655,set
E2,baixo,P20,258,-0.03684578134025824,-1.296278051568496,-0.08185436267773316,0.014899004983385946,set
E2,baixo,MFE30,301,-23.801144230524685,-0.7682247756870654,-76.44928584030241,37.59282022909992,set
E2,baixo,MAE30,301,13.033967777539802,0.3745934152383546,-86.66058387222243,132.67891869280496,set
E2,baixo,E_g1,304,-6.259290550148617,-0.4689276362150177,-34.41448144130653,25.32797796877144,set
E2,baixo,E_g2,304,-10.5870678314023,-0.581839821808232,-58.098864287082954,44.164463376956526,set
E2,alto,NH,332,0.030874172457070713,1.0671809025611725,-0.041934010178150974,0.11353127663738402,set
E2,alto,P20,314,0.035598778257590245,1.6306475622675405,-0.027250980763613705,0.10440842731652146,set
E2,alto,MFE30,364,10.576980283837926,0.42213442759127373,-48.62260557370275,71.16802938337032,set
E2,alto,MAE30,364,-23.050917531807244,-0.8534141753438719,-104.88295671107464,84.20993817960259,set
E2,alto,E_g1,365,16.978231452912237,1.6241424189982558,-6.941936969349521,42.36387959199726,set
E2,alto,E_g2,365,17.09448202688435,1.2545932229376378,-19.468711324298585,58.038250195313545,set
S1,baixo,NH,441,-0.011583969026332611,-0.5257974984442657,-0.06215401817662745,0.040148788335322476,set
S1,baixo,P20,410,-0.008616831601608439,-0.454050021492557,-0.0632891947530282,0.04656361346813322,set
S1,baixo,MFE30,470,-38.43969601069824,-1.7768164219670322,-105.69819826777085,28.373860057303368,set
S1,baixo,MAE30,470,33.90754631607517,1.496570367782788,-82.53301767252873,182.84616623082638,set
S1,baixo,E_g1,473,-5.786358407500302,-0.6588427333845823,-28.096400203266366,16.72840555442651,set
S1,baixo,E_g2,473,-14.63516261186776,-1.1114884610141043,-50.3292602996641,23.392880973542095,set
S1,alto,NH,79,-0.028698993381935423,-0.4488055100271075,-0.17533527444472127,0.14982822945317373,set
S1,alto,P20,79,0.030444065827464062,0.5667327874442935,-0.09517603559193873,0.19587412643374255,set
S1,alto,MFE30,80,77.30947792854766,1.231797692525731,-82.28960337176127,272.2035286318663,set
S1,alto,MAE30,80,-111.28906884336175,-1.613167268013061,-234.99036279195775,-6.65057777138408,set
S1,alto,E_g1,80,46.3721051779568,1.7522454825684495,-30.854256790772002,116.2760144852034,set
S1,alto,E_g2,80,56.95310103771538,1.4888781933020208,-47.96936513707999,169.23918595056256,set
S2,baixo,NH,336,-0.010940492931705991,-0.33106731599990274,-0.09468729737528359,0.0936170810015453,set
S2,baixo,P20,309,-0.038122790323048085,-1.4428084371647671,-0.08964201479957601,0.01932873289035423,set
S2,baixo,MFE30,363,-12.94197991957332,-0.4510720788832244,-79.54943076792797,55.850762149303286,set
S2,baixo,MAE30,363,-19.35263315794338,-0.6144878894310148,-136.6285762539093,125.82030430608603,set
S2,baixo,E_g1,366,3.167942692372769,0.25509380328416714,-26.378214372530042,34.153459751986624,set
S2,baixo,E_g2,366,-5.351729944684027,-0.31358489383130905,-48.57788736994187,43.30964341400827,set
S2,alto,NH,256,-0.006426523287726922,-0.20641723327808978,-0.10647672146112191,0.0828248284073653,set
S2,alto,P20,238,-0.01394086672745845,-0.5799152829526871,-0.07243760262199955,0.047286696454563557,set
S2,alto,MFE30,265,-24.56454153810633,-0.8879444960673191,-73.58239866712124,23.79835315949274,set
S2,alto,MAE30,265,23.42263200010176,0.7463024056137662,-99.42152473613622,190.70320594839384,set
S2,alto,E_g1,266,-8.029973885622727,-0.6360927272322162,-38.96595770301899,18.433664606664177,set
S2,alto,E_g2,266,-0.18669256388245614,-0.01120508066561352,-37.611526681101545,39.90303170308975,set
P1,baixo,NH,258,-0.06779260170459772,-2.30408153857068,-0.1374692170011462,0.0002687480849296675,set
P1,baixo,P20,253,-0.030298662132212273,-1.128042093572336,-0.08068878569382555,0.02375840031921835,set
P1,baixo,MFE30,259,-54.57850512329058,-1.7255964139162243,-106.41149356788634,4.622100251836599,set
P1,baixo,MAE30,259,15.729407922206551,0.464257356576718,-108.27933286287947,160.80877222645486,set
P1,baixo,E_g1,261,8.944697464029076,0.6923270784916195,-27.01448444028854,45.8748293911028,set
P1,baixo,E_g2,261,-17.357112746111795,-0.9794108336625312,-68.13711491263574,34.6458989546073,set
P1,alto,NH,342,-0.005315378347835974,-0.18705252134461944,-0.07097803994585739,0.06620553615575671,set
P1,alto,P20,314,-0.02000688610626063,-0.8321586134733937,-0.08052957890531354,0.043854968147348086,set
P1,alto,MFE30,385,-3.0442154552386116,-0.12317131345416094,-58.533070159377445,68.41300181057645,set
P1,alto,MAE30,385,18.066019892890324,0.6258351802687094,-73.4441946546144,124.39056903872277,set
P1,alto,E_g1,386,-3.2526936492025746,-0.3103561095851477,-23.89358276419021,20.364975861647267,set
P1,alto,E_g2,386,-6.58560452751384,-0.45189867617921353,-40.311249893393345,31.676005188615672,set
P2,baixo,NH,253,0.022613823975934966,0.6969140051330626,-0.06867314564127301,0.12984337285607034,set
P2,baixo,P20,248,0.041442349996763404,1.5614449750743162,-0.04588511034128404,0.13625572993680873,set
P2,baixo,MFE30,253,-9.352636094030471,-0.31068100622139805,-84.52833501424261,63.565486561142485,set
P2,baixo,MAE30,253,-37.092908898463314,-1.0213332451586248,-143.7742332609054,84.77044664098057,set
P2,baixo,E_g1,253,26.28804973106839,1.8085428935909504,-14.973892904181291,68.17917034871145,set
P2,baixo,E_g2,253,12.1044286773675,0.5969513247586027,-35.67248329930465,61.790044785244135,set
P2,alto,NH,341,0.004862705279626482,0.1814464227109498,-0.05686624590747673,0.07140992906762238,set
P2,alto,P20,313,-0.023972273246677913,-1.0259822995434957,-0.08648181635025354,0.0452983135223414,set
P2,alto,MFE30,387,12.318002386677119,0.5199925878354094,-47.4125507612355,80.37407812540704,set
P2,alto,MAE30,387,13.870102856802383,0.4907644770465297,-92.68900833204863,148.20600988440404,set
P2,alto,E_g1,388,-0.48264593193162453,-0.046428507849887564,-23.630117873684807,27.113682999422796,set
P2,alto,E_g2,388,-0.41262971728677034,-0.028410727111202603,-38.99697106628637,41.439239825543744,set
D1,baixo,NH,240,-0.03664687093342729,-1.1690044791861198,-0.09650258412207992,0.02381151274087085,set
D1,baixo,P20,223,0.0245578434378316,0.862578660960506,-0.04611197370569922,0.10837199190702781,set
D1,baixo,MFE30,242,-49.521749905201986,-1.6884793555183668,-95.64588646724822,7.484629148557719,set
D1,baixo,MAE30,242,-6.225617208192524,-0.19173557346229894,-124.49924349662881,145.41835902014986,set
D1,baixo,E_g1,245,26.814726670766746,1.9657805403323367,-1.9171678349635362,58.94619610797098,set
D1,baixo,E_g2,245,5.9839551452217385,0.3119294725868582,-42.572386956213975,65.81312878387098,set
D1,alto,NH,356,0.030161360147821913,1.2026360252426267,-0.018288168601729514,0.08591449915312362,set
D1,alto,P20,344,-0.003610292370040784,-0.16922702930251887,-0.060175653455923975,0.0582475039478526,set
D1,alto,MFE30,389,5.9032552298110765,0.27653649622836585,-49.67963702984249,72.71069103522416,set
D1,alto,MAE30,389,13.880997293839599,0.5243563319041767,-119.26255137349412,169.96364744743167,set
D1,alto,E_g1,390,-1.2885169848261384,-0.13091065893797302,-25.9261406345263,21.4716929053229,set
D1,alto,E_g2,390,-6.2759074450057355,-0.4690948454677436,-40.31447010727485,29.267881153558715,set
D2,baixo,NH,244,-0.00330155624003283,-0.09873514668896279,-0.0792605099055532,0.081753322325118,set
D2,baixo,P20,237,0.03795946709028453,1.265998150634515,-0.03831686103904365,0.12969578311970884,set
D2,baixo,MFE30,244,-7.533168046457424,-0.2459926773508258,-75.8649124318579,78.47200594707749,set
D2,baixo,MAE30,244,-25.029342932906843,-0.6884539938886074,-147.62737659845774,129.12882060244655,set
D2,baixo,E_g1,247,32.31483480468096,2.290423685938451,-1.5395961624517838,66.44520160113724,set
D2,baixo,E_g2,247,28.168906074175585,1.389323328395422,-18.437594093510832,75.1274413587355,set
D2,alto,NH,357,0.0271024852713097,1.0486815017512,-0.030696499045162955,0.08675049491166788,set
D2,alto,P20,335,-0.009420826775007461,-0.4360261715904429,-0.06958436464246388,0.05786966161282279,set
D2,alto,MFE30,395,6.048638088687203,0.26454222565943236,-52.23633218904696,69.2033039406462,set
D2,alto,MAE30,395,-12.925454716475407,-0.4558180173535984,-105.06472074541438,97.51522479692618,set
D2,alto,E_g1,396,-2.3705147543685756,-0.23629236699738423,-25.809021494603734,23.148155592864132,set
D2,alto,E_g2,396,-7.227147416331258,-0.5253828420663679,-43.51811283722152,32.687849216424524,set
D3,baixo,NH,314,-0.03134163254665759,-1.261908316205555,-0.09969918552287564,0.04923109467121611,set
D3,baixo,P20,287,-0.0069109404670908234,-0.301016937696813,-0.06709149879082274,0.06611894871486197,set
D3,baixo,MFE30,337,-11.372602228869582,-0.44933322628444283,-81.29865227021405,62.51173701495504,set
D3,baixo,MAE30,337,-10.486773587456437,-0.38928485883039415,-103.33984718493575,116.08561834022622,set
D3,baixo,E_g1,338,12.538330551095273,1.1121999319499634,-7.453954573601122,33.433925230372694,set
D3,baixo,E_g2,338,2.475412470691042,0.1605971828113179,-36.44928899085794,41.87073199833316,set
D3,alto,NH,333,0.031523070924100116,1.0428068633411924,-0.022441239863427536,0.09844967055669744,set
D3,alto,P20,326,-0.011216099935790473,-0.4052679833328825,-0.07598394268469363,0.06199549333209013,set
D3,alto,MFE30,333,-4.960311014571181,-0.1632192950216609,-74.09083574403776,77.16959463380262,set
D3,alto,MAE30,333,-12.034426962163934,-0.38223295505041144,-136.5230835980241,138.26366373546597,set
D3,alto,E_g1,334,1.6191299167935416,0.12028755964407416,-29.211295269950252,33.329505619946055,set
D3,alto,E_g2,334,-18.918590147368263,-1.0215598182967476,-53.77455625953468,23.60535719333593,set
