ticker,final,cagr,sharpe,max_dd,neg_yrs,trades,final_3y,cagr_3y,sharpe_3y,max_dd_3y,neg_yrs_3y
WEGE3.SA,21250.06752633305,0.2020902486491356,0.4673909978512199,-0.4683937896275424,6,5,1835.7044542481487,0.22460064218419817,0.5754177725740305,-0.22338520008685536,1
FRAS3.SA,6668.262203289097,0.12104791671857407,0.2868755801002757,-0.8186161670604701,5,6,1319.8306647364336,0.09698390019926983,0.10070106661743337,-0.27598446231868756,1
GOAU4.SA,2833.5894294347377,0.06473345555041665,0.1141045626195473,-0.8966304796441383,6,16,1365.7526141915832,0.10957054767102692,0.16262097939544198,-0.2565283170510835,2
KEPL3.SA,2462.663886036134,0.05577513815379187,0.07038423475042009,-0.8287168552619049,6,9,601.6133075760662,-0.15590998948968693,-0.7905736231308735,-0.4382486272907573,3
GGBR4.SA,2462.079940983276,0.05576006007231715,0.07516294817047278,-0.8425380365255613,6,13,1295.749526257601,0.09026660379301998,0.0863776191622511,-0.2657360798961276,2
LEVE3.SA,2384.519486399048,0.053726877293058584,0.006458168679414004,-0.5466569047674094,5,4,816.6151103174469,-0.06534274112071126,-0.4978728487283928,-0.4191280415759645,2
USIM5.SA,2265.995140464671,0.05049651276049083,0.14799568367381383,-0.8742532717452747,8,19,815.5269358373023,-0.06575836697263326,-0.25840066287169144,-0.5173233621494517,2
VALE3.SA,2169.083501080076,0.04773494112935972,0.033807901686012574,-0.8568778517086575,8,14,974.5452226692584,-0.008563791896816442,-0.39978797530642485,-0.3722118611095575,2
BRAP4.SA,1806.8968823500554,0.03627063718378465,0.0016819426513028685,-0.9188167330668674,7,19,931.3450951814618,-0.02344548663576229,-0.43013762725872806,-0.3866990688969367,1
FESA4.SA,1491.2341691338231,0.02435709563642874,-0.04609799828977778,-0.6205308017143604,9,11,528.9367229093785,-0.1913918948199571,-0.9784849015627715,-0.5180909296953127,3
CMIN3.SA,1452.1981569090356,0.07058115930829922,0.06679238503734775,-0.5104340995768466,2,3,1193.9868883157433,0.06092357245558255,0.06534002639300895,-0.5102282175173316,2
TUPY3.SA,1185.5828245361372,0.010304692988339248,-0.12861879416289507,-0.6076218177606398,7,7,515.837945649454,-0.19812724253798997,-1.0675092128555554,-0.6229102947517988,3
POMO4.SA,1101.9102071775578,0.005861426032047312,-0.06423308655982539,-0.7584540045612894,9,11,846.7039791918044,-0.053993688375363336,-0.32720256069002934,-0.531092288219585,2
EUCA4.SA,859.8636706219609,-0.009051280530232075,-0.045429711502916664,-0.8703740148208312,8,16,1186.5575000705692,0.05871700933796875,0.03544912688130083,-0.3380874194014004,1
RAPT4.SA,766.0902520641807,-0.015918566306581505,-0.11495436700911377,-0.8317955403164907,9,18,486.50920074517217,-0.21363245871212955,-1.001426032304452,-0.589693483185012,3
ROMI3.SA,741.1803673603841,-0.01787564493125071,-0.050791160048204505,-0.9305593192855567,7,23,375.60827620055136,-0.27864680687909493,-1.8918327543816287,-0.6491073860566454,4
CSNA3.SA,497.5360692591257,-0.04116916765213885,-0.04773378029781577,-0.8911128471343555,9,22,516.8257857756728,-0.19761535092355087,-0.6279306184929871,-0.6956301943528131,2
MYPK3.SA,338.2890386957877,-0.0631878808182702,-0.27555508064017126,-0.8095002228187893,9,13,526.6253795162575,-0.1925722382882089,-0.9706522670337966,-0.5380585097414057,4
