per,escala,ac_favor,ac_contra,ac_nenhum,dif_pp,nulo_dif_media,nulo_dif_dp,p_dif,f_vs_0,nulo_f_vs_0,p_f0,esp_favor,esp_contra,esp_nenhum,nulo_esp_f,nulo_esp_f_p95,n_f,n_c
desc,conc3,13.79890618426588,12.652068126520682,13.495533168599124,1.1468380577451975,-8.796111856976728,2.035667167845083,0.0,0.30337301566675523,-1.8178999778918552,0.0,-5.081081081081081,-18.77536231884058,-9.670883685800604,-58.01946933304947,-52.15593485972953,2405.0,828.0
desc,conc5,13.475997686524002,10.73345259391771,13.495533168599124,2.7425450926062926,-2.8955653752349266,2.6759746831499496,0.0,-0.019535482075122568,-0.7094986226855248,0.125,-8.3478012564249,-35.054577464788736,-9.670883685800604,-47.821324790508406,-37.746242945844145,1751.0,568.0
desc,d_ma10,13.28011611030479,13.73253493013972,13.495533168599124,-0.4524188198349294,0.3157855888871571,0.8192419264895434,0.7916666666666666,-0.21541705829433433,0.14810882473463133,0.7916666666666666,-10.405823148813804,-8.857597454256165,-9.670883685800604,-40.236210116580914,-31.12255915346675,2782.0,2514.0
desc,d_ma20,13.383742911153117,13.608562691131498,13.495533168599124,-0.2248197799783802,0.7528540936368692,0.8240279266201638,0.875,-0.11179025744600668,0.355533483974458,0.875,-9.872938530734633,-9.465753424657533,-9.670883685800604,-38.72852176358095,-33.08605986947423,2668.0,2628.0
desc,d_seq,13.03901437371663,15.909090909090908,13.495533168599124,-2.8700765353742774,1.4215094863301365,1.0904962801127172,1.0,-0.45651879488249336,1.5753813255085969,1.0,-15.12053115423902,10.958030669895077,-9.670883685800604,-28.862401539312014,-15.965759709838142,979.0,1239.0
desc,d_slope,13.646449704142011,13.335940555338288,13.495533168599124,0.3105091488037226,0.7825089088971237,0.8099924708195915,0.625,0.15091653554288598,0.3661996382944271,0.625,-7.638063806380638,-11.828727131179447,-9.670883685800604,-38.52964741243709,-31.928573308388774,2727.0,2569.0
desc,d_wkcur,13.273592831139736,14.235345967386515,13.495533168599124,-0.961753136246779,-1.9737086621262794,1.105547948433586,0.125,-0.22194033745938924,-0.492895342843336,0.20833333333333334,-10.504854368932039,-4.316966242875932,-9.670883685800604,-46.12060643604585,-41.41563643746454,3605.0,2281.0
desc,d_wkprev,14.832190544929627,12.008032128514056,13.495533168599124,2.82415841641557,0.9484423613557759,0.6199463847609107,0.0,1.3366573763305023,0.43048281320857584,0.0,1.6826992103374012,-22.272908366533866,-9.670883685800604,-38.4824566131988,-29.436973407674888,2786.0,2510.0
desc,i_h1,13.50333236742973,13.453650533223954,13.495533168599124,0.04968183420577532,1.1229460690342734,0.851466547395237,0.9583333333333334,0.007799198830604759,0.3800579680940072,0.875,-9.510051694428489,-10.426189507930053,-9.670883685800604,-38.45227789537888,-32.01284977398223,3482.0,2459.0
desc,i_leg,13.74591503267974,11.0055423594616,13.495533168599124,2.74037267321814,-14.178067432718846,1.0576701056386066,0.0,0.2503818640806149,-3.334845177417425,0.0,-7.024316109422492,-31.357311320754718,-9.670883685800604,-71.5243561703634,-68.8743965728627,4935.0,2544.0
desc,i_m15,14.008769905377335,13.479623824451412,13.495533168599124,0.5291460809259241,2.5373992412719093,1.0875020317326238,1.0,0.5132367367782109,0.6105299444412452,0.4583333333333333,-4.406857142857143,-8.413762681958536,-9.670883685800604,-35.98816570105571,-30.20962394231989,4375.0,2267.0
desc,i_open,13.945071322120503,12.939110070257613,13.495533168599124,1.0059612518628913,-8.055463315478258,1.0588029111827932,0.0,0.44953815352137827,-1.55921189301685,0.0,-4.938568714376188,-15.680232558139535,-9.670883685800604,-55.88786030211505,-52.95597055675808,4737.0,1720.0
desc,i_vwap,13.29818394844757,12.143180788400544,13.495533168599124,1.1550031600470259,-9.489704804244292,1.5047755831207406,0.0,-0.19734922015155476,-2.087692547267158,0.0,-11.376575528407988,-20.878651685393258,-9.670883685800604,-60.674744886363506,-57.85048859594852,5157.0,2225.0
conf,conc3,7.4074074074074066,10.975609756097562,12.136862491930279,-3.568202348690154,-15.645546255504698,4.4231976535666675,0.0,-4.729455084522871,-5.701238856894566,0.08333333333333333,-63.89792663476874,-34.90650406504065,-19.414012738853504,-84.08474193649204,-76.11548146155756,627.0,246.0
conf,conc5,9.641255605381167,14.516129032258066,12.136862491930279,-4.874873426876899,-7.717064093602777,5.863802671982738,0.3333333333333333,-2.495606886549112,-4.259926231905777,0.08333333333333333,-43.8141592920354,10.578125,-19.414012738853504,-70.44806908950454,-54.198602652698455,452.0,192.0
conf,d_ma10,10.256410256410255,13.861386138613863,12.136862491930279,-3.6049758822036067,-3.546148505686572,1.9690900833697396,0.5416666666666666,-1.8804522355200222,-1.9092434923233046,0.5416666666666666,-39.53360215053763,-1.291767554479419,-19.414012738853504,-50.67868479179342,-32.516350115376426,744.0,826.0
conf,d_ma20,8.539944903581267,15.309842041312272,12.136862491930279,-6.769897137731004,-5.24653897314811,1.630655540735591,0.875,-3.5969175883490108,-2.959226832035366,0.7916666666666666,-54.63374485596708,11.115338882282996,-19.414012738853504,-59.97951529236087,-43.7046965918537,729.0,841.0
conf,d_seq,10.831234256926953,9.29203539823009,12.136862491930279,1.5391988586968637,-1.2378311654250216,2.57809795308263,0.20833333333333334,-1.3056282350033255,-1.099317010101774,0.4583333333333333,-33.8,-46.01315789473684,-19.414012738853504,-42.38631037149223,-14.121742535487034,400.0,456.0
conf,d_slope,7.639836289222374,16.176470588235293,12.136862491930279,-8.53663429901292,-7.1570840009839545,1.884280116567789,0.7916666666666666,-4.497026202707905,-3.938280087211915,0.7083333333333334,-63.643929058663026,19.320191158900837,-19.414012738853504,-69.24781527968618,-53.680905704637446,733.0,837.0
conf,d_wkcur,13.405088062622308,8.221024258760108,12.136862491930279,5.1840638038622,-2.983353687273093,1.9366584924635193,0.0,1.2682255706920302,-1.1089812629725664,0.0,-6.683301343570058,-56.87231182795699,-19.414012738853504,-40.29237052895842,-27.19232026798842,1042.0,744.0
conf,d_wkprev,9.664948453608249,14.61836998706339,12.136862491930279,-4.953421533455142,-3.3919428152220252,1.3032681546158666,0.9166666666666666,-2.4719140383220304,-1.6967085681781529,0.9166666666666666,-42.76379974326059,3.581542351453856,-19.414012738853504,-48.76589200367869,-36.87182892677704,779.0,791.0
conf,i_h1,14.142427281845539,8.91891891891892,12.136862491930279,5.223508362926618,-0.3416120730070536,1.9386308269546428,0.0,2.0055647899152595,-0.24738817865419857,0.0,0.007874015748031496,-47.79545454545455,-19.414012738853504,-32.13247668919146,-16.822032221979708,1016.0,748.0
conf,i_leg,13.623978201634879,8.51900393184797,12.136862491930279,5.1049742697869105,-10.297601561103516,2.5640138400107095,0.0,1.4871157097046006,-3.059218039515987,0.0,-6.289067739771965,-45.50967741935484,-19.414012738853504,-58.403178751335254,-52.749367904451006,1491.0,775.0
conf,i_m15,12.264860797592174,9.654178674351584,12.136862491930279,2.610682123240589,3.3688299707394407,1.4052783446971884,0.5833333333333334,0.1279983056618958,0.17628274698985114,0.5,-16.57533234859675,-34.19803370786517,-19.414012738853504,-28.472040107121472,-19.760068426845603,1354.0,712.0
conf,i_open,12.603150787696924,10.052910052910052,12.136862491930279,2.550240734786871,-6.0443060160420465,2.288901077537929,0.0,0.4662882957666453,-2.038419734235539,0.0,-15.14760147601476,-36.06631762652705,-19.414012738853504,-49.50475942250926,-42.66988840175369,1355.0,573.0
conf,i_vwap,12.662337662337661,10.875331564986737,12.136862491930279,1.7870060973509239,-7.039033329071333,2.4562541283420085,0.0,0.5254751704073829,-2.5627207709667696,0.0,-14.54638515674984,-34.443857331572,-19.414012738853504,-54.319020728501584,-47.345234140743024,1563.0,757.0
ambos,conc3,12.47498332221481,12.265917602996254,13.18649045521292,0.2090657192185555,-10.34512475640265,2.140564618976645,0.0,-0.7115071329981113,-2.6056245948935204,0.0,-17.24406332453826,-22.470204841713223,-11.89877658025051,-63.08524599561722,-58.91253056500616,3032.0,1074.0
ambos,conc5,12.689655172413794,11.677852348993287,13.18649045521292,1.0118028234205059,-4.037806415234242,2.8670924248636998,0.041666666666666664,-0.4968352827991268,-1.4501228834252036,0.041666666666666664,-15.624602814344076,-23.526315789473685,-11.89877658025051,-52.380735217564315,-45.4891229064016,2203.0,760.0
ambos,d_ma10,12.639405204460965,13.763960156957442,13.18649045521292,-1.124554952496476,-0.6146010641412017,0.5559232511583606,0.75,-0.5470852507519552,-0.29580002347105167,0.75,-16.551900170164494,-6.986526946107785,-11.89877658025051,-42.367793368127415,-35.79454696285635,3526.0,3340.0
ambos,d_ma20,12.34055176505488,14.015702239022973,13.18649045521292,-1.6751504739680927,-0.6706497620578089,0.5720396843839846,0.9583333333333334,-0.8459386901580407,-0.32967183492926583,0.9583333333333334,-19.478657639093317,-4.476217930239262,-11.89877658025051,-42.92832496184845,-35.785402283253624,3397.0,3469.0
ambos,d_seq,12.399708242159008,14.133016627078385,13.18649045521292,-1.7333083849193769,0.7028623558003001,0.8215586346910894,1.0,-0.7867822130539132,0.8962092896374679,1.0,-20.538796229151558,-4.3687315634218296,-11.89877658025051,-32.49338511581795,-24.83414269629703,1379.0,1695.0
ambos,d_slope,12.365434972359617,14.02312481470501,13.18649045521292,-1.6576898423453932,-1.083299279006509,0.6996697458676833,0.875,-0.8210554828533043,-0.5274208809531177,0.875,-19.502890173410403,-4.174104521432766,-11.89877658025051,-44.70492958954384,-37.332479528879595,3460.0,3406.0
ambos,d_wkcur,13.302852166340081,12.75323812686815,13.18649045521292,0.5496140394719323,-2.2200767448794334,0.7018422189853206,0.0,0.11636171112716087,-0.6347125509648756,0.0,-9.647944910695072,-17.242975206611572,-11.89877658025051,-44.773997011024335,-40.196244206965474,4647.0,3025.0
ambos,d_wkprev,13.701719763180154,12.626417407293902,13.18649045521292,1.0753023558862513,-0.08906930088812304,0.524164807055768,0.0,0.5152293079672327,-0.04093268488010426,0.0,-8.02945301542777,-16.077552256891853,-11.89877658025051,-40.69494062349153,-33.53292751056002,3565.0,3301.0
ambos,i_h1,13.64658273381295,12.397734424166142,13.18649045521292,1.2488483096468093,0.7708146979697075,0.6807826269277782,0.25,0.46009227860003,0.23340705136184248,0.20833333333333334,-7.36016007114273,-19.142188961646397,-11.89877658025051,-37.036340995618815,-30.224197658617765,4498.0,3207.0
ambos,i_leg,13.717787554996857,10.428701733049559,13.18649045521292,3.289085821947299,-13.321080645980006,0.960665230568446,0.0,0.5312970997839367,-3.2708814527062042,0.0,-6.853719265483972,-34.66194636938837,-11.89877658025051,-68.493932808817,-66.0764652000581,6426.0,3319.0
ambos,i_m15,13.599434828682444,12.572599931670652,13.18649045521292,1.0268348970117913,2.7307126295241564,0.9249136076600903,0.9583333333333334,0.4129443734695232,0.5107099376085857,0.6666666666666666,-7.28277186245418,-14.576367908694193,-11.89877658025051,-34.25280413197398,-29.805853307525663,5729.0,2979.0
ambos,i_open,13.648424543946932,12.21978021978022,13.18649045521292,1.4286443241667126,-7.553063877806024,1.1216900041535398,0.0,0.46193408873401176,-1.6695884976671806,0.0,-7.209290873276428,-20.774531181857828,-11.89877658025051,-54.42397634404934,-50.84086574353206,6092.0,2293.0
ambos,i_vwap,13.151178501726468,11.82033096926714,13.18649045521292,1.3308475324593283,-8.89379283295031,1.4674806385783652,0.0,-0.03531195348645266,-2.19696945802401,0.0,-12.113839285714286,-24.32226693494299,-11.89877658025051,-59.213373404283594,-56.707575849064476,6720.0,2982.0
