,rf_pool,rf_med,pf,win,jan_pos,pior_liq,seq,pior_ddp,quebra,liq,n,score,final,pos
300,3.2102199223803365,0.536222509702458,1.1751914998764517,23.0188679245283,5,96.0,17,76.04525332021643,False,4963.0,530,5.812,5.875,5.0
400,3.0230733733271804,0.5171526586620926,1.196886364319418,30.0,5,603.0,17,86.1,False,6551.0,530,5.938,6.021,6.0
500,3.58406669754516,1.308256880733945,1.2363902975499481,35.77405857740586,4,-1100.0,17,105.8513750731422,True,7738.0,478,6.312,6.354,7.0
600,2.531465987631866,1.19364161849711,1.2219705910497274,39.34426229508197,4,-1038.0,9,103.59168241965972,True,6959.0,427,6.812,6.542,8.0
700,2.853896103896104,0.514554794520548,1.1860858980126492,42.436974789915965,4,-1025.0,7,101.4188422247446,True,7032.0,476,6.5,6.854,9.0
800,2.811087570621469,0.5024390243902439,1.2131459170013388,44.91150442477876,4,-1092.0,7,106.16208975217683,True,7961.0,452,7.25,6.875,10.0
900,3.1779497098646035,0.41800878477306,1.2278905903240125,46.8384074941452,4,-1191.0,7,115.9432387312187,True,8215.0,427,6.875,5.708,4.0
1000,3.7776337115072933,1.0559947299077734,1.2463639438525282,48.301886792452834,5,459.0,7,99.17718047174986,False,11654.0,530,3.0,4.917,3.0
1200,3.108551593562638,0.8555334658714381,1.2459921090745643,50.11135857461024,4,-1034.0,7,102.0334928229665,True,9851.0,449,4.875,3.167,1.0
1500,8.462574044157243,1.8594507269789984,1.333496031577607,52.45283018867924,5,1015.0,7,85.74777308954525,False,15715.0,530,1.625,3.25,2.0
