serie,rho1_nivel,rho1_delta,rho1_delta_nulo,rho_delta_nivelD-1,nulo
pre_volume,0.5348733280881196,-0.4164053386909699,-0.4734861216660763,-0.482354051927616,-0.6822481495635232
pre_negocios,0.36936460247390895,-0.4344460192553935,-0.48339332242022115,-0.550018051475361,-0.6947557609068955
pre_vn,0.5257235948595769,-0.4484119071357357,-0.48204751759793935,-0.48250121439027693,-0.6904742435736982
pregao_volume,0.3791976002999626,-0.2890138248847926,-0.4700151059907833,-0.5136887889013874,-0.6778404739407574
pregao_negocios,0.7912980877390327,-0.2554039938556067,-0.4761087864823348,-0.25994450693663296,-0.6838782452193477
pregao_vn,0.8152950881139858,-0.29631950844854066,-0.48522057142857133,-0.3296617922759655,-0.6933862437195351
pos_volume,0.39996520424508203,-0.5609831029185867,-0.4634253824884792,-0.4750603300497732,-0.6676385668823505
pos_negocios,0.5342878018457214,-0.5483087520303136,-0.4841685501654587,-0.474179393128143,-0.6958380278413765
pos_vn,0.4882939632545932,-0.5212596006144392,-0.4750372288786482,-0.5241634795650544,-0.6892117105361831
