janela;celula;n;liquido;win;ganho;perda;maxdd;caixa_min
jan-jun;padrao G37;509;2671,5;43,811394891944985;64,23094170403587;-40,74125874125874;847,0;153,0
jan-jun;volume > 3x media;511;2281,5;43,05283757338552;63,731818181818184;-40,34192439862543;979,5;20,5
jan-jun;volume > 1,5x media;573;1860,5;44,153577661431065;52,42094861660079;-35,63125;975,5;24,5
jan-jun;volume > 2x media;526;2677,0;44,48669201520912;60,02136752136752;-38,93150684931507;726,0;274,0
jan-jun;volume < media/2;610;1770,0;47,21311475409836;43,33680555555556;-33,2639751552795;600,5;399,5
jan-jun;volume < media/3;525;2753,5;45,14285714285714;59,381856540084385;-39,30555555555556;742,0;258,0
jan-jun;volume < media/1,5;732;1267,0;50,409836065573764;29,600271002710027;-26,59917355371901;847,5;152,5
jan-jun;volume > 2x, so no lucro;520;2811,0;45,76923076923077;59,9327731092437;-40,61347517730496;686,5;313,5
jul-ago;padrao G37;84;978,0;51,19047619047619;59,52325581395349;-38,573170731707314;216,0;784,0
jul-ago;volume > 1,5x media;104;439,0;46,15384615384615;43,916666666666664;-29,803571428571427;294,5;705,5
jul-ago;volume > 2x media;92;662,0;44,565217391304344;58,47560975609756;-34,029411764705884;351,5;648,5
jul-ago;volume > 3x media;85;908,5;49,411764705882355;59,976190476190474;-37,45348837209303;216,0;784,0
jul-ago;volume < media/1,5;123;361,5;46,34146341463415;28,482456140350877;-19,12121212121212;160,0;840,0
jul-ago;volume < media/2;108;758,0;52,77777777777778;37,71052631578947;-27,284313725490197;227,0;773,0
jan-jun;volume < media/2, so no lucro;571;1588,5;52,01401050788091;41,86026936026936;-39,57664233576642;487,0;513,0
set;padrao G37;84;-324,0;38,095238095238095;66,75;-47,30769230769231;854,0;146,0
jul-ago;volume < media/3;88;950,0;51,13636363636363;56,41111111111111;-36,94186046511628;216,0;784,0
jul-ago;volume > 2x, so no lucro;88;766,0;50,0;55,79545454545455;-38,38636363636363;279,5;720,5
jul-ago;volume < media/2, so no lucro;104;554,0;55,769230769230774;36,96551724137931;-34,56521739130435;234,0;766,0
set;volume > 1,5x media;80;-909,0;33,75;51,870370370370374;-43,575471698113205;1010,0;-10,0
set;volume > 2x media;84;-623,0;34,523809523809526;64,36206896551724;-45,263636363636365;1055,5;-55,5
set;volume > 3x media;84;-324,0;38,095238095238095;66,75;-47,30769230769231;854,0;146,0
set;volume < media/1,5;112;164,0;51,78571428571429;33,36206896551724;-32,7962962962963;378,0;622,0
set;volume < media/2;100;-313,0;45,0;42,32222222222222;-40,31818181818182;649,0;351,0
set;volume < media/3;90;-69,0;44,44444444444444;57,425;-47,32;684,5;315,5
set;volume > 2x, so no lucro;83;-558,5;36,144578313253014;62,8;-46,08490566037736;991,0;9,0
set;volume < media/2, so no lucro;96;-187,0;50,0;42,541666666666664;-46,4375;615,0;385,0
