k_atr;achado;IS;nulo_IS;nulo_IS_sd;OOS;nulo_OOS;nulo_OOS_sd
0,3;pernadas alta/dia (media);1,6603773584905661;1,7495283018867924;0,027345384701541454;1,6324200913242009;1,7331621004566211;0,02797240437424166
0,3;pernadas baixa/dia (media);1,630188679245283;1,7462264150943396;0,01913593715549861;1,6621004566210045;1,7280251141552512;0,037834114108341456
0,3;pernadas total/dia (mediana);3,0;3,0;0,0;3,0;3,0;0,0
0,3;pernadas total/dia (p25);2,0;2,0;0,0;2,0;2,0;0,0
0,3;pernadas total/dia (p75);4,0;4,375;0,4841229182759271;4,0;4,09375;0,24803918541230538
0,3;cruzamentos da abertura/dia (media);2,782389937106918;2,92562893081761;0,0769571773371708;2,189497716894977;2,7896689497716896;0,10915676193919496
0,3;cruzamentos/dia (mediana);2,0;2,125;0,33071891388307384;1,0;2,125;0,33071891388307384
0,3;P(cruzamentos=0);0,23773584905660378;0,19119496855345913;0,016009964857053915;0,3059360730593607;0,1966324200913242;0,01655989049817809
0,3;P(cruzamentos=1);0,16477987421383647;0,17452830188679247;0,013485397259365768;0,1963470319634703;0,18065068493150682;0,012631447475074616
0,3;P(cruzamentos=2);0,15471698113207547;0,1632075471698113;0,010116797447890196;0,1415525114155251;0,1521118721461187;0,012759753941842554
0,3;P(cruzamentos=>=3);0,4427672955974843;0,4710691823899371;0,018009837815441947;0,3561643835616438;0,4706050228310502;0,018316049075022885
0,3;novas maximas (pernadas)/dia;1,0062893081761006;1,0514150943396228;0,02191747199148857;0,9954337899543378;1,065068493150685;0,017350096065719904
0,3;novas minimas (pernadas)/dia;0,9987421383647799;1,0720125786163521;0,018225434126845404;0,9383561643835616;1,0356735159817352;0,018369332239445285
0,3;novas max: % entre 9h-10h;0,09875;0,052812317386060945;0,006809876812163239;0,1559633027522936;0,042147561354405325;0,011263901854380197
0,3;novas max: % entre 10h-12h;0,4125;0,2344298169343616;0,009585741968765578;0,37155963302752293;0,23204129930481707;0,016202773724687723
0,3;novas max: % entre 12h-15h;0,19125;0,30074487910847386;0,014791436234970827;0,26146788990825687;0,30193183982365884;0,01061956864467725
0,3;novas max: % entre 15h-18h;0,22125;0,3383303409278573;0,007413927818101364;0,12614678899082568;0,2922564648735929;0,02855314204048194
0,3;range/ATR (mediana);0,8398154251812788;0,8824914928700558;0,009217663229908583;0,8372890099152319;0,8416384635238394;0,016982831608420224
0,3;P(dia de tendencia: fecha nos 20% do extremo);0,519496855345912;0,5168238993710692;0,016187334098429932;0,4223744292237443;0,4945776255707763;0,015773988134058774
0,3;Spearman(n_pernadas, range/ATR);0,08389736493317418;0,06097292244989549;0,035958084237264924;0,1164690543597926;0,07099691010620979;0,030102076875333245
0,3;Spearman(n_pernadas, |dir|/ATR);-0,12795530523257406;-0,12316582889009794;0,019454505088598906;-0,06570383016397474;-0,06549422716050418;0,03202715039350258
0,3;Spearman(n_up-n_dn, dir/ATR);0,594043795500093;0,5503586835843944;0,020267894191485288;0,5606323085265041;0,5356510169518882;0,02174344424843327
0,3;Spearman(cruzamentos, range/ATR);-0,16609983925296873;-0,2079654446258397;0,023652682614954915;-0,17383308750195736;-0,21821938498905788;0,042591663341171294
0,3;P(tendencia | pernadas<=mediana);0,5456431535269709;0,5706059429507667;0,015149144438302767;0,49236641221374045;0,5304762187837422;0,027428942691162642
0,3;P(tendencia | pernadas>mediana);0,4792332268370607;0,447906161816016;0,027161553989547633;0,3181818181818182;0,44590844847178107;0,020467886564344104
0,3;D-1 n_pernadas -> D range/ATR (Spearman);0,18862719225767313;0,14607809083948145;0,019828301155179015;0,246853566320295;0,15674340354043287;0,030740056258300383
0,3;D-1 cruzamentos -> D range/ATR (Spearman);0,06894160944765285;0,06013233883971044;0,04006458053134491;0,08285908723292788;0,07832384526057211;0,04763879464445578
0,3;D-1 n_pernadas -> D n_pernadas (Spearman);0,115929288021297;0,14889765003120065;0,022022506109017917;0,21080219982303375;0,15988514798293585;0,040800696365636685
0,3;D-1 cruzamentos -> D cruzamentos (Spearman);-0,07076933219668957;-0,001476575803595339;0,01933445163957555;0,003374083964383125;0,018512353077266657;0,06271122975433424
0,3;D-1 n_pernadas -> D |dir|/ATR (Spearman);0,12713875177082315;0,0774794611081151;0,0182782140445833;0,11092533997957771;0,04176177005567938;0,051893157662525634
0,3;D-1 (n_up-n_dn) -> D dir/ATR (Spearman);0,04870491069922444;0,007142464954932716;0,022458971604454907;-0,02529064157369425;-0,02844678639454243;0,03888853196931244
0,3;episodio acima: duracao mediana (min);53,0;56,0;3,1622776601683795;60,0;66,875;2,3551804601770967
0,3;episodio acima: excursao max mediana (ATR);0,18641757056967878;0,18104443212587767;0,006409229833478771;0,21370028933306257;0,1874999988567306;0,0042625383056042075
0,3;episodio acima: pernadas a favor (media);0,6626666666666666;0,6705021227445066;0,01067949192708181;0,7651296829971181;0,6997499113779118;0,012599132746251074
0,3;episodio acima: pernadas contra (media);0,196;0,20657942953780623;0,009118993777085476;0,2968299711815562;0,2303366804519298;0,014947681881569938
0,3;episodio acima: n por dia;1,8867924528301887;1,969182389937107;0,03848830510891638;1,5844748858447488;1,898972602739726;0,06038100621790548
0,3;episodio abaixo: duracao mediana (min);54,0;58,0625;2,0068242947502903;69,0;63,875;3,990222424878092
0,3;episodio abaixo: excursao max mediana (ATR);0,18721128130318504;0,18385754627812503;0,005418603973288095;0,20860052810260277;0,1852173550388263;0,007920824289685033
0,3;episodio abaixo: pernadas a favor (media);0,6648971466489715;0,6848552262588636;0,008483942843901627;0,7425320056899004;0,6830408931149914;0,024529546911944904
0,3;episodio abaixo: pernadas contra (media);0,21632382216323823;0,21962234413116416;0,012556134874701337;0,26173541963015645;0,2144476322089332;0,019197638370919923
0,3;episodio abaixo: n por dia;1,8955974842767296;1,9564465408805032;0,038861296273895646;1,6050228310502284;1,8906963470319633;0,049686228784976263
0,3;cond5 k=1: n eventos (por rep);786,0;887,875;19,36128546868725;463,0;473,625;9,809912079116714
0,3;cond5 k=1: P(nova max/min do dia depois);0,34987277353689566;0,3787108298563573;0,010497309645077573;0,3369330453563715;0,3572023027545139;0,012973725360446216
0,3;cond5 k=1: P(volta ao outro lado da abertura);0,4910941475826972;0,5230312142585568;0,021033686731719084;0,46004319654427644;0,5176811687480102;0,019416190630483582
0,3;cond5 k=2: n eventos (por rep);165,0;194,125;9,143816216438298;110,0;107,5;8,573214099741124
0,3;cond5 k=2: P(nova max/min do dia depois);0,2787878787878788;0,24513853178151562;0,04737557448315121;0,17272727272727273;0,2550776083398324;0,03472443741788056
0,3;cond5 k=2: P(volta ao outro lado da abertura);0,24242424242424243;0,2855689605691655;0,03936471863124139;0,21818181818181817;0,2766182583202258;0,03497887541846139
0,3;cond5 k=3: n eventos (por rep);33,0;35,125;6,899954709996291;16,0;19,0;3,6742346141747673
0,3;cond5 k=3: P(nova max/min do dia depois);0,18181818181818182;0,188962073760506;0,07236134011501143;0,1875;0,2504661367470965;0,05328324500432853
0,3;cond5 k=3: P(volta ao outro lado da abertura);0,12121212121212122;0,21367096649151518;0,07692344770985934;0,125;0,16224724904581717;0,07708625868488586
0,3;cond5 k=>=4: n eventos (por rep);5,0;7,875;3,295356581616017;9,0;11,0;1,7320508075688772
0,3;cond5 k=>=4: P(nova max/min do dia depois);0,0;0,2600784632034632;0,22173389741933838;0,4444444444444444;0,5395833333333333;0,13916408399807384
0,3;cond5 k=>=4: P(volta ao outro lado da abertura);0,2;0,0919237012987013;0,10193376077297522;0,0;0,1143939393939394;0,09906298837481328
