X;Y;n;rho;p_perm;rho_H1;rho_H2;rotulo;q_BH;estavel;abs_rho
preg_vpn[D];preg_vpn[D-1];115;0,8188432099739607;9,999000099990002e-05;0,3927196493234228;0,7005288207297725;preditivo OPERAVEL (pr;0,0005821335674651;True;0,8188432099739607
preg_neg[D];preg_neg[D-1];115;0,7854967253215499;9,999000099990002e-05;0,3753382885458357;0,7162347964040189;preditivo OPERAVEL (pr;0,0005821335674651;True;0,7854967253215499
preg_neg[D-1];preg_vpn[D];115;-0,7640101002130514;9,999000099990002e-05;-0,1945873832666285;-0,709360126916975;preditivo OPERAVEL (pr;0,0005821335674651;True;0,7640101002130514
preg_neg[D];preg_vpn[D-1];115;-0,728501538704332;9,999000099990002e-05;-0,3824280541261673;-0,6391327340031728;preditivo OPERAVEL (pr;0,0005821335674651;True;0,728501538704332
pre_vpn[D];preg_vpn[D];116;0,6744781455426133;9,999000099990002e-05;0,1017316017316017;0,5604442094130089;preditivo OPERAVEL (pr;0,0005821335674651;True;0,6744781455426133
pre_vpn[D];preg_vpn[D-1];115;0,6429732502169967;9,999000099990002e-05;0,1289498761196874;0,4500264410364886;sequencial D-1->D nao-;0,0005821335674651;True;0,6429732502169967
pre_vpn[D];preg_neg[D-1];115;-0,6281464530892449;9,999000099990002e-05;-0,0017914999047074;-0,4851930195663669;sequencial D-1->D nao-;0,0005821335674651;True;0,6281464530892449
pre_vpn[D-1];preg_vpn[D];115;0,6059102027933404;9,999000099990002e-05;0,0386887745378311;0,3719725013220518;preditivo OPERAVEL (pr;0,0005821335674651;True;0,6059102027933404
pre_vol[D];pre_vol[D-1];115;0,6039059417659594;9,999000099990002e-05;0,1385553649704593;0,7377049180327868;sequencial D-1->D nao-;0,0005821335674651;True;0,6039059417659594
preg_vpn[D];pos_neg[D-1];115;-0,6011829887568031;9,999000099990002e-05;-0,2010751510919401;-0,0905736327626468;preditivo OPERAVEL (po;0,0005821335674651;True;0,6011829887568031
pre_vpn[D];preg_neg[D];116;-0,5911967093376389;9,999000099990002e-05;-0,2023809523809524;-0,3506081438392384;preditivo OPERAVEL (pr;0,0005821335674651;True;0,5911967093376389
preg_neg[D];pos_neg[D-1];115;0,5624262655849601;9,999000099990002e-05;0,2523542709665437;0,1116298861735893;preditivo OPERAVEL (po;0,0005821335674651;True;0,5624262655849601
preg_rng[D];preg_vol[D];116;0,5618189612101371;9,999000099990002e-05;0,5533227519996088;0,6607086197778952;contemporaneo (mesma f;0,0005821335674651;True;0,5618189612101371
pre_neg[D];pre_hora_min[D];116;0,5563204789841032;9,999000099990002e-05;0,7201560638440598;0,424497995257997;contemporaneo (mesma f;0,0005821335674651;True;0,5563204789841032
pre_vol[D];pos_vpn[D-1];115;0,5289039690680976;9,999000099990002e-05;0,1497617686296931;0,4169222633527233;sequencial D-1->D nao-;0,0005821335674651;True;0,5289039690680976
pre_vpn[D];pre_vpn[D-1];115;0,5250374812593704;9,999000099990002e-05;-0,1496855345911949;0,4161290322580645;sequencial D-1->D nao-;0,0005821335674651;False;0,5250374812593704
pre_vpn[D-1];preg_neg[D];115;-0,519474473289671;9,999000099990002e-05;-0,0661330283971793;-0,2178212585933368;preditivo OPERAVEL (pr;0,0005821335674651;True;0,519474473289671
pre_vol[D];pre_hora_min[D];116;0,5151410492828856;9,999000099990002e-05;0,668459902556194;0,5068314263236898;contemporaneo (mesma f;0,0005821335674651;True;0,5151410492828856
pre_vol[D];pos_neg[D-1];115;-0,514751786928657;9,999000099990002e-05;-0,1448015593187691;-0,3941698895432829;sequencial D-1->D nao-;0,0005821335674651;True;0,514751786928657
pre_vpn[D];pos_neg[D-1];115;-0,5057787887111076;9,999000099990002e-05;-0,0082732855113672;-0,0751782313993698;sequencial D-1->D nao-;0,0005821335674651;True;0,5057787887111076
