cell,k,out,n,dias,p,base,diff,lo,hi,marg
volRel=vol<0.8 & zProg=z_prog750:1250,2,novaMin,298,37,0.2080536912751678,0.5507969041645028,-0.34274321288933496,-0.49198068153351554,-0.13606868861105906,0.13606868861105906
dVWAPatr=<-1.5 & volRel=vol>1.25,2,novaMin,343,35,0.673469387755102,0.42880552711294123,0.24466386064216078,0.029002141504124355,0.3704402539923121,0.029002141504124355
dVWAPatr=<-1.5 & mom30=m30<=-300,2,novaMin,672,69,0.6726190476190477,0.5063766460458703,0.16624240157317738,0.021800270870844726,0.2751374183669156,0.021800270870844726
gap=gap<-300 & dMaxDia=250:750da_max,2,fechaAcima,878,32,0.7312072892938497,0.487608837032266,0.24359845226158372,0.015610835331246836,0.3815157646063054,0.015610835331246836
volRel=vol>1.25 & zDir=z_alta,2,novaMax,324,47,0.7685185185185185,0.5704326412825269,0.19808587723599158,0.011289787419076765,0.3458479471252386,0.011289787419076765
volRel=vol<0.8,1,novaMin,760,50,0.3447368421052632,0.5263207972189926,-0.18158395511372943,-0.37573008199741914,-0.01013991774564606,0.01013991774564606
volRel=vol>1.25 & nPernadas=3+pern,2,novaMax,333,44,0.7657657657657657,0.5405504901988477,0.225215275566918,0.008756394529841815,0.38482580889976015,0.008756394529841815
dAbertura=<=-750 & volRel=vol>1.25,2,novaMin,364,37,0.6675824175824175,0.4551561428104516,0.21242627477196596,0.008559222063874944,0.34279730977727874,0.008559222063874944
zProg=z_prog>2000 & mom30=m30<=-300,2,novaMin,311,46,0.7170418006430869,0.545264602278882,0.1717771983642049,0.006576868731053745,0.2992083453388809,0.006576868731053745
dAbertura=<=-750 & mom30=m30<=-300,2,novaMin,841,72,0.6801426872770512,0.5580597317645106,0.12208295551254056,0.002037793228900381,0.220526352230859,0.002037793228900381
volRel=vol>1.25,1,novaMax,360,48,0.7694444444444445,0.5601221920593779,0.20932225238506663,0.0019902514428033107,0.3639300355582273,0.0019902514428033107
gap=gap>300 & zDir=z_alta,2,fechaAcima,1753,45,0.3399885909868796,0.48510685193547703,-0.14511826094859742,-0.2808105387856987,-0.0016814293505981895,0.0016814293505981895
